facility_uuid,state,lga,facility,package,workbook_readiness,dashboard_readiness,power_fix,connectivity_fix
d25acb82-e715-4332-a882-77fd3aa55ec6,anambra,orumba_south,umunze_maternal_and_child_health,Full solar system only,Not ready,Ready,Full solar system,
a5e76f93-0127-41dd-b113-2c3bc2f072b2,anambra,awka_south,isiakpu_health_post,Full solar system only,Not ready,Moderately ready,,Router
f62188b3-ab16-4eb9-a1a7-fe0b4c1b601a,akwa_ibom,eastern_obolo,emereoko_health_centre,Full solar system only,Not ready,Moderately ready,,Router
76745ded-51f8-49bc-8a8a-b1faf49cd81b,akwa_ibom,eastern_obolo,amauka_primary_health_centre,Full solar system only,Not ready,Moderately ready,Full solar system,Router
e8ada84b-3ad4-44dd-a228-70528a2d5d59,akwa_ibom,eastern_obolo,elekpon_health_post,Full solar system only,Not ready,Moderately ready,Full solar system,Router
ef9a86ca-0168-48af-bed5-7179e3bc9e78,akwa_ibom,eastern_obolo,amadaka_primary_health_centre,Full solar system only,Not ready,Moderately ready,Full solar system,Router
a5a00834-529a-4e6b-a25e-9430828de07e,akwa_ibom,ibeno,itak_abasi_health_centre,Router only,Ready,Moderately ready,Full solar system,Router
a5a00834-529a-4e6b-a25e-9430828de07e,akwa_ibom,ibeno,itak_abasi_health_centre,Full solar system only,Not ready,Moderately ready,Full solar system,Router
9f4141f8-18c6-4ae0-8452-027375207d64,akwa_ibom,ibeno,ndito_eka_iba_health_centre,Full solar system only,Not ready,Moderately ready,Full solar system,Router
d81aa8cd-fb0e-4933-a0fd-51e76b8c58e3,akwa_ibom,ibeno,atia_health_centre,Full solar system only,Not ready,Moderately ready,Full solar system,Router
2baae274-561e-4ef4-a9e7-5bf8eed5b758,akwa_ibom,ibeno,opolom_health_centre,Full solar system only,Not ready,Moderately ready,Full solar system,Router
3b34a5ce-1aef-4099-86b9-55c09ca02d40,niger,rijau,ruth_j_ayuba_primary_health_centre,Full solar system only,Not ready,Moderately ready,,Router
b0524271-695d-4d95-999d-ba7e17357a25,lagos,epe,owu_primary_health_centre_epe,Router only,Ready,Moderately ready,Full solar system,Router
b0524271-695d-4d95-999d-ba7e17357a25,lagos,epe,owu_primary_health_centre_epe,Full solar system only,Not ready,Moderately ready,Full solar system,Router
78a20b2d-fd3c-456e-a08f-9b8ef0f6a30e,rivers,degema,bakana_primary_health_centre,Router only,Ready,Moderately ready,Full solar system,Router
e09b97b8-9af1-49cd-b6c6-ee43dfce23c7,imo,nkwerre,amaopara_health_centre,Router only,Ready,Moderately ready,Full solar system,Router
e09b97b8-9af1-49cd-b6c6-ee43dfce23c7,imo,nkwerre,amaopara_health_centre,Full solar system only,Not ready,Moderately ready,Full solar system,Router
daad50d1-c779-44b7-b2b8-24bb33babe06,kano,kiru,badafi_health_post,Full solar system only,Not ready,Moderately ready,,Router
844c9070-7da0-45b6-a477-4cdcc080476a,lagos,ibeju_lekki,orimedu_primary_health_centre,Full solar system only,Not ready,Moderately ready,Full solar system,Router
09f40cd2-71d8-4b19-bd87-c585d251eb8a,rivers,asari_toru,ifoko_health_centre,Full solar system only,Not ready,Moderately ready,Full solar system,Router
99c8d4dc-d37f-4d79-925e-81f7176ee7e0,kano,dawakin_tofa,tumfafi_health_clinic,Full solar system only,Not ready,Moderately ready,Full solar system,Router
a6a0c6ab-2ad0-4617-876e-b376d4074e75,rivers,asari_toru,angulama_health_centre,Router only,Ready,Moderately ready,Full solar system,Router
a6a0c6ab-2ad0-4617-876e-b376d4074e75,rivers,asari_toru,angulama_health_centre,Full solar system only,Not ready,Moderately ready,Full solar system,Router
268222d6-85f2-4a28-b18b-b81cfd5881bc,imo,isu,maternal_and_child_health,Router only,Ready,Moderately ready,Full solar system,
268222d6-85f2-4a28-b18b-b81cfd5881bc,imo,isu,maternal_and_child_health,Full solar system only,Not ready,Ready,Full solar system,
9157f416-05be-44ef-8fa9-29e43c2ccc69,imo,isu,isu_obishi_primary_health_centre,Router only,Ready,Moderately ready,Full solar system,Router
9157f416-05be-44ef-8fa9-29e43c2ccc69,imo,isu,isu_obishi_primary_health_centre,Full solar system only,Not ready,Moderately ready,Full solar system,Router
0de640bf-2283-4244-a26b-39bb85b7677f,anambra,oyi,ifite_ogbunike_primary_health_centre,Full solar system only,Not ready,Moderately ready,,Router
7e8fa72b-1dbb-4d64-9b26-7d47dc6e0217,rivers,akuku_toru,abonnema_primary_health_centre,Full solar system only,Not ready,Moderately ready,,FibreX
2fead5d6-1003-411b-854f-f91986ea5a20,rivers,akuku_toru,obonoma_primary_health_centre,Full solar system only,Not ready,Moderately ready,Full solar system,FibreX
08579883-ae6d-4565-9c26-83f881ef0ab9,rivers,degema,degema_primary_health_centre,Full solar system only,Not ready,Moderately ready,,Router
bef5407d-eff0-4a63-a48f-06871ee37145,rivers,degema,usokun_primary_health_centre,Full solar system only,Not ready,Moderately ready,,Router
42b0b7b3-c80e-47ed-9445-fd829dc32d15,akwa_ibom,ukanafun,idung_nneke_health_post,Full solar system only,Not ready,Moderately ready,Full solar system,Router
d79deb4f-bb84-4a9e-8a59-392d5a804793,akwa_ibom,ukanafun,ikot_udo_ossiom_health_centre,Router only,Ready,Moderately ready,Full solar system,Router
d79deb4f-bb84-4a9e-8a59-392d5a804793,akwa_ibom,ukanafun,ikot_udo_ossiom_health_centre,Full solar system only,Not ready,Moderately ready,Full solar system,Router
2decd200-a1ed-42e0-991c-2e2a7ffcb511,akwa_ibom,ukanafun,ikot_unah_health_centre,Router only,Ready,Moderately ready,Full solar system,Router
2decd200-a1ed-42e0-991c-2e2a7ffcb511,akwa_ibom,ukanafun,ikot_unah_health_centre,Full solar system only,Not ready,Moderately ready,Full solar system,Router
b2862d74-c5f3-41d3-88c2-da6704cdc6e5,akwa_ibom,ukanafun,ikot_idiong_health_post,Full solar system only,Not ready,Moderately ready,Full solar system,Router
9f92983d-460f-4882-8f93-61c4a651f344,bauchi,tafawa_balewa,kundum_primary_health_centre_tb,Full solar system only,Not ready,Moderately ready,,Router
6f539e88-71b7-4d58-a94e-1d0dd8e83dbe,kano,danbatta,women_center_clinic,Full solar system only,Not ready,Moderately ready,,Router
f8ca49e4-31dc-46f2-ab6a-ce763fd24a73,imo,ngor_okpala,nguru_health_centre,Router only,Ready,Moderately ready,Full solar system,Router
f8ca49e4-31dc-46f2-ab6a-ce763fd24a73,imo,ngor_okpala,nguru_health_centre,Full solar system only,Not ready,Moderately ready,Full solar system,Router
56733ac1-a6c0-4011-8b77-8e7a5cfe216e,anambra,nnewi_south,ezinifite_primary_health_centre,Full solar system only,Not ready,Moderately ready,Full solar system,Router
df5dc985-21c5-4b45-a877-8e704e16c532,rivers,obioakpor,rumuokwurushi_primary_health_centre,Full solar system only,Not ready,Ready,,
2c38d098-5e6d-4ef7-ad4b-1064105a640f,lagos,ojo,imude_primary_health_centre,Router only,Ready,Moderately ready,Full solar system,Router
2c38d098-5e6d-4ef7-ad4b-1064105a640f,lagos,ojo,imude_primary_health_centre,Full solar system only,Not ready,Moderately ready,Full solar system,Router
3084b06d-161e-40b0-bb8b-62107417535b,lagos,ojo,kemberi_primary_health_centre,FibreX only,Ready,Moderately ready,,Router
3084b06d-161e-40b0-bb8b-62107417535b,lagos,ojo,kemberi_primary_health_centre,Full solar system only,Not ready,Moderately ready,,Router
997dad3c-e809-4ee9-8513-73f8e2aa016f,lagos,ojo,okokomaiko_primary_health_centre,Router only,Ready,Moderately ready,Full solar system,Router
997dad3c-e809-4ee9-8513-73f8e2aa016f,lagos,ojo,okokomaiko_primary_health_centre,Full solar system only,Not ready,Moderately ready,Full solar system,Router
63cc6764-e23c-4f39-8222-c64561eac3ec,rivers,abuaodual,otapha_primary_health_centre,Router only,Ready,Moderately ready,Solar top-up,Router
57fa2bc7-e921-4640-940d-005835245ee9,rivers,ogbaegbemandoni,aggah_primary_health_centre,Full solar system only,Not ready,Moderately ready,,Router
7e9e5de2-6bea-4f28-aaf8-6c2c0b6ec45f,lagos,surulere,coker_aguda_primary_health_centre,Full solar system only,Not ready,Moderately ready,,Router
f57b0706-e80d-4c83-9368-a6c17e04cb08,lagos,surulere,airways_primary_health_centre,Full solar system only,Not ready,Moderately ready,,Router
f2745e58-51ff-46d6-88ed-7ff61781c471,rivers,obioakpor,rumueme_primary_health_centre,Full solar system only,Not ready,Ready,,
1f12d336-dc60-4bbb-8c3e-50beed8bebd4,rivers,obioakpor,rumuodumaya_primary_health_centre,Full solar system only,Not ready,Moderately ready,,Router
b4955c33-c499-4abd-9dfa-4dd53e2ed48b,lagos,ifako_ijaiye,ilo_ajegunle_primary_health_centre,Router only,Ready,Moderately ready,Full solar system,Router
b4955c33-c499-4abd-9dfa-4dd53e2ed48b,lagos,ifako_ijaiye,ilo_ajegunle_primary_health_centre,Full solar system only,Not ready,Moderately ready,Full solar system,Router
02dfdabb-8f36-44bd-acdd-3bb96726fdf7,lagos,mushin,igbo_owu_health_centre,FibreX only,Ready,Moderately ready,,Router
02dfdabb-8f36-44bd-acdd-3bb96726fdf7,lagos,mushin,igbo_owu_health_centre,Full solar system only,Not ready,Moderately ready,,Router
0b1ea5e5-7608-47d8-8502-5a8012f0cc67,lagos,mushin,itire_ijesha_primary_health_centre,FibreX only,Ready,Moderately ready,,Router
0b1ea5e5-7608-47d8-8502-5a8012f0cc67,lagos,mushin,itire_ijesha_primary_health_centre,Full solar system only,Not ready,Moderately ready,,Router
f1953309-83d8-4f80-bb2f-78240615678e,lagos,ifako_ijaiye,ojokoro_primary_health_centre,Full solar system only,Not ready,Moderately ready,,Router
108187db-584a-4379-b012-7d57d1843704,lagos,ifako_ijaiye,isokan_primary_health_centre,Full solar system only,Not ready,Moderately ready,,Router
c0e73c62-7a15-4086-8a46-7467387f9371,lagos,eti_osa,igbo_efon_primary_health_centre,FibreX only,Ready,Moderately ready,,Router
c0e73c62-7a15-4086-8a46-7467387f9371,lagos,eti_osa,igbo_efon_primary_health_centre,Full solar system only,Not ready,Moderately ready,,Router
1dfda948-fb73-4be6-b298-4b254cad648f,niger,gbako,koma_primary_health_centre,Full solar system only,Not ready,Moderately ready,Full solar system,Router
84ffdf5f-bcaf-44cd-a2b4-3f04ec20abbd,lagos,ojo,ira_health_post,Router only,Ready,Moderately ready,Full solar system,Router
84ffdf5f-bcaf-44cd-a2b4-3f04ec20abbd,lagos,ojo,ira_health_post,Full solar system only,Not ready,Moderately ready,Full solar system,Router
acb50ed9-f268-478e-af17-ccdff490f26c,rivers,obioakpor,obio_cottage_hospital,Full solar system only,Not ready,Ready,,
8e7decfa-3b97-41bf-8598-f4ebff0ae480,rivers,obioakpor,elelenwo_fsp,Full solar system only,Not ready,Moderately ready,,FibreX
f29d8b59-b20e-4698-8cac-1c47a87010b3,rivers,eleme,eteo_primary_health_centre,FibreX only,Ready,Moderately ready,,Router
f29d8b59-b20e-4698-8cac-1c47a87010b3,rivers,eleme,eteo_primary_health_centre,Full solar system only,Not ready,Moderately ready,,Router
2a31d848-cc78-40ed-86fb-11b0d3404a93,rivers,eleme,agbonchia_primary_health_centre,Full solar system only,Not ready,Ready,,
bc56ffb9-b081-41c5-b23e-23b58bb08fbc,rivers,obioakpor,iriebe_primary_health_centre,Full solar system only,Not ready,Moderately ready,,Router
3e5e7331-e85d-4a7d-a7ec-e320d9c0dcb2,lagos,mushin,ajeabo_primary_health_centre,Full solar system only,Not ready,Ready,,
df98311b-94a2-4c8e-8d64-1d68d279d864,lagos,mushin,anikulapo_primary_health_centre,FibreX only,Ready,Moderately ready,,Router
df98311b-94a2-4c8e-8d64-1d68d279d864,lagos,mushin,anikulapo_primary_health_centre,Full solar system only,Not ready,Moderately ready,,Router
bf4cb997-97f9-44a3-a0c1-608d4ae3f25b,lagos,mushin,coker_primary_health_centre,FibreX only,Ready,Moderately ready,,Router
bf4cb997-97f9-44a3-a0c1-608d4ae3f25b,lagos,mushin,coker_primary_health_centre,Full solar system only,Not ready,Moderately ready,,Router
cd4d7dbf-8f7e-4ad4-843e-2e8e54d7ffc8,lagos,ajeromi_ifelodun,oridilu_primary_health_centre,FibreX only,Ready,Moderately ready,,Router
099ad962-dda7-43e0-8926-f45ba222d5a8,imo,obowo,achara_primary_health_centre,Full solar system only,Not ready,Moderately ready,Full solar system,Router
a4c113e5-e845-402e-bbf4-a65099e964a7,lagos,amuwo_odofin,bola_ahmed_tinubu_primary_health_centre,FibreX only,Ready,Moderately ready,,Router
a4c113e5-e845-402e-bbf4-a65099e964a7,lagos,amuwo_odofin,bola_ahmed_tinubu_primary_health_centre,Full solar system only,Not ready,Moderately ready,,Router
b6df695e-f10d-4f22-ae53-64301e26fcde,lagos,oshodi,ajao_primary_health_centre,Full solar system only,Not ready,Moderately ready,,Router
0c2d6c0f-acc4-47af-9108-a0868a634d20,lagos,surulere,baruwa_primary_health_centre_surulere,Full solar system only,Not ready,Moderately ready,,Router
27e65b2c-5459-47bd-883e-1e6c6fb489de,lagos,surulere,anjorin_primary_health_centre,FibreX only,Ready,Moderately ready,,Router
52b9f360-0b37-4c73-87ad-176736cc2ace,lagos,oshodi,mafoluku_primary_health_centre,Full solar system only,Not ready,Moderately ready,,Router
6b359d08-b1dc-4774-a58d-3256b5b7c2ea,lagos,lagos_mainland,otto_primary_health_centre,Full solar system only,Not ready,Ready,,
197f43c9-fd98-47b6-85eb-eed35fb05a49,lagos,oshodi,ewutuntun_primary_health_centre,Full solar system only,Not ready,Moderately ready,,Router
5698627f-a0e7-4301-8811-b3113ed3af9f,lagos,lagos_mainland,aiyetoro_primary_health_centre,Router only,Ready,Moderately ready,Full solar system,Router
5698627f-a0e7-4301-8811-b3113ed3af9f,lagos,lagos_mainland,aiyetoro_primary_health_centre,Full solar system only,Not ready,Moderately ready,Full solar system,Router
4114c176-5fca-40ae-ad1e-a69940dcec8b,lagos,oshodi,shogunle_primary_health_centre,Full solar system only,Not ready,Moderately ready,,Router
387f47f1-ab1d-48e5-916d-d57854bb7f4c,lagos,amuwo_odofin,kirikiri_health_post,FibreX only,Ready,Moderately ready,,Router
387f47f1-ab1d-48e5-916d-d57854bb7f4c,lagos,amuwo_odofin,kirikiri_health_post,Full solar system only,Not ready,Moderately ready,,Router
7fdf0ee9-8f94-4446-9c40-c7c6a07af86a,lagos,lagos_mainland,otumara_primary_health_centre,FibreX only,Ready,Moderately ready,,Router
7fdf0ee9-8f94-4446-9c40-c7c6a07af86a,lagos,lagos_mainland,otumara_primary_health_centre,Full solar system only,Not ready,Moderately ready,,Router
6690f033-948c-4a4f-b8bb-d71a6c735b18,lagos,ikeja,bola_ahmed_tinubu_former_alade_primary_health_centre,Full solar system only,Not ready,Moderately ready,,Router
1a94cdb7-c783-461c-8f19-9e09f98a44c7,lagos,amuwo_odofin,mile_2_primary_health_centre,Router only,Ready,Moderately ready,Full solar system,Router
1a94cdb7-c783-461c-8f19-9e09f98a44c7,lagos,amuwo_odofin,mile_2_primary_health_centre,Full solar system only,Not ready,Moderately ready,Full solar system,Router
54ae7916-be3b-4e03-a2bd-bd1c3ab38883,imo,obowo,ehume_health_clinic,Router only,Ready,Moderately ready,Full solar system,Router
54ae7916-be3b-4e03-a2bd-bd1c3ab38883,imo,obowo,ehume_health_clinic,Full solar system only,Not ready,Moderately ready,Full solar system,Router
9cc7485c-ca03-4535-8582-b7c384ca622e,imo,obowo,umunachi_health_centre,Full solar system only,Not ready,Moderately ready,Full solar system,Router
66123277-1f66-44bc-98d3-37b1af602525,imo,obowo,umungwa_health_clinic,Full solar system only,Not ready,Moderately ready,Full solar system,Router
26503471-b263-45b9-bce2-4a31822cde13,lagos,shomolu,eva_adelaja_primary_health_centre,Router only,Ready,Moderately ready,Full solar system,Router
35353514-7f56-4cc6-96d7-5ef7154151fb,lagos,shomolu,ashogbon_primary_health_centre,FibreX only,Ready,Moderately ready,,Router
35353514-7f56-4cc6-96d7-5ef7154151fb,lagos,shomolu,ashogbon_primary_health_centre,Full solar system only,Not ready,Moderately ready,,Router
13e27150-6b5b-4571-b5cb-e95c14cabee6,imo,obowo,umuokeh_primary_health_centre,Router only,Ready,Moderately ready,Full solar system,Router
13e27150-6b5b-4571-b5cb-e95c14cabee6,imo,obowo,umuokeh_primary_health_centre,Full solar system only,Not ready,Moderately ready,Full solar system,Router
c3280719-32e6-4544-a879-92e564c12ab3,imo,obowo,nysc_achingali_primary_health_centre,Full solar system only,Not ready,Moderately ready,Full solar system,Router
809e94a1-3ef2-4ea5-ac2b-cd034982e9a4,lagos,ajeromi_ifelodun,ibafon_primary_health_centre,Full solar system only,Not ready,Ready,,
be9fd872-a809-4161-8d9c-00801e6b509f,lagos,ajeromi_ifelodun,tolu_primary_health_centre,Full solar system only,Not ready,Moderately ready,,FibreX
c72b8b70-a091-4f5e-8a0a-93ab94850534,lagos,ajeromi_ifelodun,amukoko_primary_health_centre,FibreX only,Ready,Moderately ready,,Router
257bf190-1084-4045-855b-fa6434c3a0c5,lagos,ajeromi_ifelodun,layeni_primary_health_centre,Full solar system only,Not ready,Moderately ready,Full solar system,FibreX
92c7881f-0a89-4e05-aab2-bfcd26abb380,lagos,alimosho,baruwa_primary_health_centre,FibreX only,Ready,Moderately ready,,Router
92c7881f-0a89-4e05-aab2-bfcd26abb380,lagos,alimosho,baruwa_primary_health_centre,Full solar system only,Not ready,Moderately ready,,Router
b6d500e2-f96c-4293-8e78-f4dc306e7e9e,lagos,ikorodu,odo_nla_primary_health_centre,Full solar system only,Not ready,Moderately ready,,Router
269af3ad-2563-4277-88d5-3b9ae25d04cf,lagos,ikorodu,agbede_primary_health_centre,Full solar system only,Not ready,Moderately ready,,Router
27dd78de-30c6-4d4d-8cdd-a5ecd2b436b9,imo,obowo,ogbotukwu_primary_health_centre,Full solar system only,Not ready,Moderately ready,,Router
73ed3cbd-6eab-4c0b-b090-a00620383c21,imo,ihitte_uboma,isinweke_primary_health_centre,Full solar system only,Not ready,Moderately ready,Full solar system,Router
6043027b-5494-40be-b09c-de261bcf4c28,imo,ihitte_uboma,ikperejere_primary_health_centre,Full solar system only,Not ready,Moderately ready,Full solar system,Router
21b4e632-70a1-4074-8f96-bc6b6c1ff8d4,imo,obowo,odenkume_primary_health_centre,Full solar system only,Not ready,Moderately ready,Full solar system,Router
bf3dca86-cc08-439d-8cfa-65baca153830,imo,ideato_north,akpulu_primary_health_centre,Router only,Ready,Moderately ready,Full solar system,Router
bf3dca86-cc08-439d-8cfa-65baca153830,imo,ideato_north,akpulu_primary_health_centre,Full solar system only,Not ready,Moderately ready,Full solar system,Router
8374adbd-2dcc-4e54-a1ba-1424a7f97602,lagos,oshodi,dauda_ilo_primary_health_centre,Router only,Ready,Moderately ready,Full solar system,Router
8374adbd-2dcc-4e54-a1ba-1424a7f97602,lagos,oshodi,dauda_ilo_primary_health_centre,Full solar system only,Not ready,Moderately ready,Full solar system,Router
162d0ddc-5c07-43e8-9516-766dadea5d12,lagos,surulere,iponri_primary_health_centre,Router only,Ready,Moderately ready,Full solar system,Router
162d0ddc-5c07-43e8-9516-766dadea5d12,lagos,surulere,iponri_primary_health_centre,Full solar system only,Not ready,Moderately ready,Full solar system,Router
18ec6765-c4e7-445f-8d57-78d4936d97a8,lagos,oshodi,jakande_primary_health_centre,Router only,Ready,Moderately ready,Full solar system,Router
18ec6765-c4e7-445f-8d57-78d4936d97a8,lagos,oshodi,jakande_primary_health_centre,Full solar system only,Not ready,Moderately ready,Full solar system,Router
187dc31e-913c-48fc-a198-efee5e3e252a,lagos,apapa,nanti_primary_health_centre,Full solar system only,Not ready,Moderately ready,,Router
108011be-c4d5-4e63-a7f7-303a8bb7d22c,lagos,oshodi,ishaga_primary_health_centre,Router only,Ready,Moderately ready,Full solar system,Router
108011be-c4d5-4e63-a7f7-303a8bb7d22c,lagos,oshodi,ishaga_primary_health_centre,Full solar system only,Not ready,Moderately ready,Full solar system,Router
f228331c-923a-4adc-994d-79adcd5ee5d0,lagos,ikeja,ogba_primary_health_centre,Full solar system only,Not ready,Moderately ready,,Router
69196c1f-3fff-405f-9919-bb1a3b83fd2a,imo,ideato_north,ozuomee_primary_health_centre,Router only,Ready,Moderately ready,Full solar system,Router
69196c1f-3fff-405f-9919-bb1a3b83fd2a,imo,ideato_north,ozuomee_primary_health_centre,Full solar system only,Not ready,Moderately ready,Full solar system,Router
f6a629d4-3f41-4f3f-b6be-c3f98ca44db0,lagos,oshodi,isolo_primary_health_centre,Full solar system only,Not ready,Moderately ready,,Router
e8c1303a-6eeb-4c2a-a826-6b3c76035884,bauchi,warji,t_wada_primary_health_centre,Full solar system only,Not ready,Moderately ready,,Router
d0befa51-7a59-4984-881c-35ad5fd763f7,rivers,oyigbo,umuagbai_model_primary_health_centre,Full solar system only,Not ready,Moderately ready,,Router
df63ddf1-b890-4980-bc3f-da7e405bc996,rivers,obioakpor,ozuoba_primary_health_centre,Full solar system only,Not ready,Ready,,
f4a7c759-a2ba-41ef-99ef-bb982989409d,lagos,ikorodu,imota_primary_health_centre,Full solar system only,Not ready,Moderately ready,,Router
a2f9ed98-213c-4eb6-b50c-d45c63ad6453,lagos,ikorodu,parafa_primary_health_centre,Full solar system only,Not ready,Moderately ready,,Router
10f833af-4b82-4bbf-a851-3285815a56a0,lagos,ikorodu,oke_eletu_primary_health_centre,Full solar system only,Not ready,Moderately ready,,Router
a72342c7-5f88-4559-a9d3-a38e125af6b4,lagos,ikorodu,ijede_primary_health_centre,Full solar system only,Not ready,Moderately ready,,Router
5db83953-0cc2-458a-92f9-bcfec945c647,lagos,ikorodu,ipakodo_primary_health_centre,Full solar system only,Not ready,Moderately ready,,Router
16b32fbf-7b24-433f-a2b5-07ece58537c0,lagos,ikorodu,majidun_primary_health_centre,Full solar system only,Not ready,Moderately ready,,Router
be70dee6-8f5b-45c5-b43d-bf4f6d6eff61,lagos,shomolu,wright_primary_health_centre,Router only,Ready,Moderately ready,Full solar system,Router
a7f48500-757f-4389-ae4d-b855fa12d41f,lagos,shomolu,bajulaiye_primary_health_centre,Router only,Ready,Moderately ready,Full solar system,Router
5dd0477e-cf5e-4e63-a340-6843ce3675c8,lagos,lagos_mainland,ondo_st_west_primary_health_centre,Full solar system only,Not ready,Moderately ready,,Router
1c99a443-8e60-415a-aa78-ffd47743415a,lagos,alimosho,isefun_primary_health_centre,FibreX only,Ready,Moderately ready,,Router
1c99a443-8e60-415a-aa78-ffd47743415a,lagos,alimosho,isefun_primary_health_centre,Full solar system only,Not ready,Moderately ready,,Router
29cc08b3-1b12-40c9-8e21-0870f50294fa,lagos,alimosho,aboru_primary_health_centre,Router only,Ready,Moderately ready,Full solar system,Router
29cc08b3-1b12-40c9-8e21-0870f50294fa,lagos,alimosho,aboru_primary_health_centre,Full solar system only,Not ready,Moderately ready,Full solar system,Router
c5907b84-e074-4bcf-8307-4a435944cdc4,lagos,lagos_mainland,iwaya_primary_health_centre,Full solar system only,Not ready,Ready,,
0932e587-6060-43ff-bea9-085d7eebaffd,akwa_ibom,obot_akara,obot_akara_health_centre,Full solar system only,Not ready,Moderately ready,Full solar system,Router
9b7b68db-23f0-45f3-a8b3-3f33e1e6f949,lagos,agege,dopemu_primary_health_centre,Router only,Ready,Moderately ready,Full solar system,Router
9b7b68db-23f0-45f3-a8b3-3f33e1e6f949,lagos,agege,dopemu_primary_health_centre,Full solar system only,Not ready,Moderately ready,Full solar system,Router
84a1f959-7479-4cea-9e9d-46342ecdebf1,rivers,bonny,peterside_primary_health_centre,Router only,Ready,Moderately ready,Full solar system,Router
84a1f959-7479-4cea-9e9d-46342ecdebf1,rivers,bonny,peterside_primary_health_centre,Full solar system only,Not ready,Moderately ready,Full solar system,Router
c255733d-42be-4780-aa2b-d93dcb9a2713,lagos,agege,ajegunle_health_post,Router only,Ready,Moderately ready,Full solar system,Router
c255733d-42be-4780-aa2b-d93dcb9a2713,lagos,agege,ajegunle_health_post,Full solar system only,Not ready,Moderately ready,Full solar system,Router
3955ad70-149f-47ff-bd4c-c18c20085380,lagos,agege,kwakwa_uku_primary_health_centre,Router only,Ready,Moderately ready,Full solar system,Router
3955ad70-149f-47ff-bd4c-c18c20085380,lagos,agege,kwakwa_uku_primary_health_centre,Full solar system only,Not ready,Moderately ready,Full solar system,Router
b2a30afd-bcf3-46d8-be91-9e0ad8991896,rivers,gokana,bodo_health_post,Router only,Ready,Moderately ready,Full solar system,Router
854865ee-13d5-4b7b-ac33-ee5c6517eba8,lagos,ikeja,ikeja_primary_health_centre,FibreX only,Ready,Moderately ready,,Router
854865ee-13d5-4b7b-ac33-ee5c6517eba8,lagos,ikeja,ikeja_primary_health_centre,Full solar system only,Not ready,Moderately ready,,Router
cd20c937-608c-446e-af91-6a0236126ebb,lagos,ikeja,akiode_primary_health_centre,Full solar system only,Not ready,Ready,,
c4752bdf-1fed-4c27-a867-fa6219e92d6b,lagos,lagos_mainland,oba_salami_primary_health_centre,Router only,Ready,Moderately ready,Full solar system,Router
c4752bdf-1fed-4c27-a867-fa6219e92d6b,lagos,lagos_mainland,oba_salami_primary_health_centre,Full solar system only,Not ready,Moderately ready,Full solar system,Router
de7fe5dd-bc64-4f11-9dec-178d8837dc7f,niger,bosso,beji_primary_health_centre,Full solar system only,Not ready,Moderately ready,,Router
7e5da8c6-e3ce-4455-b5fc-27a7340b3579,niger,chanchaga,ube_ang_kaje_primary_health_centre,Full solar system only,Not ready,Moderately ready,,Router
33540bce-181f-4193-bba0-b9dd59d31caf,imo,oguta,iwc_health_centre,Full solar system only,Not ready,Moderately ready,,Router
6d176536-a654-4a49-a4e9-89dd45221199,niger,chanchaga,programme_primary_health_centre_family_support_centre,Full solar system only,Not ready,Moderately ready,,Router
25645b77-347e-4acf-a4c0-2ef057cc0507,niger,chanchaga,tunga_primary_health_centre_ch,Full solar system only,Not ready,Moderately ready,,Router
39db5a82-2f56-469a-9a21-8f53825e4caf,niger,chanchaga,c_gwari_road_primary_health_centre,FibreX only,Ready,Moderately ready,,Router
39db5a82-2f56-469a-9a21-8f53825e4caf,niger,chanchaga,c_gwari_road_primary_health_centre,Full solar system only,Not ready,Moderately ready,,Router
ec034953-c6df-48b3-95e3-0c43b328de79,niger,chanchaga,123_qutrs_primary_health_centre,Full solar system only,Not ready,Moderately ready,,Router
206493b3-bbae-49cd-8639-f88db92d6bf1,niger,mariga,k_garba_primary_health_centre,Full solar system only,Not ready,Moderately ready,Full solar system,Router
902baf4c-4e13-4178-8b75-20d25dda418e,imo,ideato_north,ideato_north_health_centre,Full solar system only,Not ready,Moderately ready,,Router
6dfbc5c8-f50c-416e-a610-b8c56c9f981a,jigawa,garki,gwarzo_primary_health_centre,Full solar system only,Not ready,Moderately ready,,Router
71d0a7ec-ca45-4f30-98b9-821a6bcdbbe4,niger,chanchaga,kpakungu_primary_health_centre,Full solar system only,Not ready,Moderately ready,,Router
4f7d716a-1cf1-44e6-a407-b82f87a97cf9,niger,chanchaga,makera_primary_health_centre,Router only,Ready,Moderately ready,Full solar system,Router
4f7d716a-1cf1-44e6-a407-b82f87a97cf9,niger,chanchaga,makera_primary_health_centre,Full solar system only,Not ready,Moderately ready,Full solar system,Router
f733b86c-b24b-42b5-a203-02b04efa4285,jigawa,garki,sugungum_primary_health_centre,Full solar system only,Not ready,Moderately ready,,Router
4e54265b-3bff-466f-b029-c119f15a9db7,imo,oguta,mgbala_primary_health_centre,Full solar system only,Not ready,Moderately ready,Full solar system,Router
a692179c-3158-40ab-818b-65cb807f9f60,imo,oguta,uwaorie_primary_health_centre,Full solar system only,Not ready,Moderately ready,Full solar system,Router
87b3806c-12f9-44cd-a596-58f92e7fd912,imo,oguta,izombe_health_centre,Router only,Ready,Moderately ready,Full solar system,Router
87b3806c-12f9-44cd-a596-58f92e7fd912,imo,oguta,izombe_health_centre,Full solar system only,Not ready,Moderately ready,Full solar system,Router
f6f25ae7-ea6a-4fbb-a4a1-244611421fd3,kano,dawakin_kudu,daba_basic_health_clinic,Full solar system only,Not ready,Moderately ready,,Router
500ab40a-8aff-4377-8b92-141318940152,nasarawa,doma,akpanaja_primary_health_centre,Full solar system only,Not ready,Moderately ready,,Router
d300c437-8453-4ef6-9fd4-4d80fc8202aa,niger,rijau,dukku_basic_health_centre,Full solar system only,Not ready,Moderately ready,Full solar system,FibreX
f0823a1b-c518-47e2-88c0-4b0d6bc7f1e9,oyo,iseyin,ilado_primary_health_centre_iseyin,Full solar system only,Not ready,Moderately ready,,Router
0b9c989f-aaf9-4593-a2a2-b68d370364b6,oyo,iseyin,faramora_primary_health_centre,Full solar system only,Not ready,Moderately ready,,Router
40261e7e-d9d1-48df-b16f-784afa29e314,oyo,iseyin,ode_oba_primary_health_centre,Full solar system only,Not ready,Moderately ready,,Router
07ae6ff1-3da6-428a-a246-e527f73f74ab,oyo,orelope,igbope_primary_health_centre,Full solar system only,Not ready,Moderately ready,,Router
0d2d6d8f-c929-48f6-b8f7-10c2a75b875c,oyo,orelope,bonni_primary_health_centre,Full solar system only,Not ready,Moderately ready,Full solar system,Router
655aa6a3-fe71-4c33-8959-dd927e62ec2e,oyo,orelope,modeke_primary_health_centre,FibreX only,Ready,Moderately ready,,Router
655aa6a3-fe71-4c33-8959-dd927e62ec2e,oyo,orelope,modeke_primary_health_centre,Full solar system only,Not ready,Moderately ready,,Router
1a1b4f90-25b7-45fe-bf4d-113c03050ad0,niger,bosso,maikunkele_maternal_and_child_health_centre,FibreX only,Ready,Moderately ready,,Router
1a1b4f90-25b7-45fe-bf4d-113c03050ad0,niger,bosso,maikunkele_maternal_and_child_health_centre,Full solar system only,Not ready,Moderately ready,,Router
b99b1efb-c270-4bc1-b9da-755a15fb2062,imo,oguta,obudo_aro_primary_health_centre,Router only,Ready,Moderately ready,Full solar system,Router
b99b1efb-c270-4bc1-b9da-755a15fb2062,imo,oguta,obudo_aro_primary_health_centre,Full solar system only,Not ready,Moderately ready,Full solar system,Router
6a52d3ce-a363-44bb-8aa9-1d43e392be6a,imo,oguta,awa_primary_health_centre,Full solar system only,Not ready,Moderately ready,Full solar system,Router
10d972bd-a630-4240-877e-aaa3ab830922,lagos,ikorodu,ewu_elepe_primary_health_centre,FibreX only,Ready,Moderately ready,,Router
10d972bd-a630-4240-877e-aaa3ab830922,lagos,ikorodu,ewu_elepe_primary_health_centre,Full solar system only,Not ready,Moderately ready,,Router
b506545e-7ee9-4095-aa80-96887b6c67ba,lagos,alimosho,cele_apata_primary_health_centre,Router only,Ready,Moderately ready,Full solar system,Router
b506545e-7ee9-4095-aa80-96887b6c67ba,lagos,alimosho,cele_apata_primary_health_centre,Full solar system only,Not ready,Moderately ready,Full solar system,Router
38f6dc3b-4018-4573-bdb3-7b3dbd23b229,imo,okigwe,umuawa_phc,Full solar system only,Not ready,Moderately ready,Full solar system,Router
27e6851a-f982-4d56-9a30-cbda05e42fc6,imo,okigwe,ihube_primary_health_centre,Router only,Ready,Moderately ready,Full solar system,Router
27e6851a-f982-4d56-9a30-cbda05e42fc6,imo,okigwe,ihube_primary_health_centre,Full solar system only,Not ready,Moderately ready,Full solar system,Router
908dfe4e-dacf-4888-8c84-35f33e437a16,imo,okigwe,aku_primary_health_centre,Full solar system only,Not ready,Moderately ready,Full solar system,Router
78e976ae-507e-4249-8add-9fbf29e84c5a,imo,okigwe,umuowaibu_1_primary_health_centre,Router only,Ready,Moderately ready,Full solar system,Router
78e976ae-507e-4249-8add-9fbf29e84c5a,imo,okigwe,umuowaibu_1_primary_health_centre,Full solar system only,Not ready,Moderately ready,Full solar system,Router
1e8d4ac6-ea16-4350-802b-007ad2db6c16,lagos,ikorodu,igbalu_igbokuta_primary_health_centre,FibreX only,Ready,Moderately ready,,Router
1e8d4ac6-ea16-4350-802b-007ad2db6c16,lagos,ikorodu,igbalu_igbokuta_primary_health_centre,Full solar system only,Not ready,Moderately ready,,Router
a9e4936c-fc5a-461a-b7cf-da0a17cd2f0e,akwa_ibom,urueoffongoruko,oyoku_ibighi_primary_health_centre,Router only,Ready,Moderately ready,Full solar system,Router
a9e4936c-fc5a-461a-b7cf-da0a17cd2f0e,akwa_ibom,urueoffongoruko,oyoku_ibighi_primary_health_centre,Full solar system only,Not ready,Moderately ready,Full solar system,Router
b6a21f40-8912-429d-a7dc-06c1852a0b45,rivers,etche,chokota_primary_health_centre,Full solar system only,Not ready,Moderately ready,Full solar system,Router
4e91753c-f8dc-4ff9-9a81-b9cadb6f19d3,adamawa,numan,nzumosu_maternal_and_child_health,Full solar system only,Not ready,Moderately ready,Full solar system,Router
df4b3c6b-946b-47d5-b990-3bf73f8e0637,akwa_ibom,urueoffongoruko,mbukpo_uko_akai_health_centre,Full solar system only,Not ready,Moderately ready,,Router
3fbbeaaf-180b-40e1-a70f-d926b5f63bca,akwa_ibom,urueoffongoruko,edok_oruko_primary_health_centre,Full solar system only,Not ready,Moderately ready,Full solar system,Router
d7c788d9-4248-4ee4-9807-63b76a925cee,jigawa,garki,doko_primary_health_centre,Full solar system only,Not ready,Moderately ready,,Router
0ab22493-8bc1-4611-83a7-58c9f0654d27,lagos,alimosho,bada_balogun_primary_health_centre,FibreX only,Ready,Moderately ready,,Router
0ab22493-8bc1-4611-83a7-58c9f0654d27,lagos,alimosho,bada_balogun_primary_health_centre,Full solar system only,Not ready,Moderately ready,,Router
f0c4de0c-e407-41c9-a530-def37fbd55c5,lagos,alimosho,ipile_rere_primary_primary_health_centre,Router only,Ready,Moderately ready,Full solar system,Router
f0c4de0c-e407-41c9-a530-def37fbd55c5,lagos,alimosho,ipile_rere_primary_primary_health_centre,Full solar system only,Not ready,Moderately ready,Full solar system,Router
8cb7312e-5f05-4141-a939-5827eaf334a2,lagos,lagos_island,olushi_anikantamo_primary_health_centre,Full solar system only,Not ready,Moderately ready,,Router
17eced9c-1b4d-485d-94cc-916088b69c80,rivers,khana,uegwerebo_ue_primary_health_centre,Router only,Ready,Moderately ready,Full solar system,Router
17eced9c-1b4d-485d-94cc-916088b69c80,rivers,khana,uegwerebo_ue_primary_health_centre,Full solar system only,Not ready,Moderately ready,Full solar system,Router
6d00d672-b36d-4e4d-a4ff-86d4e6f445ef,rivers,khana,kpean_primary_health_centre,Full solar system only,Not ready,Moderately ready,Full solar system,Router
c0d4fabd-4e2a-4bf4-8b1d-dfa38bd1194d,jigawa,garki,garki_primary_health_centre,Router only,Ready,Moderately ready,Full solar system,Router
c0d4fabd-4e2a-4bf4-8b1d-dfa38bd1194d,jigawa,garki,garki_primary_health_centre,Full solar system only,Not ready,Moderately ready,Full solar system,Router
584c853d-f06d-40b3-804c-9af3379a53db,akwa_ibom,ibeno,mkpanak_health_centre,Full solar system only,Not ready,Moderately ready,,Router
3893af60-275d-4e4d-9259-98c11ad9d055,akwa_ibom,nsit_ubium,ikot_ukobo_health_centre,Solar top-up + Network extension,Moderately ready,Ready,Solar top-up,Network Extension
362d03fb-abad-4372-b973-d38d6c8d9407,akwa_ibom,urueoffongoruko,okossi_primary_health_centre_model,Full solar system only,Not ready,Moderately ready,,Router
8550f365-2169-481b-b645-413b30ebb27a,akwa_ibom,urueoffongoruko,ikpe_oro_health_post,Full solar system only,Not ready,Moderately ready,Full solar system,Router
38a21999-3c2c-4ccc-bf8f-3044ac950819,lagos,ifako_ijaiye,iju_primary_health_centre,Full solar system only,Not ready,Moderately ready,,Router
627ca831-62dd-479d-b11f-dd9272b357ec,lagos,lagos_island,agarawu_primary_health_centre,Router only,Ready,Moderately ready,Full solar system,Router
627ca831-62dd-479d-b11f-dd9272b357ec,lagos,lagos_island,agarawu_primary_health_centre,Full solar system only,Not ready,Moderately ready,Full solar system,Router
69fcfb3d-0b24-426a-a883-308871b91ad1,rivers,khana,betam_health_post,Full solar system only,Not ready,Moderately ready,Full solar system,Router
31905074-e835-4f55-9477-141130840f8a,lagos,badagry,pota_primary_health_centre,Router only,Ready,Moderately ready,Full solar system,Router
31905074-e835-4f55-9477-141130840f8a,lagos,badagry,pota_primary_health_centre,Full solar system only,Not ready,Moderately ready,Full solar system,Router
9e58e6b7-3f3d-4335-991c-b3bdb26152e5,akwa_ibom,nsit_ubium,ikot_ubo_health_centre,Router only,Ready,Moderately ready,Full solar system,Router
9e58e6b7-3f3d-4335-991c-b3bdb26152e5,akwa_ibom,nsit_ubium,ikot_ubo_health_centre,Full solar system only,Not ready,Moderately ready,Full solar system,Router
83c311de-577f-412a-98fd-c603a6aadb1b,lagos,lagos_island,oba_adeyinka_oyekan_primary_health_centre,Full solar system only,Not ready,Moderately ready,,Router
8075e9d7-ce76-4171-8881-e6fa8a69e34c,imo,owerri_west,nekede_ii_primary_health_centre,Router only,Ready,Moderately ready,Full solar system,Router
8075e9d7-ce76-4171-8881-e6fa8a69e34c,imo,owerri_west,nekede_ii_primary_health_centre,Full solar system only,Not ready,Moderately ready,Full solar system,Router
3f08581d-5de8-4fb1-8721-39bdc306d675,akwa_ibom,essien_udim,ikot_otu_ukana_west_health_centre,Router only,Ready,Moderately ready,Full solar system,Router
3f08581d-5de8-4fb1-8721-39bdc306d675,akwa_ibom,essien_udim,ikot_otu_ukana_west_health_centre,Full solar system only,Not ready,Moderately ready,Full solar system,Router
d4cd11cf-5381-4df0-80c0-bcd278b1f59d,lagos,ifako_ijaiye,ifako_primary_health_centre,Full solar system only,Not ready,Ready,,
81abea70-4966-480e-ad62-43a6b98332ca,lagos,ifako_ijaiye,aina_ajobo_primary_health_centre,Full solar system only,Not ready,Moderately ready,,Router
1e06ce33-e50f-4256-a001-d7ddec06308e,akwa_ibom,urueoffongoruko,ukuda_health_post,Full solar system only,Not ready,Moderately ready,Full solar system,Router
21880c12-d13f-469a-ad0c-3e68189ea97b,akwa_ibom,ibeno,upenekan_operational_base_primary_health_centre,Full solar system only,Not ready,Moderately ready,,Router
6a5ff79c-db58-4e51-89d0-a017cc1b5cf9,nasarawa,nasarawa,amaku_primary_health_centre,Router only,Ready,Moderately ready,Full solar system,Router
6a5ff79c-db58-4e51-89d0-a017cc1b5cf9,nasarawa,nasarawa,amaku_primary_health_centre,Full solar system only,Not ready,Moderately ready,Full solar system,Router
f1300286-6396-4fd7-8bb6-9d2afee843ba,lagos,badagry,ajara_topa_primary_health_centre,FibreX only,Ready,Moderately ready,,Router
f1300286-6396-4fd7-8bb6-9d2afee843ba,lagos,badagry,ajara_topa_primary_health_centre,Full solar system only,Not ready,Moderately ready,,Router
27124909-0530-4870-a960-d152bb0cda06,lagos,lagos_island,phase_3_primary_health_centre,Router only,Ready,Moderately ready,Full solar system,Router
27124909-0530-4870-a960-d152bb0cda06,lagos,lagos_island,phase_3_primary_health_centre,Full solar system only,Not ready,Moderately ready,Full solar system,Router
053f429c-d92d-428a-8ea4-201bcd754d59,akwa_ibom,ibesikpoasutan,nung_udoe_operational_base_primary_health_centre,Full solar system only,Not ready,Moderately ready,,Router
98501740-b561-4fc9-b9b0-8fc771c99b9d,lagos,badagry,ajara_primary_health_centre,FibreX only,Ready,Moderately ready,,Router
98501740-b561-4fc9-b9b0-8fc771c99b9d,lagos,badagry,ajara_primary_health_centre,Full solar system only,Not ready,Moderately ready,,Router
bc186188-4d11-4568-be0f-3429b467dacf,imo,isiala_mbano,obollo_primary_health_centre,Full solar system only,Not ready,Moderately ready,Full solar system,Router
4702d80b-b027-4f45-a5b6-209ee99a4600,imo,isiala_mbano,umuozu_primary_health_centre,Router only,Ready,Moderately ready,Full solar system,Router
4702d80b-b027-4f45-a5b6-209ee99a4600,imo,isiala_mbano,umuozu_primary_health_centre,Full solar system only,Not ready,Moderately ready,Full solar system,Router
f76867d8-e36c-49af-ba06-b4df71851082,nasarawa,lafia,igibi_primary_health_centre_lafia,Full solar system only,Not ready,Moderately ready,,Router
f91ff681-3b37-4c30-a98a-f0f395b652a8,akwa_ibom,urueoffongoruko,oduonim_health_post,Full solar system only,Not ready,Moderately ready,,Router
013c6f7e-442c-48ca-9b74-30cc101f5c6c,nasarawa,nasarawa,oguma_primary_health_centre,Router only,Ready,Moderately ready,Full solar system,Router
c4105da1-7d69-40ce-881d-33b9630c2c14,akwa_ibom,mkpat_enin,etuk_nung_ukim_health_centre,Router only,Ready,Moderately ready,Full solar system,Router
c4105da1-7d69-40ce-881d-33b9630c2c14,akwa_ibom,mkpat_enin,etuk_nung_ukim_health_centre,Full solar system only,Not ready,Moderately ready,Full solar system,Router
d8efa67d-b8e5-46ef-a106-f0bbd906bcbe,imo,oguta,egbuoma_i_primary_health_centre,Full solar system only,Not ready,Moderately ready,,Router
17e5be5b-54f2-4fca-a226-1a6955f43589,adamawa,lamurde,suwa_primary_health_centre,Full solar system only,Not ready,Moderately ready,Full solar system,Router
3bf4ee3b-06a7-4c2f-bbf6-18c012eb0ceb,adamawa,numan,bare_maternal_and_child_health,Full solar system only,Not ready,Moderately ready,Full solar system,Router
f241a145-e080-48ed-878d-4e22f3c9e068,imo,oguta,orsuobodo_primary_health_centre,Router only,Ready,Moderately ready,Full solar system,Router
f241a145-e080-48ed-878d-4e22f3c9e068,imo,oguta,orsuobodo_primary_health_centre,Full solar system only,Not ready,Moderately ready,Full solar system,Router
0e2aa000-f8dc-437d-86f0-f99fa2a41386,imo,ohajiegbema,awara_primary_health_centre,Full solar system only,Not ready,Moderately ready,Full solar system,Router
6bfb2793-a2af-4e69-9904-27bd0be144a2,imo,okigwe,ogii_primary_health_centre,Router only,Ready,Moderately ready,Full solar system,Router
6bfb2793-a2af-4e69-9904-27bd0be144a2,imo,okigwe,ogii_primary_health_centre,Full solar system only,Not ready,Moderately ready,Full solar system,Router
86d7e537-a228-418c-8d4d-ba605f9bcba7,imo,okigwe,umualumoke_primary_health_centre,Router only,Ready,Moderately ready,Full solar system,Router
86d7e537-a228-418c-8d4d-ba605f9bcba7,imo,okigwe,umualumoke_primary_health_centre,Full solar system only,Not ready,Moderately ready,Full solar system,Router
77d3fa36-1ee7-40bf-90fd-5fccc829cf41,imo,okigwe,ezinachi_primary_health_centre,Router only,Ready,Moderately ready,Full solar system,Router
77d3fa36-1ee7-40bf-90fd-5fccc829cf41,imo,okigwe,ezinachi_primary_health_centre,Full solar system only,Not ready,Moderately ready,Full solar system,Router
47580844-5285-40bd-a709-fca205d2313b,imo,okigwe,amuro_primary_health_centre,Router only,Ready,Moderately ready,Full solar system,Router
47580844-5285-40bd-a709-fca205d2313b,imo,okigwe,amuro_primary_health_centre,Full solar system only,Not ready,Moderately ready,Full solar system,Router
1ab19a88-a95f-4c01-b856-0d68a7320348,akwa_ibom,etim_ekpo,ikot_obioma_health_centre,Router only,Ready,Moderately ready,Full solar system,Router
1ab19a88-a95f-4c01-b856-0d68a7320348,akwa_ibom,etim_ekpo,ikot_obioma_health_centre,Full solar system only,Not ready,Moderately ready,Full solar system,Router
49b3e0fe-32f2-4957-a9b3-4d64f624985f,lagos,ibeju_lekki,aboreji_primary_health_centre,Full solar system only,Not ready,Moderately ready,,Router
e7d31b49-a418-45e8-b1a8-d57339c7e406,lagos,ibeju_lekki,ibeju_primary_health_centre,Full solar system only,Not ready,Moderately ready,,Router
b8683068-32ee-4f28-a9dc-ab82159ab953,kano,rano,tabobi_health_post,Full solar system only,Not ready,Moderately ready,Full solar system,Router
757958a2-a09c-42e1-bea7-8a46e43c26b3,lagos,ikorodu,ibeshe_primary_health_centre_ikorodu,Router only,Ready,Moderately ready,Full solar system,Router
661f665a-950c-4b8e-b0ec-8b0270b86fc4,lagos,ikorodu,bayeku_primary_health_centre,Full solar system only,Not ready,Moderately ready,,Router
c70da8b5-e120-4f19-a71d-ef5bad51a25d,lagos,ikorodu,lasunwon_primary_health_centre,Full solar system only,Not ready,Moderately ready,,Router
dee7acb9-53c6-490e-a0cb-607f9db39a2c,lagos,ojo,oke_ijeun_primary_health_centre,Router only,Ready,Moderately ready,Full solar system,Router
e133c48e-5abd-47df-96a8-795163bfb754,anambra,onitsha_south,ziks_avenue_primary_health_centre,Full solar system only,Not ready,Moderately ready,Full solar system,Router
4735a8cb-6e8e-4e46-b075-415487b9d449,anambra,onitsha_south,st_dominic_primary_health_centre,Full solar system only,Not ready,Moderately ready,,Router
358d8d17-bbb8-4929-98f9-9d2f8ad596dd,anambra,ogbaru,okpoko_5_primary_health_centre,Full solar system only,Not ready,Moderately ready,Full solar system,Router
9b70ea02-ae42-4412-8544-1371e98d0da2,anambra,onitsha_south,st_faith_primary_health_centre,Full solar system only,Not ready,Moderately ready,,Router
03b64de0-9849-4299-ba00-89c5d126a077,imo,ideato_north,ndiuche_primary_health_centre,Router only,Ready,Moderately ready,Full solar system,Router
03b64de0-9849-4299-ba00-89c5d126a077,imo,ideato_north,ndiuche_primary_health_centre,Full solar system only,Not ready,Moderately ready,Full solar system,Router
86b4085a-d5f4-4f20-aaa5-5b858c16b152,imo,ideato_north,umualaoma_health_centre,Router only,Ready,Moderately ready,Full solar system,Router
86b4085a-d5f4-4f20-aaa5-5b858c16b152,imo,ideato_north,umualaoma_health_centre,Full solar system only,Not ready,Moderately ready,Full solar system,Router
7132056e-1ad0-4daf-8613-edea750f4e76,akwa_ibom,ikot_abasi,edemaya_primary_health_centre,Router only,Ready,Moderately ready,Full solar system,Router
7132056e-1ad0-4daf-8613-edea750f4e76,akwa_ibom,ikot_abasi,edemaya_primary_health_centre,Full solar system only,Not ready,Moderately ready,Full solar system,Router
4df118ff-c78a-42bd-8158-1c1edd884a74,lagos,mushin,ayantuga_primary_health_centre,Router only,Ready,Moderately ready,Solar top-up,
4df118ff-c78a-42bd-8158-1c1edd884a74,lagos,mushin,ayantuga_primary_health_centre,Full solar system only,Not ready,Moderately ready,Solar top-up,
002894ea-aa16-4ad2-b02f-d96476fa917b,lagos,mushin,isolo_raod_primary_health_centre,Full solar system only,Not ready,Ready,,
0f6f6535-aba1-40ea-bf5b-649759a3bae7,akwa_ibom,ukanafun,afaha_ikot_inyang_health_centre,Router only,Ready,Moderately ready,Solar top-up,Router
0f6f6535-aba1-40ea-bf5b-649759a3bae7,akwa_ibom,ukanafun,afaha_ikot_inyang_health_centre,Full solar system only,Not ready,Moderately ready,Solar top-up,Router
cedeb9a9-3a01-40c5-9595-efbcaa0d90ea,imo,ideato_north,ndiejezie_primary_health_centre,Full solar system only,Not ready,Moderately ready,,Router
61c8a4b1-be5a-4fa8-9ade-5f64d72349bb,imo,ideato_north,umuezeaga_primary_health_centre,Full solar system only,Not ready,Moderately ready,,Router
93e69963-8ccc-42d1-9598-64d785a6b452,lagos,ibeju_lekki,bogije_primary_health_centre,Router only,Ready,Moderately ready,Full solar system,Router
93e69963-8ccc-42d1-9598-64d785a6b452,lagos,ibeju_lekki,bogije_primary_health_centre,Full solar system only,Not ready,Moderately ready,Full solar system,Router
f861011a-df84-44b6-9858-aa26fa34e548,lagos,ibeju_lekki,awoyaya_1_primary_health_centre,Full solar system only,Not ready,Moderately ready,,Router
2f5ebb1b-ad32-4283-b458-33fe67f18401,imo,ikeduru,akabo_health_centre,Full solar system only,Not ready,Moderately ready,Full solar system,Router
37f04fea-627e-4d50-b92c-f7966297ed08,imo,isiala_mbano,ibeme_primary_health_centre,Router only,Ready,Moderately ready,Full solar system,Router
37f04fea-627e-4d50-b92c-f7966297ed08,imo,isiala_mbano,ibeme_primary_health_centre,Full solar system only,Not ready,Moderately ready,Full solar system,Router
715b2679-f1ba-4baf-a19f-d255b4bc6c7b,anambra,onitsha_north,gra_primary_health_centre,FibreX only,Ready,Moderately ready,,Router
715b2679-f1ba-4baf-a19f-d255b4bc6c7b,anambra,onitsha_north,gra_primary_health_centre,Full solar system only,Not ready,Moderately ready,,Router
0cbaf416-ed04-4d44-9b66-9b04a96646d9,nasarawa,lafia,adogi_primary_health_centre,Full solar system only,Not ready,Moderately ready,,Router
dd4d7dec-fcc6-4333-9547-49e947771ae9,akwa_ibom,essien_udim,ukana_east_primary_health_centre,Router only,Ready,Moderately ready,Full solar system,Router
dd4d7dec-fcc6-4333-9547-49e947771ae9,akwa_ibom,essien_udim,ukana_east_primary_health_centre,Full solar system only,Not ready,Moderately ready,Full solar system,Router
c9b8a5f3-8d51-4841-8a34-a43b4d3650fb,kano,rano,rurum_tsohon_gari_primary_health_centre,Full solar system only,Not ready,Moderately ready,,Router
dd7a15e2-20b1-48f8-901d-f85b787a004b,kano,kura,dukawa_basic_health_clinic,Full solar system only,Not ready,Moderately ready,,Router
815b4510-4151-4375-a901-91f89d2aceb2,kano,dawakin_kudu,gurjiya_health_post,Full solar system only,Not ready,Moderately ready,,Router
fcc1e2bf-2593-4e16-a6b7-88b9f2e109e0,kano,madobi,kanwa_primary_health_centre_madobi,Router only,Ready,Moderately ready,Full solar system,Router
fcc1e2bf-2593-4e16-a6b7-88b9f2e109e0,kano,madobi,kanwa_primary_health_centre_madobi,Full solar system only,Not ready,Moderately ready,Full solar system,Router
599dc946-d535-49cc-a085-89444ccd4401,lagos,ojo,ishasi_primary_health_centre,Full solar system only,Not ready,Moderately ready,,Router
3f0b9ead-a5de-4710-aba7-df490d473916,lagos,lagos_island,oke_arin_primary_health_centre,Full solar system only,Not ready,Moderately ready,Full solar system,Router
f18456a9-e758-45f1-a08d-3b534d823606,lagos,ikeja,abule_onigbagbo_primary_health_centre,Full solar system only,Not ready,Moderately ready,,Router
9fae6c81-8b44-4cd3-981b-03274b29d512,oyo,orelope,iya_owode_primary_health_centre,Full solar system only,Not ready,Moderately ready,,Router
141f74da-2641-4e59-a3f3-d29d7a929ec3,oyo,irepo,tege_owode_primary_health_centre,Router only,Ready,Moderately ready,Full solar system,Router
141f74da-2641-4e59-a3f3-d29d7a929ec3,oyo,irepo,tege_owode_primary_health_centre,Full solar system only,Not ready,Moderately ready,Full solar system,Router
54a6b1ba-aa21-4a7d-bad3-fa8e62e1495c,nasarawa,lafia,gidan_mai_akuya_primary_health_centre,Router only,Ready,Moderately ready,Solar top-up,Router
54a6b1ba-aa21-4a7d-bad3-fa8e62e1495c,nasarawa,lafia,gidan_mai_akuya_primary_health_centre,Full solar system only,Not ready,Moderately ready,Solar top-up,Router
5e81b2a6-bf11-4c39-8311-b10ceb5bd7fb,anambra,ihiala,umuhu_okija_primary_health_centre,Router only,Ready,Moderately ready,Solar top-up,Router
5e81b2a6-bf11-4c39-8311-b10ceb5bd7fb,anambra,ihiala,umuhu_okija_primary_health_centre,Full solar system only,Not ready,Moderately ready,Solar top-up,Router
2b9df557-a397-43d9-bd53-ce22ca11db19,lagos,lagos_island,olowogbowo_primary_health_centre,Full solar system only,Not ready,Moderately ready,Full solar system,Router
e8c889b1-b79f-4e5e-a8d0-eecaf23d7ebc,kano,ajingi,gafasa_health_post,Full solar system only,Not ready,Moderately ready,,Router
d8228ee9-52c6-4502-9642-63a2c715c67e,rivers,ahoada_west,odioku_primary_health_centre,Router only,Ready,Moderately ready,Full solar system,Router
d8228ee9-52c6-4502-9642-63a2c715c67e,rivers,ahoada_west,odioku_primary_health_centre,Full solar system only,Not ready,Moderately ready,Full solar system,Router
23853052-082b-463b-a793-e0dbe8880d26,akwa_ibom,ikot_abasi,ikot_abasi_primary_health_centre,Router only,Ready,Moderately ready,Full solar system,Router
23853052-082b-463b-a793-e0dbe8880d26,akwa_ibom,ikot_abasi,ikot_abasi_primary_health_centre,Full solar system only,Not ready,Moderately ready,Full solar system,Router
8d4680db-1b49-46ff-9747-e91afbb2dc73,lagos,ikeja,opebi_primary_health_centre,Router only,Ready,Moderately ready,Full solar system,Router
8d4680db-1b49-46ff-9747-e91afbb2dc73,lagos,ikeja,opebi_primary_health_centre,Full solar system only,Not ready,Moderately ready,Full solar system,Router
b884fb75-d907-4863-8307-7d477365bac8,anambra,onitsha_north,st_theresa_s_church_primary_health_centre,Full solar system only,Not ready,Ready,,
1563ae56-b952-46c6-9f2e-1e44ca5357ed,imo,isiala_mbano,umuduru_primary_health_centre,Full solar system only,Not ready,Moderately ready,,Router
80463bca-f94d-4663-b8ed-f631e218282e,imo,ngor_okpala,umuekwune_health_centre,Full solar system only,Not ready,Moderately ready,Full solar system,Router
857a4140-7cf2-4590-96a0-a2de3a03ffd5,imo,isiala_mbano,umunkwo_primary_health_centre,Full solar system only,Not ready,Moderately ready,,Router
80b1a509-7d42-4143-b9ac-f2794e64210b,lagos,ojo,ijanikin_primary_health_centre,Full solar system only,Not ready,Moderately ready,,FibreX
33650ec4-013c-40fd-9c7b-142caf099448,kano,tudun_wada,karefa_health_post,Full solar system only,Not ready,Moderately ready,,FibreX
bef6f105-d566-435d-a452-743889039016,akwa_ibom,ikot_abasi,ikot_etetuk_health_centre,Router only,Ready,Moderately ready,Full solar system,Router
bef6f105-d566-435d-a452-743889039016,akwa_ibom,ikot_abasi,ikot_etetuk_health_centre,Full solar system only,Not ready,Moderately ready,Full solar system,Router
0449c192-c813-4bdf-9b76-4548d311a96e,nasarawa,lafia,tungan_nufawa_primary_health_centre,Full solar system only,Not ready,Moderately ready,,Router
004da1ea-d983-4f30-8fe8-3f0a7556108c,imo,nwangele,umuanu_health_centre,Router only,Ready,Moderately ready,Full solar system,Router
004da1ea-d983-4f30-8fe8-3f0a7556108c,imo,nwangele,umuanu_health_centre,Full solar system only,Not ready,Moderately ready,Full solar system,Router
9072abdc-a052-4149-94e4-897b0dfc5e15,imo,nwangele,obodo_health_centre,Full solar system only,Not ready,Moderately ready,Full solar system,Router
f2804ff2-17ca-4516-a14c-82728529785c,imo,nwangele,umuchoke_health_centre,Full solar system only,Not ready,Moderately ready,,Router
068023c2-dadc-4051-b413-1ae37fa915b3,lagos,ikorodu,losi_oba_primary_health_centre,Full solar system only,Not ready,Moderately ready,,Router
5ca9bd03-2356-4424-9b40-b9242b64ab0c,lagos,ikeja,adeniyi_jones_primary_health_centre,Full solar system only,Not ready,Moderately ready,,Router
1c4011df-ec69-4a6a-a15b-e7a4a8de6be4,imo,isiala_mbano,amaraku_primary_health_centre,Router only,Ready,Moderately ready,Full solar system,Router
1c4011df-ec69-4a6a-a15b-e7a4a8de6be4,imo,isiala_mbano,amaraku_primary_health_centre,Full solar system only,Not ready,Moderately ready,Full solar system,Router
147b05ea-3215-4c5a-965d-21e42c8b44a9,imo,isiala_mbano,anara_primary_health_centre,Router only,Ready,Moderately ready,Full solar system,Router
147b05ea-3215-4c5a-965d-21e42c8b44a9,imo,isiala_mbano,anara_primary_health_centre,Full solar system only,Not ready,Moderately ready,Full solar system,Router
61c1eeb5-da55-4bc1-a5af-9e284a05a9a7,bauchi,jamaare,galdimari_primary_health_centre,Router only,Ready,Moderately ready,Full solar system,Router
61c1eeb5-da55-4bc1-a5af-9e284a05a9a7,bauchi,jamaare,galdimari_primary_health_centre,Full solar system only,Not ready,Moderately ready,Full solar system,Router
8b9932c2-237b-488a-a4d7-d99e3612f2c2,bauchi,jamaare,abuja_health_clinic,Full solar system only,Not ready,Moderately ready,,Router
c96b0d5b-8953-4bbb-8f78-5b256366d0a3,imo,isiala_mbano,okohia_primary_health_centre,Router only,Ready,Moderately ready,Full solar system,Router
c96b0d5b-8953-4bbb-8f78-5b256366d0a3,imo,isiala_mbano,okohia_primary_health_centre,Full solar system only,Not ready,Moderately ready,Full solar system,Router
c0270e83-56a9-4b3b-a7a2-4e53feef3902,imo,ikeduru,amatta_health_centre,Router only,Ready,Moderately ready,Full solar system,Router
c0270e83-56a9-4b3b-a7a2-4e53feef3902,imo,ikeduru,amatta_health_centre,Full solar system only,Not ready,Moderately ready,Full solar system,Router
ac6d7cb6-3dfd-457a-ac36-44ae69a93539,lagos,badagry,morogbo_primary_health_centre,Router only,Ready,Moderately ready,Full solar system,Router
ac6d7cb6-3dfd-457a-ac36-44ae69a93539,lagos,badagry,morogbo_primary_health_centre,Full solar system only,Not ready,Moderately ready,Full solar system,Router
f21d11ce-6414-461f-a4a7-41e64991fb31,lagos,kosofe,ikosi_primary_health_centre,Full solar system only,Not ready,Moderately ready,,FibreX
9eeba443-5e00-4d75-aad1-4756eef96620,rivers,port_harcourt,orogbum_primary_health_centre,FibreX only,Ready,Moderately ready,,Router
9eeba443-5e00-4d75-aad1-4756eef96620,rivers,port_harcourt,orogbum_primary_health_centre,Full solar system only,Not ready,Moderately ready,,Router
8401698c-65e6-477d-b324-287db69782a7,rivers,obioakpor,rumuepirikom_primary_health_centre,Full solar system only,Not ready,Ready,,
4f065ef3-3d4b-4183-be76-31e56de86fa7,rivers,oyigbo,umusia_model_primary_health_centre,Full solar system only,Not ready,Moderately ready,,Router
28f83454-69b0-4c56-8482-ae158332aeb0,rivers,oyigbo,oyigbo_comprehensive_health_centre,Full solar system only,Not ready,Moderately ready,,Router
e795ee8c-ab34-4812-b38c-d09d5da05ef1,imo,ohajiegbema,umuagwo_primary_health_centre,Router only,Ready,Moderately ready,Full solar system,Router
e795ee8c-ab34-4812-b38c-d09d5da05ef1,imo,ohajiegbema,umuagwo_primary_health_centre,Full solar system only,Not ready,Moderately ready,Full solar system,Router
93cff47f-426d-42dc-aab6-e551adaf395a,akwa_ibom,itu,mbak_itam_3_health_centre,FibreX only,Ready,Moderately ready,,Router
93cff47f-426d-42dc-aab6-e551adaf395a,akwa_ibom,itu,mbak_itam_3_health_centre,Full solar system only,Not ready,Moderately ready,,Router
50a5e0e5-da19-455f-93b4-af7a1cd12595,akwa_ibom,itu,ntak_inyang_health_centre,FibreX only,Ready,Moderately ready,,Router
50a5e0e5-da19-455f-93b4-af7a1cd12595,akwa_ibom,itu,ntak_inyang_health_centre,Full solar system only,Not ready,Moderately ready,,Router
1c20529a-0fdd-4ac2-a6fe-480a9e9426e0,lagos,epe,erepoto_health_centre,Router only,Ready,Moderately ready,Full solar system,Router
1c20529a-0fdd-4ac2-a6fe-480a9e9426e0,lagos,epe,erepoto_health_centre,Full solar system only,Not ready,Moderately ready,Full solar system,Router
ec4873c3-5a9d-4255-a43a-d4b7098d2240,imo,orsu,amadiaba_health_post,Full solar system only,Not ready,Moderately ready,Full solar system,Router
220dc28e-e5eb-46f0-840e-18521dd9b636,lagos,epe,afuye_primary_health_centre,Router only,Ready,Moderately ready,Solar top-up,Router
220dc28e-e5eb-46f0-840e-18521dd9b636,lagos,epe,afuye_primary_health_centre,Full solar system only,Not ready,Moderately ready,Solar top-up,Router
15f0389e-c895-4428-ab82-74249dbb3c14,imo,orsu,umuoka_primary_health_centre,Full solar system only,Not ready,Moderately ready,Full solar system,Router
06d1fb00-6258-43b6-b734-4c0f4908525b,lagos,epe,sagidan_primary_health_centre,Router only,Ready,Moderately ready,Solar top-up,Router
06d1fb00-6258-43b6-b734-4c0f4908525b,lagos,epe,sagidan_primary_health_centre,Full solar system only,Not ready,Moderately ready,Solar top-up,Router
07940056-180c-4953-99bc-5d8a96fb0a5b,imo,orsu,amanachi_primary_health_centre,Full solar system only,Not ready,Moderately ready,Full solar system,Router
8322ad60-878f-4989-8903-28367449f6ac,imo,orsu,akwaorji_health_post,Router only,Ready,Moderately ready,Full solar system,Router
8322ad60-878f-4989-8903-28367449f6ac,imo,orsu,akwaorji_health_post,Full solar system only,Not ready,Moderately ready,Full solar system,Router
390e279a-b68c-4a8e-a0ab-4ce062a0e7a5,imo,onuimo,okwe_primary_health_centre,Router only,Ready,Moderately ready,Solar top-up,Router
390e279a-b68c-4a8e-a0ab-4ce062a0e7a5,imo,onuimo,okwe_primary_health_centre,Full solar system only,Not ready,Moderately ready,Solar top-up,Router
052b6c89-74e5-462c-a479-fd209d8e262d,imo,onuimo,umuna_primary_health_centre,Full solar system only,Not ready,Moderately ready,Full solar system,Router
5b775c64-5722-4bc3-89b7-f86190fd5b51,rivers,port_harcourt,churchillroad_primary_health_centre,Router only,Ready,Moderately ready,Solar top-up,Router
5b775c64-5722-4bc3-89b7-f86190fd5b51,rivers,port_harcourt,churchillroad_primary_health_centre,Full solar system only,Not ready,Moderately ready,Solar top-up,Router
ef91a81b-7f9c-476b-96e8-98a7fd44ce62,imo,oru_east,amagu_primary_health_centre,Router only,Ready,Moderately ready,Full solar system,Router
bafad3a5-bc9f-4c26-83fe-a51f87db53e5,rivers,port_harcourt,everywomancenter_primary_health_centre,FibreX only,Ready,Moderately ready,,Router
bafad3a5-bc9f-4c26-83fe-a51f87db53e5,rivers,port_harcourt,everywomancenter_primary_health_centre,Full solar system only,Not ready,Moderately ready,,Router
f55a447e-b27e-4d1d-9f77-d3083cd89c2b,imo,ideato_north,osina_primary_health_centre,Router only,Ready,Moderately ready,Full solar system,Router
f55a447e-b27e-4d1d-9f77-d3083cd89c2b,imo,ideato_north,osina_primary_health_centre,Full solar system only,Not ready,Moderately ready,Full solar system,Router
5ef2fba1-904b-4581-bbb1-e6e8f7081230,imo,ideato_north,uruala_maternal_and_child_health,Router only,Ready,Moderately ready,Full solar system,Router
5ef2fba1-904b-4581-bbb1-e6e8f7081230,imo,ideato_north,uruala_maternal_and_child_health,Full solar system only,Not ready,Moderately ready,Full solar system,Router
12300000000000000000,lagos,alimosho,opeki_primary_health_centre,FibreX only,Ready,Moderately ready,,Router
12300000000000000000,lagos,alimosho,opeki_primary_health_centre,Full solar system only,Not ready,Moderately ready,,Router
14466c6d-4044-49a3-86ed-8a828a7a711b,lagos,alimosho,okerube_primary_health_centre,Full solar system only,Not ready,Moderately ready,,Router
4fc6c641-c30a-46f9-b888-fb8b847d78fd,imo,ideato_north,obodoukwu_primary_health_centre,Router only,Ready,Moderately ready,Full solar system,Router
1546dcd6-8320-45b0-830b-d9b0050f1921,imo,ideato_north,isiokpo_primary_health_centre,Router only,Ready,Moderately ready,Full solar system,Router
56cdc1b8-5c3f-4b23-97ea-752346d62f5a,lagos,alimosho,agodo_primary_health_centre,Full solar system only,Not ready,Moderately ready,,Router
329dcf67-ea12-41b7-b058-2203eed1ab96,imo,oru_east,akuma_ii_primary_health_centre,Router only,Ready,Moderately ready,Full solar system,Router
329dcf67-ea12-41b7-b058-2203eed1ab96,imo,oru_east,akuma_ii_primary_health_centre,Full solar system only,Not ready,Moderately ready,Full solar system,Router
fc0eb817-fee6-41a9-9bef-d1da0deb4657,imo,onuimo,aboh_primary_health_centre,Full solar system only,Not ready,Moderately ready,,Router
2abb1fe3-1bb1-4edf-a8e8-9e8f76e538e9,imo,onuimo,okohia_primary_health_centre_on,Full solar system only,Not ready,Moderately ready,,Router
1dd2706f-c7e8-42ba-b695-8497274b79cc,imo,onuimo,umuduru_primary_health_centre_on,Router only,Ready,Moderately ready,Full solar system,Router
1dd2706f-c7e8-42ba-b695-8497274b79cc,imo,onuimo,umuduru_primary_health_centre_on,Full solar system only,Not ready,Moderately ready,Full solar system,Router
637a50e8-0d85-40fc-bdbb-a765a915be3f,kano,tudun_wada,jammaje_health_post,Full solar system only,Not ready,Moderately ready,,Router
5cbef43e-f519-4048-ad48-7e447a1a3ffe,anambra,nnewi_south,amichi_primary_health_centre,Full solar system only,Not ready,Moderately ready,Full solar system,Router
b1bf75b7-bb27-4076-b3a2-cd43b493e012,lagos,badagry,ilogbo_primary_health_centre,FibreX only,Ready,Moderately ready,,Router
b1bf75b7-bb27-4076-b3a2-cd43b493e012,lagos,badagry,ilogbo_primary_health_centre,Full solar system only,Not ready,Moderately ready,,Router
5cc18688-1841-4222-bd42-859b8ada4966,akwa_ibom,abak,ikot_akpan_ikpong_health_centre,Router only,Ready,Moderately ready,Solar top-up,Router
5cc18688-1841-4222-bd42-859b8ada4966,akwa_ibom,abak,ikot_akpan_ikpong_health_centre,Full solar system only,Not ready,Moderately ready,Solar top-up,Router
ca83173f-b7c6-43c9-ac67-59ab71d1a9f0,akwa_ibom,etim_ekpo,ikpe_annang_primary_health_centre_model,Full solar system only,Not ready,Moderately ready,Full solar system,Router
5e7ee70e-1b0a-40c4-b093-78b20012c9a1,rivers,ahoada_east,okporowo_model_primary_health_centre,Full solar system only,Not ready,Moderately ready,Full solar system,Router
31ccafa8-cd74-4c2b-975d-e792937248c2,akwa_ibom,mbo,ibaka_primary_health_centre,Full solar system only,Not ready,Moderately ready,Full solar system,Router
839834d7-d35e-4105-a001-4bfc00c34084,bauchi,warji,zurgwai_primary_health_centre,Full solar system only,Not ready,Moderately ready,,Router
198ddd18-9100-437b-8e9d-f6c82aeb6305,bauchi,warji,dagu_primary_health_centre,Full solar system only,Not ready,Moderately ready,,Router
43710a3c-48fe-4e66-8d14-1b1cf39d2bcd,bauchi,warji,burarana_primary_health_centre,Full solar system only,Not ready,Moderately ready,,Router
cb7696ee-a145-49d4-958e-837ee726d2cb,bauchi,warji,katanga_primary_health_centre_warji,Full solar system only,Not ready,Moderately ready,,Router
e3e75560-a973-41cd-8a12-9ca9f0237c54,akwa_ibom,etim_ekpo,ikot_udobong_health_centre,Full solar system only,Not ready,Moderately ready,Full solar system,Router
3d9a9f16-370d-4f41-9e05-35c7b3d060cf,rivers,ahoada_east,odiabidi_primary_health_centre,Router only,Ready,Moderately ready,Full solar system,Router
3d9a9f16-370d-4f41-9e05-35c7b3d060cf,rivers,ahoada_east,odiabidi_primary_health_centre,Full solar system only,Not ready,Moderately ready,Full solar system,Router
f99e55fb-fcf2-4bca-8831-3852ffd3e5db,lagos,epe,ibonwon_primary_health_centre,Router only,Ready,Moderately ready,Full solar system,Router
f99e55fb-fcf2-4bca-8831-3852ffd3e5db,lagos,epe,ibonwon_primary_health_centre,Full solar system only,Not ready,Moderately ready,Full solar system,Router
1b8e8f7d-c6f4-465f-8b8e-929fca871811,lagos,badagry,isamole_primary_health_centre,Router only,Ready,Moderately ready,Full solar system,Router
1b8e8f7d-c6f4-465f-8b8e-929fca871811,lagos,badagry,isamole_primary_health_centre,Full solar system only,Not ready,Moderately ready,Full solar system,Router
e58809f1-9c48-40bc-8c79-5dc8c12c5a05,akwa_ibom,ikot_abasi,ikot_usop_primary_health_centre,Router only,Ready,Moderately ready,Full solar system,Router
e58809f1-9c48-40bc-8c79-5dc8c12c5a05,akwa_ibom,ikot_abasi,ikot_usop_primary_health_centre,Full solar system only,Not ready,Moderately ready,Full solar system,Router
47f81bf8-ab48-4686-acd5-728d93d515e8,lagos,epe,ilara_primary_health_centre,Full solar system only,Not ready,Moderately ready,Full solar system,Router
f03cc43b-f352-4ec8-a45a-cafb6eef02cd,kano,makoda,kantudu_health_post,Full solar system only,Not ready,Moderately ready,,FibreX
0bd29362-17d1-4160-a468-ddc13fc2a7b0,akwa_ibom,mkpat_enin,minya_health_centre,Router only,Ready,Moderately ready,Full solar system,Router
0bd29362-17d1-4160-a468-ddc13fc2a7b0,akwa_ibom,mkpat_enin,minya_health_centre,Full solar system only,Not ready,Moderately ready,Full solar system,Router
62c4da29-c989-43be-823f-ce815f0b26a2,akwa_ibom,etim_ekpo,iwukem_primary_health_centre_model,Full solar system only,Not ready,Moderately ready,Full solar system,Router
8667e7ef-9081-41ba-bf3d-8d494940ac02,imo,ngor_okpala,obiangwu_health_centre,Router only,Ready,Moderately ready,Full solar system,Router
92bee7de-6aaa-4680-bf95-ae5887c980d1,anambra,nnewi_north,marshall_weiner_health_centre,Router only,Ready,Moderately ready,Full solar system,Router
92bee7de-6aaa-4680-bf95-ae5887c980d1,anambra,nnewi_north,marshall_weiner_health_centre,Full solar system only,Not ready,Moderately ready,Full solar system,Router
e41c9105-58cd-413e-b584-6545587a62a8,anambra,nnewi_north,ndiezenwankwo_primary_health_centre,Router only,Ready,Moderately ready,Full solar system,Router
e41c9105-58cd-413e-b584-6545587a62a8,anambra,nnewi_north,ndiezenwankwo_primary_health_centre,Full solar system only,Not ready,Moderately ready,Full solar system,Router
6a98b117-61fa-4595-a4b1-ac8af85667d2,akwa_ibom,mbo,ebughu_1_primary_health_centre,Router only,Ready,Moderately ready,Solar top-up,Router
6a98b117-61fa-4595-a4b1-ac8af85667d2,akwa_ibom,mbo,ebughu_1_primary_health_centre,Full solar system only,Not ready,Moderately ready,Solar top-up,Router
d2389458-ac07-4a7d-9bde-9d59d43eb2f1,lagos,badagry,mowo_primary_health_centre,Router only,Ready,Moderately ready,Full solar system,Router
d2389458-ac07-4a7d-9bde-9d59d43eb2f1,lagos,badagry,mowo_primary_health_centre,Full solar system only,Not ready,Moderately ready,Full solar system,Router
c0d857b7-6b47-4943-a9c6-d9602b497b59,kano,garko,dal_model_primary_health_centre,Full solar system only,Not ready,Moderately ready,,Router
a5f4c33c-763d-4b94-9121-c755705b892b,anambra,awka_south,nibo_primary_health_centre,Full solar system only,Not ready,Moderately ready,,Router
f73ec057-d748-4bb5-9d19-a7e0a70a5f09,anambra,onitsha_south,methodist_primary_health_centre,Full solar system only,Not ready,Moderately ready,,FibreX
1564e4f9-bf3d-4cda-9069-769cc5bf3c1f,rivers,opobonkoro,epellema_primary_health_centre,Full solar system only,Not ready,Moderately ready,,Router
5adfc0b7-366a-4294-a3e9-3a29029827e2,akwa_ibom,mkpat_enin,ndon_health_post,Full solar system only,Not ready,Moderately ready,Full solar system,Router
2804ef1e-9f2d-4759-a7b8-95a1e3f78972,akwa_ibom,etim_ekpo,atan_eka_uruk_eshiet_health_centre,Router only,Ready,Moderately ready,Full solar system,Router
2804ef1e-9f2d-4759-a7b8-95a1e3f78972,akwa_ibom,etim_ekpo,atan_eka_uruk_eshiet_health_centre,Full solar system only,Not ready,Moderately ready,Full solar system,Router
c0911e88-cf33-4c20-a673-9136129d3226,kano,rano,madachi_health_post,Full solar system only,Not ready,Moderately ready,,Router
dcd0df00-9e9b-4d3a-a5a9-70bafe2d2117,jigawa,kazaure,central_clinic,Router only,Ready,Moderately ready,Full solar system,Router
dcd0df00-9e9b-4d3a-a5a9-70bafe2d2117,jigawa,kazaure,central_clinic,Full solar system only,Not ready,Moderately ready,Full solar system,Router
63cc4026-6791-4cf5-9251-a67b1e50fe79,akwa_ibom,oruk_anam,ikot_akpan_essien_health_centre,Router only,Ready,Moderately ready,Full solar system,Router
63cc4026-6791-4cf5-9251-a67b1e50fe79,akwa_ibom,oruk_anam,ikot_akpan_essien_health_centre,Full solar system only,Not ready,Moderately ready,Full solar system,Router
75f4f169-f308-4181-83ac-4d77b66f3a58,kano,tudun_wada,rugu_rugu_basic_health_centre,Full solar system only,Not ready,Moderately ready,,Router
db342331-a4ff-4eab-9088-0b1a447436e4,lagos,badagry,ilado_primary_health_centre,Router only,Ready,Moderately ready,Solar top-up,Router
db342331-a4ff-4eab-9088-0b1a447436e4,lagos,badagry,ilado_primary_health_centre,Full solar system only,Not ready,Moderately ready,Solar top-up,Router
c32c1518-7865-4451-bf10-221f3b2c493d,kano,makoda,makoda_model_primary_health_centre,Router only,Ready,Moderately ready,Full solar system,
c32c1518-7865-4451-bf10-221f3b2c493d,kano,makoda,makoda_model_primary_health_centre,Full solar system only,Not ready,Ready,Full solar system,
018adde1-9eb5-4429-b25d-d8d8eb936234,imo,nwangele,umuanya_maternal_and_child_health,Router only,Ready,Moderately ready,Full solar system,Router
018adde1-9eb5-4429-b25d-d8d8eb936234,imo,nwangele,umuanya_maternal_and_child_health,Full solar system only,Not ready,Moderately ready,Full solar system,Router
52bf1b3a-5c58-4560-9433-1c2f5298b1fa,akwa_ibom,oron,esuk_oro_health_post,Full solar system only,Not ready,Moderately ready,Full solar system,Router
32892f5d-50dc-4c21-a8da-8d7468fd2b84,anambra,onitsha_south,queen_of_peace_primary_health_centre,Full solar system only,Not ready,Moderately ready,,FibreX
489d2183-df06-4702-8f71-b0e8c13ca17b,akwa_ibom,ikono,ibiaku_ntok_okpo_primary_health_centre,Full solar system only,Not ready,Moderately ready,,Router
062b1142-d4da-4427-aff6-01d0f3acc5fa,imo,ikeduru,owubinubi_health_centre,Router only,Ready,Moderately ready,Full solar system,Router
062b1142-d4da-4427-aff6-01d0f3acc5fa,imo,ikeduru,owubinubi_health_centre,Full solar system only,Not ready,Moderately ready,Full solar system,Router
5dbdeba5-f4fb-42f6-b610-eeb30cbd65fc,kano,garko,garwaji_health_post,Router only,Ready,Moderately ready,Full solar system,Router
5dbdeba5-f4fb-42f6-b610-eeb30cbd65fc,kano,garko,garwaji_health_post,Full solar system only,Not ready,Moderately ready,Full solar system,Router
3eab9760-ff28-4b28-9f00-4446d1da72e6,rivers,ikwerre,elele_primary_health_centre,FibreX only,Ready,Moderately ready,,Router
35792ec9-2c93-4433-a202-0217a0a3f56d,oyo,atisbo,baasi_primary_health_centre,Full solar system only,Not ready,Moderately ready,,Router
637c4842-14ad-431f-a359-4a87355b9800,anambra,awka_south,agulu_awka_primary_health_centre,Full solar system only,Not ready,Moderately ready,Full solar system,Router
34465bab-5717-482d-9b82-dca99406c163,lagos,kosofe,mende_primary_health_centre,Router only,Ready,Moderately ready,Solar top-up,Router
34465bab-5717-482d-9b82-dca99406c163,lagos,kosofe,mende_primary_health_centre,Full solar system only,Not ready,Moderately ready,Solar top-up,Router
7d6857fd-c94a-4caf-9f04-0ec94db4196a,akwa_ibom,ikono,nung_ukim_health_centre,Router only,Ready,Moderately ready,Full solar system,
7d6857fd-c94a-4caf-9f04-0ec94db4196a,akwa_ibom,ikono,nung_ukim_health_centre,Full solar system only,Not ready,Ready,Full solar system,
d90b65ad-ff9a-4aa6-82f2-521609fc4dfe,kano,rano,kurmi_health_clinic,Full solar system only,Not ready,Moderately ready,Full solar system,Router
bbfdfdfb-f506-4dd0-a0c3-c0dd53629f5c,akwa_ibom,etim_ekpo,ikot_ebo_health_centre,Router only,Ready,Moderately ready,Full solar system,Router
bbfdfdfb-f506-4dd0-a0c3-c0dd53629f5c,akwa_ibom,etim_ekpo,ikot_ebo_health_centre,Full solar system only,Not ready,Moderately ready,Full solar system,Router
848a461f-dee4-496d-8def-34bdb7dcbe61,kano,garko,buda_health_post,Full solar system only,Not ready,Moderately ready,Full solar system,Router
d5996221-77ed-4cf1-b860-4e2d9e76b9ad,imo,nwangele,ogwuaga_health_centre,Full solar system only,Not ready,Moderately ready,,Router
b57b83ce-2087-4aca-a404-73009ab2d99e,kano,makoda,durmawa_health_post_makoda,Full solar system only,Not ready,Ready,,
a8f54c90-b9a0-4493-871a-31c46196c04f,kano,takai,zuga_health_post,Full solar system only,Not ready,Moderately ready,,Router
4f9573cb-86d9-45b4-9ffc-e7cfe8d8707b,akwa_ibom,oron,afaha_eduok_ukpata_primary_health_centre,Router only,Ready,Moderately ready,Full solar system,Router
4f9573cb-86d9-45b4-9ffc-e7cfe8d8707b,akwa_ibom,oron,afaha_eduok_ukpata_primary_health_centre,Full solar system only,Not ready,Moderately ready,Full solar system,Router
81a4b581-1ae4-4e35-91a2-a69803e36c99,imo,nwangele,dimnanume_health_centre,Full solar system only,Not ready,Moderately ready,Full solar system,Router
ef4d3729-09a4-4034-a156-ac978c9b6818,imo,ngor_okpala,obike_primary_health_centre,Full solar system only,Not ready,Moderately ready,Full solar system,Router
ce5a0018-f5bc-409d-a802-c5cbf022c28f,kano,makoda,maitsidau_basic_health_clinic,Full solar system only,Not ready,Ready,,
0daf0586-7374-479d-91d9-f3352314d0bc,akwa_ibom,itu,oma_oku_iboku_health_centre,Full solar system only,Not ready,Moderately ready,,Router
8e066fcd-7f46-4f3e-8a82-949d62dac804,akwa_ibom,ibesikpoasutan,okop_ndua_erong_health_centre,Router only,Ready,Moderately ready,Solar top-up,Router
8e066fcd-7f46-4f3e-8a82-949d62dac804,akwa_ibom,ibesikpoasutan,okop_ndua_erong_health_centre,Full solar system only,Not ready,Moderately ready,Solar top-up,Router
5af621d4-31ed-4e89-9642-48f10cd8bfd3,imo,nwangele,umuozu_health_centre,Router only,Ready,Moderately ready,Full solar system,Router
5af621d4-31ed-4e89-9642-48f10cd8bfd3,imo,nwangele,umuozu_health_centre,Full solar system only,Not ready,Moderately ready,Full solar system,Router
57ecef33-10d5-4966-908a-43e3da32ecff,kano,makoda,dr_wada_waziri_basic_health_clinic,Full solar system only,Not ready,Ready,,
c6eaad3c-a3a2-4cdc-a7ce-aa67706e595f,imo,ikeduru,avuvu_health_centre,Full solar system only,Not ready,Moderately ready,,Router
6094eb70-1e79-4b54-bbc4-a41bb2ee65b5,adamawa,song,dirma_primary_health_centre,Router only,Ready,Moderately ready,Full solar system,Router
6094eb70-1e79-4b54-bbc4-a41bb2ee65b5,adamawa,song,dirma_primary_health_centre,Full solar system only,Not ready,Moderately ready,Full solar system,Router
14c63079-0c75-4dcf-b6f7-9bd0151670f5,adamawa,song,dumne_health_centre,Full solar system only,Not ready,Moderately ready,,Router
ec429516-e6da-4a3d-b755-b2151e409167,adamawa,song,murke_maternal_and_child_health,Full solar system only,Not ready,Moderately ready,,Router
b52fcf4c-40f5-490a-a3cc-8f262c10b69b,imo,nwangele,umunakara_primary_health_centre,Router only,Ready,Moderately ready,Full solar system,Router
b52fcf4c-40f5-490a-a3cc-8f262c10b69b,imo,nwangele,umunakara_primary_health_centre,Full solar system only,Not ready,Moderately ready,Full solar system,Router
149b42e6-c8d2-433b-b7b0-aadb2489576b,imo,ngor_okpala,elelem_health_centre,Full solar system only,Not ready,Moderately ready,,Router
4c13c8ce-f6a3-41ab-890d-35b45ad29bb6,rivers,obioakpor,rumuigbo_primary_health_centre,FibreX only,Ready,Moderately ready,,Router
4c13c8ce-f6a3-41ab-890d-35b45ad29bb6,rivers,obioakpor,rumuigbo_primary_health_centre,Full solar system only,Not ready,Moderately ready,,Router
209d0ae6-a681-4bd2-a58f-86af5097758c,imo,nwangele,abajah_health_centre,Router only,Ready,Moderately ready,Full solar system,Router
209d0ae6-a681-4bd2-a58f-86af5097758c,imo,nwangele,abajah_health_centre,Full solar system only,Not ready,Moderately ready,Full solar system,Router
4dee31e8-b2b4-4854-99cd-68f5e9d930c5,kano,makoda,dawan_kaya_health_post,Full solar system only,Not ready,Ready,Full solar system,
d933c0c5-057f-4b75-914f-fc1e850faa25,akwa_ibom,ibesikpoasutan,ikot_atang_esen_health_post,Full solar system only,Not ready,Moderately ready,Full solar system,Router
a7e9f608-3d6a-4dd6-b6ae-a04424b80864,kano,makoda,wailare_health_post,Full solar system only,Not ready,Moderately ready,,Router
892cc4c0-b1be-441b-b8a0-fb18aafcff74,imo,nkwerre,onusa_mdgs_facility,Full solar system only,Not ready,Moderately ready,Full solar system,Router
e9a9f841-1bb1-47d0-bc02-2d3e9b2d612a,imo,orlu,ihiteowerre_primary_health_centre,Router only,Ready,Moderately ready,Full solar system,Router
e9a9f841-1bb1-47d0-bc02-2d3e9b2d612a,imo,orlu,ihiteowerre_primary_health_centre,Full solar system only,Not ready,Moderately ready,Full solar system,Router
4a8fa833-0962-4494-9680-c204328e300f,akwa_ibom,onna,ikot_idem_udo_health_centre,Router only,Ready,Moderately ready,Full solar system,Router
4a8fa833-0962-4494-9680-c204328e300f,akwa_ibom,onna,ikot_idem_udo_health_centre,Full solar system only,Not ready,Moderately ready,Full solar system,Router
74a52e67-e8f6-44ec-8681-40c63c039eb8,akwa_ibom,onna,edem_idim_ishiet_health_post,Router only,Ready,Moderately ready,Full solar system,Router
74a52e67-e8f6-44ec-8681-40c63c039eb8,akwa_ibom,onna,edem_idim_ishiet_health_post,Full solar system only,Not ready,Moderately ready,Full solar system,Router
3de350f9-f048-41ec-93c9-b3992a08e313,anambra,nnewi_north,uru_primary_health_centre,Router only,Ready,Moderately ready,Full solar system,Router
3de350f9-f048-41ec-93c9-b3992a08e313,anambra,nnewi_north,uru_primary_health_centre,Full solar system only,Not ready,Moderately ready,Full solar system,Router
dfda14b6-70c1-4800-bb58-19128ffa95ca,kano,karaye,zungurau_health_post,Full solar system only,Not ready,Moderately ready,Full solar system,Router
f3884408-2384-4c67-ab96-1730de70be3f,lagos,kosofe,isheri_olowora_primary_health_centre,FibreX only,Ready,Moderately ready,,Router
f3884408-2384-4c67-ab96-1730de70be3f,lagos,kosofe,isheri_olowora_primary_health_centre,Full solar system only,Not ready,Moderately ready,,Router
79bd8df6-fe04-4978-9e8b-4072e188b4d7,imo,oru_west,nempi_health_centre,Full solar system only,Not ready,Moderately ready,Full solar system,Router
b0db69eb-41cb-435d-b0d8-a75a03210c89,imo,oru_west,ubulu_health_centre,Router only,Ready,Moderately ready,Full solar system,Router
b0db69eb-41cb-435d-b0d8-a75a03210c89,imo,oru_west,ubulu_health_centre,Full solar system only,Not ready,Moderately ready,Full solar system,Router
0703008e-b1de-4f48-8c21-a7b80228b89f,imo,oru_west,ibiasoegbe_health_centre,Full solar system only,Not ready,Moderately ready,,Router
ace179fb-9c8c-401a-9a68-9f9ccee09ab1,imo,oru_west,ozara_health_centre,Router only,Ready,Moderately ready,Full solar system,Router
cb89f9c1-9b13-448b-9250-1cd7987307d4,imo,oru_west,aji_primary_health_centre,Router only,Ready,Moderately ready,Full solar system,Router
cb89f9c1-9b13-448b-9250-1cd7987307d4,imo,oru_west,aji_primary_health_centre,Full solar system only,Not ready,Moderately ready,Full solar system,Router
f160755b-802e-4110-9df4-92b0a7f6b59a,lagos,epe,odomola_primary_health_centre,Full solar system only,Not ready,Moderately ready,Full solar system,Router
b2feb542-5489-4083-8ca5-200ea0edba1a,anambra,idemili_north,oraukwu_primary_health_centre,Full solar system only,Not ready,Moderately ready,Solar top-up,FibreX
058a42b8-7fba-4f0b-afab-463ade04d57e,imo,onuimo,okwelle_primary_health_centre,Full solar system only,Not ready,Moderately ready,,Router
fd56b323-182f-4e89-a451-6ae94969453c,imo,ehime_mbano,umuezeala_nsu_primary_health_centre,Full solar system only,Not ready,Moderately ready,Full solar system,Router
5802ec05-38b0-4de2-8b39-ba89e2bc435f,imo,ehime_mbano,ibeafor_nzerem_primary_health_centre,Full solar system only,Not ready,Moderately ready,Full solar system,Router
83250a23-1a4d-47bf-a32a-d3761952dbfe,anambra,onitsha_south,redemption_primary_health_centre,FibreX only,Ready,Moderately ready,,Router
83250a23-1a4d-47bf-a32a-d3761952dbfe,anambra,onitsha_south,redemption_primary_health_centre,Full solar system only,Not ready,Moderately ready,,Router
4fcbf97b-e6dc-4511-a9a3-fe117dd0dcdd,anambra,idemili_north,ogidi_maternal_and_child_health,Full solar system only,Not ready,Moderately ready,,Router
cc971fd0-ee0d-4fd9-8edc-b5912a1d1e50,imo,mbaitoli,umuomumu_health_centre,Full solar system only,Not ready,Moderately ready,Full solar system,Router
08694c3d-e4cb-4b08-b3f1-be8ad6a38d8b,lagos,alimosho,isheri_oshun_primary_health_centre,Full solar system only,Not ready,Moderately ready,,Router
1991d296-b99c-4dd2-8858-b093c0a52056,lagos,alimosho,ijegun_primary_health_centre,Full solar system only,Not ready,Moderately ready,Full solar system,Router
8722f12b-386b-4fdf-94f9-5b956cc89b04,kano,sumaila,gala_primary_health_centre,Full solar system only,Not ready,Moderately ready,,Router
d4733a6c-3b4d-45eb-a4d1-be808bdfaa7d,niger,mashegu,kasaga_primary_health_centre,Router only,Ready,Moderately ready,Full solar system,Router
3c976a4b-b23b-4d6a-90f9-e3155eaf2145,lagos,agege,claudia_ibijoke_sanwo_olu_primary_health_centre,Full solar system only,Not ready,Moderately ready,,Router
edb32f09-2c39-4959-9250-d3b3f6a96d13,imo,mbaitoli,ohohia_primary_health_centre,Full solar system only,Not ready,Moderately ready,Full solar system,Router
b8d0145b-e6d1-445f-bdc3-56a78ef87df7,imo,ngor_okpala,nneorie_health_centre,Router only,Ready,Moderately ready,Full solar system,Router
aad0e985-71c6-4169-b276-34311bb8b92f,rivers,ogbaegbemandoni,obuburu_primary_health_centre,Router only,Ready,Moderately ready,Full solar system,Router
0e869f42-681a-41f3-a893-804993fdf654,jigawa,kazaure,gada_primary_health_centre,Full solar system only,Not ready,Moderately ready,,Router
64cf49a8-c1bb-4e7d-9982-ae9c53acaf07,jigawa,kazaure,dandi_primary_health_centre,Full solar system only,Not ready,Moderately ready,,Router
2ad0034d-1fa8-4e4e-b1ec-d616c8bf2ff6,jigawa,kazaure,katoge_primary_health_centre,Router only,Ready,Moderately ready,Full solar system,Router
2ad0034d-1fa8-4e4e-b1ec-d616c8bf2ff6,jigawa,kazaure,katoge_primary_health_centre,Full solar system only,Not ready,Moderately ready,Full solar system,Router
7850200b-bbbb-4261-a628-333e0391ff25,rivers,ogbaegbemandoni,erema_primary_health_centre,Router only,Ready,Moderately ready,Full solar system,Router
7850200b-bbbb-4261-a628-333e0391ff25,rivers,ogbaegbemandoni,erema_primary_health_centre,Full solar system only,Not ready,Moderately ready,Full solar system,Router
ff1d860b-11c8-46c2-ab5e-a0ec98a18d17,imo,ngor_okpala,amapu_amala_health_centre,Full solar system only,Not ready,Moderately ready,,Router
e588a4ad-9ffe-4fe0-9bbf-eac022a35f7a,imo,mbaitoli,umunneato_primary_health_centre,Full solar system only,Not ready,Moderately ready,Full solar system,Router
88370923-dcc0-497a-b285-e521af7e885f,akwa_ibom,eket,odio_health_centre,Full solar system only,Not ready,Moderately ready,,Router
ec78bb2c-6275-49dd-a7a6-cc9dbbc32f93,akwa_ibom,mkpat_enin,operational_base_mkpat_enin_primary_health_centre,Router only,Ready,Moderately ready,Full solar system,Router
ec78bb2c-6275-49dd-a7a6-cc9dbbc32f93,akwa_ibom,mkpat_enin,operational_base_mkpat_enin_primary_health_centre,Full solar system only,Not ready,Moderately ready,Full solar system,Router
11ea2340-20cb-4bdc-aed7-d448fab0b687,anambra,awka_north,orebe_primary_health_centre,Full solar system only,Not ready,Moderately ready,Full solar system,Router
90b8f920-0dee-4e81-bd14-2814382353db,kano,kunchi,gwadama_basic_health_clinic,Full solar system only,Not ready,Moderately ready,Full solar system,FibreX
bd96654d-b3eb-4883-a06f-af8d07d1fc2a,kano,kunchi,ridawa_health_post,Full solar system only,Not ready,Moderately ready,Full solar system,FibreX
3147057e-3949-46ab-b10d-48734bedbb3c,lagos,agege,papa_ashafa_health_post,Full solar system only,Not ready,Moderately ready,,Router
30f4d008-da30-40b0-8de8-922b98145132,kano,garko,gurjiya_primary_health_centre_garko,Full solar system only,Not ready,Moderately ready,Full solar system,FibreX
ece2820f-2b29-47e9-87c4-89042b953f91,rivers,okrika,ogoloma_primary_health_centre,FibreX only,Ready,Moderately ready,,Router
ece2820f-2b29-47e9-87c4-89042b953f91,rivers,okrika,ogoloma_primary_health_centre,Full solar system only,Not ready,Moderately ready,,Router
c26102bc-b6b3-403a-aee8-dc2a87965561,rivers,port_harcourt,mgbundukwu_primary_health_centre,Router only,Ready,Moderately ready,Solar top-up,Router
c26102bc-b6b3-403a-aee8-dc2a87965561,rivers,port_harcourt,mgbundukwu_primary_health_centre,Full solar system only,Not ready,Moderately ready,Solar top-up,Router
94b4c5cc-b5c7-4f49-9e1b-1834ca3111dc,akwa_ibom,mkpat_enin,ikot_akata_health_centre,Router only,Ready,Moderately ready,Full solar system,Router
94b4c5cc-b5c7-4f49-9e1b-1834ca3111dc,akwa_ibom,mkpat_enin,ikot_akata_health_centre,Full solar system only,Not ready,Moderately ready,Full solar system,Router
46aa1f35-49a2-4fe0-beda-29925f65767a,anambra,nnewi_north,ndiakwu_otolo_primary_health_centre,Full solar system only,Not ready,Moderately ready,,Router
95b7c5f8-2101-4699-960d-96c87288e623,oyo,oyo_east,alawusa_health_centre,Router only,Ready,Moderately ready,Full solar system,Router
95b7c5f8-2101-4699-960d-96c87288e623,oyo,oyo_east,alawusa_health_centre,Full solar system only,Not ready,Moderately ready,Full solar system,Router
97da2567-ad5f-4d0b-b37a-4b8fdc584029,akwa_ibom,mkpat_enin,ukam_health_centre,Router only,Ready,Moderately ready,Full solar system,Router
97da2567-ad5f-4d0b-b37a-4b8fdc584029,akwa_ibom,mkpat_enin,ukam_health_centre,Full solar system only,Not ready,Moderately ready,Full solar system,Router
aa46981f-c988-4f9e-bd5e-cdb23350fc0c,imo,ikeduru,iho_basic_health_centre,Full solar system only,Not ready,Moderately ready,,Router
ca94bb74-918c-4281-9e91-fc20019dba11,anambra,awka_north,awba_ofemili_primary_health_centre,Full solar system only,Not ready,Moderately ready,,Router
eb9c0d27-cea3-4bc1-b312-228685de4c24,kano,garko,garin_ali_basic_health_clinic,Full solar system only,Not ready,Ready,Full solar system,
7c8fdc79-e8c0-4b32-b0f4-6c4e714f1f54,anambra,nnewi_north,emecourt_primary_health_centre,Full solar system only,Not ready,Moderately ready,,Router
1bce7dec-d5ee-4640-8d88-9ff773748a7f,lagos,agege,odunmbaku_primary_health_centre,Full solar system only,Not ready,Moderately ready,,Router
1a2e62d0-206c-4df5-8459-ea30bc5d3ef6,imo,ngor_okpala,eziama_primary_health_centre_no,Router only,Ready,Moderately ready,Full solar system,Router
1a2e62d0-206c-4df5-8459-ea30bc5d3ef6,imo,ngor_okpala,eziama_primary_health_centre_no,Full solar system only,Not ready,Moderately ready,Full solar system,Router
d4017d88-1bca-4472-9f09-99cf8b767d4f,anambra,nnewi_south,ekwulummili_primary_health_centre,Full solar system only,Not ready,Ready,Full solar system,
9977969a-fb2f-423e-aac8-b35c399beb27,akwa_ibom,mkpat_enin,ikot_akpaden_health_centre,Router only,Ready,Moderately ready,Full solar system,Router
9977969a-fb2f-423e-aac8-b35c399beb27,akwa_ibom,mkpat_enin,ikot_akpaden_health_centre,Full solar system only,Not ready,Moderately ready,Full solar system,Router
ff3ec7fa-099d-43ce-859d-f5c58fc2a48c,kano,rano,taitai_health_clinic,Full solar system only,Not ready,Moderately ready,Full solar system,Router
53ebf5de-da35-4085-8da6-cb04048051cd,kano,rano,saji_health_post,Full solar system only,Not ready,Moderately ready,Full solar system,Router
afd26494-ad60-450c-ac04-0d3712251529,anambra,awka_north,ugbenu_primary_health_centre,Full solar system only,Not ready,Moderately ready,,Router
148d5e6d-6132-421d-a0c7-e557223259c5,imo,ikeduru,eziama_health_centre,Router only,Ready,Moderately ready,Full solar system,Router
148d5e6d-6132-421d-a0c7-e557223259c5,imo,ikeduru,eziama_health_centre,Full solar system only,Not ready,Moderately ready,Full solar system,Router
a3dd71ca-ec9e-4197-974d-dc944ff2e490,niger,mashegu,mashegu_primary_health_centre,Router only,Ready,Moderately ready,Solar top-up,Router
a3dd71ca-ec9e-4197-974d-dc944ff2e490,niger,mashegu,mashegu_primary_health_centre,Full solar system only,Not ready,Moderately ready,Solar top-up,Router
38b8511a-c82c-424b-a221-676b788fe140,lagos,badagry,seme_primary_health_centre,Router only,Ready,Moderately ready,Full solar system,Router
38b8511a-c82c-424b-a221-676b788fe140,lagos,badagry,seme_primary_health_centre,Full solar system only,Not ready,Moderately ready,Full solar system,Router
a1a3f629-3048-4a9a-bb12-df8420bbee18,akwa_ibom,esit_eket,ebe_ekpi_health_post,Router only,Ready,Moderately ready,Full solar system,Router
a1a3f629-3048-4a9a-bb12-df8420bbee18,akwa_ibom,esit_eket,ebe_ekpi_health_post,Full solar system only,Not ready,Moderately ready,Full solar system,Router
117ff101-7d84-4b49-997f-c8735a66129c,imo,mbaitoli,umuduru_obinnoha_health_centre,Full solar system only,Not ready,Moderately ready,Full solar system,Router
e7c7d0f0-90ff-44dd-aec1-b730b407c6af,kano,dawakin_tofa,marke_health_post,Full solar system only,Not ready,Moderately ready,Full solar system,FibreX
7ed8209f-8133-4bfe-bfac-b8b21ad17d3c,akwa_ibom,ikono,ikot_idaha_primary_health_centre,Full solar system only,Not ready,Moderately ready,Full solar system,Router
1bfe3a5d-356b-44f8-a911-f7bc6b3ae06d,kano,garko,kafir_chiri_basic_health_clinic,Full solar system only,Not ready,Ready,,
3de214b9-cd85-401e-b7f0-92541d75faaa,imo,mbaitoli,achimberi_health_centre,Full solar system only,Not ready,Moderately ready,Full solar system,Router
3c8e4a66-9dbb-4d23-b069-1556fb0978e8,imo,ngor_okpala,umukabia_health_centre,Router only,Ready,Moderately ready,Full solar system,Router
3c8e4a66-9dbb-4d23-b069-1556fb0978e8,imo,ngor_okpala,umukabia_health_centre,Full solar system only,Not ready,Moderately ready,Full solar system,Router
7cf3404e-0f2c-4507-b50c-1b7750b0e1cb,kano,garko,lamire_health_post,Full solar system only,Not ready,Moderately ready,Full solar system,Router
45e1a58d-48c8-4f4a-aa36-1fe005643016,kano,tudun_wada,fuskar_wambai_health_post,Router only,Ready,Moderately ready,Full solar system,Router
0c2cf703-cb59-41de-83f4-9b3c1f846f63,anambra,nnewi_south,umuonuko_primary_health_centre,Full solar system only,Not ready,Moderately ready,,Router
b0371b3b-03a1-40a1-9d97-1ece8ae0795b,kano,karaye,yammedi_model_primary_health_centre,Full solar system only,Not ready,Ready,,
64be1141-6cc4-404e-9f43-4b88a7aa3463,akwa_ibom,ikono,ukpom_primary_health_centre,Router only,Ready,Moderately ready,Full solar system,Router
64be1141-6cc4-404e-9f43-4b88a7aa3463,akwa_ibom,ikono,ukpom_primary_health_centre,Full solar system only,Not ready,Moderately ready,Full solar system,Router
0652a6cb-2b18-429f-b0d8-3d1935bf6045,imo,ikeduru,amaeke_inyishi_health_centre,Router only,Ready,Moderately ready,Full solar system,Router
0652a6cb-2b18-429f-b0d8-3d1935bf6045,imo,ikeduru,amaeke_inyishi_health_centre,Full solar system only,Not ready,Moderately ready,Full solar system,Router
0ea91dd3-40ab-4f09-8f27-9b56b8ada4e3,imo,ikeduru,atta_ii_health_centre,Full solar system only,Not ready,Moderately ready,,Router
10c0beaa-0524-4100-b097-fc375e5ab3de,akwa_ibom,abak,midim_health_centre,Full solar system only,Not ready,Moderately ready,,Router
8521defb-c018-41af-8ae9-80df0fe34424,akwa_ibom,uyo,ikot_ayan_ikono_health_centre,Full solar system only,Not ready,Moderately ready,,Router
c6065043-1225-41b2-84fa-c71ac1998178,akwa_ibom,ini,mbiabong_ikot_udofia_health_centre,Router only,Ready,Moderately ready,Full solar system,Router
d1d8f2d2-c5de-4df8-859d-77ed48106180,niger,agaie,kutiriko_primary_health_centre,Full solar system only,Not ready,Moderately ready,,Router
3c05c9a9-3d47-4eba-8a51-10491929a03f,akwa_ibom,ikono,etip_ediene_health_centre,Full solar system only,Not ready,Moderately ready,,Router
df4c9fb3-6a38-4965-b70c-d4c81c471db1,kano,tudun_wada,tudun_wada_tsohon_gari_health_clinic,Full solar system only,Not ready,Moderately ready,,FibreX
e58e012a-f05e-4133-8180-ceb866b85c4a,akwa_ibom,onna,ikwe_health_centre,Router only,Ready,Moderately ready,Full solar system,Router
e58e012a-f05e-4133-8180-ceb866b85c4a,akwa_ibom,onna,ikwe_health_centre,Full solar system only,Not ready,Moderately ready,Full solar system,Router
690604a1-d4a1-4a65-8da9-a65889df9ff2,imo,ikeduru,atta_i_health_centre,Full solar system only,Not ready,Moderately ready,,Router
02dfb603-26cf-49ab-b652-34b6ed192e84,kano,kunchi,kasuwar_kuka_mphc_primary_health_centre,Full solar system only,Not ready,Moderately ready,,FibreX
cb8fd6cd-ce5f-4370-a522-c77a9058460b,imo,oru_west,uzinumu_primary_health_centre,Full solar system only,Not ready,Moderately ready,,Router
3e0ad389-bcfa-4a18-83d1-46f8035ce711,kano,kunchi,gwarmai_primary_health_centre_kunchi,Full solar system only,Not ready,Moderately ready,,FibreX
a84b800e-c64f-4e33-82c8-032a80edafea,nasarawa,lafia,fadama_south_primary_health_centre,Full solar system only,Not ready,Moderately ready,,Router
84388172-5e60-487f-a86a-7b9cd59ff87e,rivers,ikwerre,igwuruta_primary_health_centre_model,FibreX only,Ready,Moderately ready,,Router
a8db3bcb-21e3-4afa-82d5-f7eeb31e7e6c,anambra,onitsha_south,queen_of_peace_health_post,Full solar system only,Not ready,Ready,,
228c3940-01d1-4115-98f1-d770d82b0042,anambra,onitsha_south,recreation_phc,Full solar system only,Not ready,Moderately ready,,FibreX
c12ca6d0-dd6d-41ec-9c45-185c327adb9f,anambra,onitsha_south,bridge_head_primary_health_centre,Full solar system only,Not ready,Moderately ready,,Router
98f29f14-eb83-4fd4-a115-f8038a48dcd9,nasarawa,lafia,fadama_north_primary_health_centre,Router only,Ready,Moderately ready,Solar top-up,Router
98f29f14-eb83-4fd4-a115-f8038a48dcd9,nasarawa,lafia,fadama_north_primary_health_centre,Full solar system only,Not ready,Moderately ready,Solar top-up,Router
310cce65-8ede-4cde-b5ed-65d9d5923700,akwa_ibom,ikono,nung_udoe_itak_health_centre,Full solar system only,Not ready,Moderately ready,Full solar system,Router
ae04df4e-d537-4d82-b0f4-aad1ada71ed7,lagos,kosofe,maidan_primary_health_centre,Full solar system only,Not ready,Moderately ready,Full solar system,Router
f5ee09c3-4472-460e-889e-bc6d7d4a7d8d,imo,mbaitoli,ubommiri_primary_health_centre,Router only,Ready,Moderately ready,Full solar system,Router
2815da27-116a-4f26-aa76-ca333fce5502,imo,owerri_north,emii_primary_health_centre,Router only,Ready,Moderately ready,Full solar system,Router
ea6358fc-b439-4ea5-af63-44cac5b68737,adamawa,lamurde,ngbakawo_primary_health_centre,Router only,Ready,Moderately ready,Solar top-up,Router
ea6358fc-b439-4ea5-af63-44cac5b68737,adamawa,lamurde,ngbakawo_primary_health_centre,Full solar system only,Not ready,Moderately ready,Solar top-up,Router
b20dc8d6-6881-48a6-8914-04b838ac8cc8,adamawa,song,b_clinic_health_centre,Full solar system only,Not ready,Moderately ready,,Router
91208d38-3855-414e-8d4e-ada03afa8f91,niger,mashegu,makera_primary_health_centre_mphc,Full solar system only,Not ready,Moderately ready,,Router
9d649452-9828-4926-90a6-dfde9c7da50a,kano,karaye,karaye_comprehensive_health_centre,Full solar system only,Not ready,Ready,,
02e6343f-6c11-4293-b456-624f9ec1c62a,lagos,epe,agbowa_primary_health_centre,Full solar system only,Not ready,Moderately ready,,Router
4853f020-b0e1-4ab3-8564-af7395822b26,bauchi,shira,zubo_primary_health_centre,Full solar system only,Not ready,Moderately ready,,Router
4432bdce-0dde-446d-92bd-a1e80cf76fd8,imo,ohajiegbema,mgbirichi_primary_health_centre,Router only,Ready,Moderately ready,Full solar system,Router
4432bdce-0dde-446d-92bd-a1e80cf76fd8,imo,ohajiegbema,mgbirichi_primary_health_centre,Full solar system only,Not ready,Moderately ready,Full solar system,Router
8625a0ab-7c93-4166-a57f-315df7aa5b38,imo,ohajiegbema,umuapu_primary_health_centre,Router only,Ready,Moderately ready,Full solar system,Router
8625a0ab-7c93-4166-a57f-315df7aa5b38,imo,ohajiegbema,umuapu_primary_health_centre,Full solar system only,Not ready,Moderately ready,Full solar system,Router
c07685a3-d449-465c-b0b8-fce16f406d08,imo,ohajiegbema,mgbuisii_health_centre,Router only,Ready,Moderately ready,Full solar system,Router
c07685a3-d449-465c-b0b8-fce16f406d08,imo,ohajiegbema,mgbuisii_health_centre,Full solar system only,Not ready,Moderately ready,Full solar system,Router
bc9bb54e-be94-456d-8747-752b5d7d0353,bauchi,shira,disina_primary_health_centre,Full solar system only,Not ready,Moderately ready,,Router
7c1ed037-9c3b-4147-ae28-003c667bde0f,imo,ohajiegbema,abacheke_primary_health_centre,Full solar system only,Not ready,Moderately ready,,Router
83b8e1ba-ea5e-4639-bef4-fe76c0a4518d,imo,ohajiegbema,assa_primary_health_centre,Full solar system only,Not ready,Moderately ready,,Router
dbfc2d9d-8c50-476c-b33e-e90ce492f3ab,lagos,epe,orugbo_primary_health_centre,Full solar system only,Not ready,Moderately ready,Full solar system,Router
df9eb147-7678-4df2-bc9e-97c01dd660e6,kano,wudil,kausani_health_post,Router only,Ready,Moderately ready,Full solar system,
f58366c5-192a-473e-bfa9-07acc96a6451,imo,ohajiegbema,ohuba_primary_health_centre,Full solar system only,Not ready,Moderately ready,,Router
d9bc7eaf-42f7-44ec-b039-e123e1cf3db3,kano,garun_malam,dorawar_sallau_health_post,Full solar system only,Not ready,Ready,,
3efa5ac3-6668-4dc6-bc8d-2f70cd0c2b83,kano,garun_malam,kadawa_gate_basic_health_clinic,Router only,Ready,Moderately ready,Full solar system,Router
3efa5ac3-6668-4dc6-bc8d-2f70cd0c2b83,kano,garun_malam,kadawa_gate_basic_health_clinic,Full solar system only,Not ready,Moderately ready,Full solar system,Router
947319a5-81a1-43b5-961e-09465efda433,bauchi,ganjuwa,gungura_health_clinic,Full solar system only,Not ready,Moderately ready,Full solar system,Router
d97170e9-6cc2-43df-9d58-a61ad44342d6,anambra,nnewi_north,obiu_uruagu_primary_health_centre,Full solar system only,Not ready,Ready,,
3d3e8aba-24a9-44b5-9f14-f4918a91bbaa,anambra,nnewi_north,edorji_primary_health_centre,Router only,Ready,Moderately ready,Full solar system,Router
0e530312-8641-4bb9-aa0e-82ff0b6f4a3c,lagos,alimosho,ikotun_elf_foundation_primary_health_centre,Full solar system only,Not ready,Moderately ready,,FibreX
ef76d1fe-6cbe-4f1b-aa8c-c04516cf7fb8,lagos,alimosho,egan_primary_health_centre,Router only,Ready,Moderately ready,Full solar system,Router
ef76d1fe-6cbe-4f1b-aa8c-c04516cf7fb8,lagos,alimosho,egan_primary_health_centre,Full solar system only,Not ready,Moderately ready,Full solar system,Router
825c28f5-1099-4dce-992f-c8b9ab07f70d,akwa_ibom,onna,ikot_udo_health_centre,Full solar system only,Not ready,Moderately ready,,Router
215a2a97-5637-4a27-8f7e-0f200dee2bef,anambra,idemili_north,ideani_primary_health_centre,Full solar system only,Not ready,Moderately ready,,FibreX
f07f719a-7f9d-458b-8d4f-afa14f97e930,kano,karaye,turawa_model_primary_health_centre,Router only,Ready,Moderately ready,Full solar system,
f07f719a-7f9d-458b-8d4f-afa14f97e930,kano,karaye,turawa_model_primary_health_centre,Full solar system only,Not ready,Ready,Full solar system,
80bc0a0e-c4ad-4514-bd29-6abe42a4ba51,oyo,saki_east,arolu_primary_health_centre,Full solar system only,Not ready,Moderately ready,,Router
f82a8d57-c14d-4d72-ac9e-60d92394bb2b,jigawa,kazaure,farin_daba_primary_health_centre,Full solar system only,Not ready,Moderately ready,,Router
728d2f16-4b15-4203-bebc-825bbe2145a6,oyo,atisbo,agunrege_primary_health_centre,Full solar system only,Not ready,Moderately ready,,Router
57792237-2a8e-4343-a1a2-cf690c116154,oyo,saki_east,lukutu_primary_health_centre,Full solar system only,Not ready,Moderately ready,Full solar system,Router
3a399213-92c7-4ee6-b384-1ddd243765bc,oyo,saki_east,imodi_health_post,Full solar system only,Not ready,Moderately ready,Full solar system,Router
988b6595-0527-45f5-a0bd-b62c0b576809,imo,mbaitoli,ihitte_mbieri_primary_health_centre,Router only,Ready,Moderately ready,Full solar system,Router
988b6595-0527-45f5-a0bd-b62c0b576809,imo,mbaitoli,ihitte_mbieri_primary_health_centre,Full solar system only,Not ready,Moderately ready,Full solar system,Router
cccd167b-3722-4395-b37f-e580eeb9133a,lagos,agege,powerline_primary_health_centre,Full solar system only,Not ready,Moderately ready,,Router
a8191915-5be1-47ec-b4c6-241c73f2616e,oyo,egbeda,oremeji_primary_health_centre,Router only,Ready,Moderately ready,Full solar system,Router
a8191915-5be1-47ec-b4c6-241c73f2616e,oyo,egbeda,oremeji_primary_health_centre,Full solar system only,Not ready,Moderately ready,Full solar system,Router
f17d0768-84d0-4ff0-bbf8-62724df2c8a3,oyo,ona_ara,amuloko_primary_health_centre,Full solar system only,Not ready,Moderately ready,,Router
9f7703a0-db78-4cf5-a69a-0be1c6241d52,oyo,ona_ara,olorunsogo_babarere_primary_health_centre,Full solar system only,Not ready,Moderately ready,,Router
8c0d6903-ad9e-4831-8b6c-722103f0024f,akwa_ibom,oruk_anam,ikot_iba_health_centre,Router only,Ready,Moderately ready,Solar top-up,Router
8c0d6903-ad9e-4831-8b6c-722103f0024f,akwa_ibom,oruk_anam,ikot_iba_health_centre,Full solar system only,Not ready,Moderately ready,Solar top-up,Router
545e3a90-5d2d-4916-9abb-77df5726a357,rivers,andoni,ibotiremphc_primary_health_centre,Full solar system only,Not ready,Moderately ready,Full solar system,Router
8b77b191-b00e-4425-9ad8-14b8cff6088f,rivers,tai,ban_ogoi_primary_health_centre,Full solar system only,Not ready,Moderately ready,,Router
60d7efaa-ac54-4879-ab2d-b84f00c86bd8,imo,owerri_west,nekede_i_primary_health_centre,Router only,Ready,Moderately ready,Full solar system,Router
60d7efaa-ac54-4879-ab2d-b84f00c86bd8,imo,owerri_west,nekede_i_primary_health_centre,Full solar system only,Not ready,Moderately ready,Full solar system,Router
7145d04a-4c89-4635-b80e-145f5b6a1713,niger,mashegu,kpellegi_primary_health_centre,Full solar system only,Not ready,Moderately ready,Full solar system,Router
a8ad345f-0056-439f-9374-662b6891deff,akwa_ibom,uyo,oku_uyo_health_centre_model,Router only,Ready,Moderately ready,Full solar system,Router
a8ad345f-0056-439f-9374-662b6891deff,akwa_ibom,uyo,oku_uyo_health_centre_model,Full solar system only,Not ready,Moderately ready,Full solar system,Router
5a9c69f3-16ba-46f6-9e81-3da5ac2fd029,imo,owerri_north,ulakwo_primary_health_centre,Full solar system only,Not ready,Moderately ready,,Router
81e474cd-b710-4565-9c99-81a3e83a96a4,rivers,ogubolo,bolo_primary_health_centre,Full solar system only,Not ready,Ready,,
2a2b5a7b-e060-4224-b374-dc54ea513b94,akwa_ibom,onna,ikot_nkan_health_centre,Full solar system only,Not ready,Moderately ready,,Router
05a27906-7499-4744-96e0-14682d05c720,lagos,kosofe,alapere_primary_health_centre,Router only,Ready,Moderately ready,Solar top-up,Router
05a27906-7499-4744-96e0-14682d05c720,lagos,kosofe,alapere_primary_health_centre,Full solar system only,Not ready,Moderately ready,Solar top-up,Router
b78b9b1b-2f95-45e2-b729-263c538faa66,niger,mashegu,karaminrami_primary_health_centre,Full solar system only,Not ready,Moderately ready,Full solar system,Router
ef1c5087-aeea-4874-8982-da3538859628,akwa_ibom,oruk_anam,ikot_ibritam_operational_base_primary_health_centre,Router only,Ready,Moderately ready,Full solar system,Router
ef1c5087-aeea-4874-8982-da3538859628,akwa_ibom,oruk_anam,ikot_ibritam_operational_base_primary_health_centre,Full solar system only,Not ready,Moderately ready,Full solar system,Router
e8f0cd94-055c-41d6-8fad-76e827b847b2,akwa_ibom,oruk_anam,ikot_ukpong_obiose_health_centre,Full solar system only,Not ready,Moderately ready,Full solar system,Router
dcb7290a-ca07-42d4-b421-a4392e466e4b,rivers,tai,bara_ale_primary_health_centre_model,Full solar system only,Not ready,Moderately ready,Full solar system,Router
b569cdbb-b164-4922-9fad-c4aa88105511,kano,garko,kafin_malamai_health_post,Full solar system only,Not ready,Moderately ready,Full solar system,FibreX
92ebfa97-a491-4968-adf6-af2e7e83647a,kano,takai,kafinsidda_health_post,Full solar system only,Not ready,Moderately ready,,Router
97900c39-dcef-4eab-9f68-8770a773a684,anambra,nnewi_south,amakom_primary_health_centre,Router only,Ready,Moderately ready,Full solar system,
3eb9e298-d845-481f-bb58-ba5762b130c9,imo,owerri_north,oku_emeke_health_centre,Full solar system only,Not ready,Moderately ready,Full solar system,Router
ba9a6f21-1ee8-488d-8a34-bdd8d9d86dc3,akwa_ibom,onna,abat_primary_health_centre,Router only,Ready,Moderately ready,Full solar system,Router
ba9a6f21-1ee8-488d-8a34-bdd8d9d86dc3,akwa_ibom,onna,abat_primary_health_centre,Full solar system only,Not ready,Moderately ready,Full solar system,Router
f2b988ed-2f6e-4c7e-a938-f346e926b31b,imo,mbaitoli,nwaorubi_primary_health_centre,Full solar system only,Not ready,Moderately ready,,Router
66164375-1d72-4ade-812a-c5898b1a030f,kano,takai,fajewa_m_p_h_c_primary_health_centre,Full solar system only,Not ready,Moderately ready,,Router
5f8533e3-b3e4-40e1-998b-b222dc39f69b,adamawa,demsa,gwamba_primary_health_centre,Router only,Ready,Moderately ready,Full solar system,Router
5f8533e3-b3e4-40e1-998b-b222dc39f69b,adamawa,demsa,gwamba_primary_health_centre,Full solar system only,Not ready,Moderately ready,Full solar system,Router
34d421b2-36a1-446c-8a05-6c0559a486bb,niger,mashegu,babanrami_primary_health_centre,Router only,Ready,Moderately ready,Full solar system,Router
34d421b2-36a1-446c-8a05-6c0559a486bb,niger,mashegu,babanrami_primary_health_centre,Full solar system only,Not ready,Moderately ready,Full solar system,Router
e6f622a2-43cd-4196-934a-dbcbfdd44266,rivers,ogubolo,ogu_primary_health_centre,Full solar system only,Not ready,Moderately ready,,Router
119efc77-a0ae-4206-8068-484c6c2bfffe,akwa_ibom,oruk_anam,ikot_esenam_health_centre,Router only,Ready,Moderately ready,Full solar system,Router
119efc77-a0ae-4206-8068-484c6c2bfffe,akwa_ibom,oruk_anam,ikot_esenam_health_centre,Full solar system only,Not ready,Moderately ready,Full solar system,Router
0c49d1a4-e9eb-4d77-8f05-4ca47ed530f3,imo,owerri_north,awaka_primary_health_centre,Router only,Ready,Moderately ready,Full solar system,Router
0c49d1a4-e9eb-4d77-8f05-4ca47ed530f3,imo,owerri_north,awaka_primary_health_centre,Full solar system only,Not ready,Moderately ready,Full solar system,Router
edfda345-5301-44a5-9c41-203c3dd925bb,akwa_ibom,oruk_anam,ekparakwa_health_centre,Full solar system only,Not ready,Moderately ready,,Router
9b6e07fc-70eb-420b-9f9d-9ca68db32a90,anambra,nnewi_north,mbanagu_primary_health_centre,Router only,Ready,Moderately ready,Full solar system,
c765f5a7-d4ee-4278-b600-ee82a7919fab,kano,garko,garko_model_primary_health_centre,Full solar system only,Not ready,Moderately ready,,FibreX
864c20ad-067a-4cd2-896d-afa3c283de0b,imo,owerri_west,irette_primary_health_centre,Full solar system only,Not ready,Moderately ready,Full solar system,Router
29ee358d-83ef-4ba5-9872-6d2e87b7f870,kano,kano_minicipal_council,darma_health_clinic,Full solar system only,Not ready,Moderately ready,,Router
f70fa62f-b66c-4143-a8ca-de90fd3a606f,akwa_ibom,onna,mkpok_health_centre,Router only,Ready,Moderately ready,Full solar system,Router
f70fa62f-b66c-4143-a8ca-de90fd3a606f,akwa_ibom,onna,mkpok_health_centre,Full solar system only,Not ready,Moderately ready,Full solar system,Router
e9143952-cfd1-42a6-8bfd-06609c5a2cd1,anambra,nnewi_south,ebenator_primary_health_centre,Router only,Ready,Moderately ready,Solar top-up,Router
3b429891-56d9-4d22-a082-a724a100d89c,rivers,ogubolo,chuku_ama_primary_health_centre,Router only,Ready,Moderately ready,Solar top-up,Router
3b429891-56d9-4d22-a082-a724a100d89c,rivers,ogubolo,chuku_ama_primary_health_centre,Full solar system only,Not ready,Moderately ready,Solar top-up,Router
750d54ac-6839-4ead-b57b-22423cc0439d,imo,owerri_north,umundula_primary_health_centre,Router only,Ready,Moderately ready,Full solar system,Router
5dcace07-b660-4415-927f-670ab0bab96c,imo,owerri_west,amakohia_ubi_primary_health_centre,Router only,Ready,Moderately ready,Full solar system,Router
5dcace07-b660-4415-927f-670ab0bab96c,imo,owerri_west,amakohia_ubi_primary_health_centre,Full solar system only,Not ready,Moderately ready,Full solar system,Router
96f4c251-2837-4659-bce2-7f6c5a892559,kano,fagge,fatima_ganduje_primary_health_centre,Router only,Ready,Moderately ready,Full solar system,Router
96f4c251-2837-4659-bce2-7f6c5a892559,kano,fagge,fatima_ganduje_primary_health_centre,Full solar system only,Not ready,Moderately ready,Full solar system,Router
275dd3ba-df71-44c3-aaaa-627d3de53577,bauchi,toro,tilde_maternal_and_child_health,Full solar system only,Not ready,Moderately ready,,Router
8d3fd702-a123-4498-b831-60c0a2609af3,bauchi,toro,saminakan_gwa_primary_health_centre,Full solar system only,Not ready,Moderately ready,Full solar system,Router
40bd73f4-c127-498b-9113-ef027646d7bc,bauchi,toro,lame_maternal_and_child_health,Full solar system only,Not ready,Ready,,
76feaa28-247a-441d-83f5-bd2d78540751,bauchi,ningi,kajala_primary_health_centre,Full solar system only,Not ready,Moderately ready,Full solar system,Router
8efef196-aadb-4364-81a6-fe4c79a27c91,bauchi,ningi,jimi_health_clinic,Full solar system only,Not ready,Moderately ready,Full solar system,Router
2f52bb0d-7140-4359-95c7-83e06d61fe80,bauchi,ningi,tabla_health_clinic,Full solar system only,Not ready,Moderately ready,,Router
0ae4f6d9-2c7f-423f-9d3d-9e011867625c,bauchi,ningi,dingis_primary_health_centre,Full solar system only,Not ready,Moderately ready,,Router
4918bf3b-ed23-4dfc-b22b-4ff37f7d8514,adamawa,numan,imburu_health_centre,Full solar system only,Not ready,Moderately ready,,Router
64914123-8354-4d51-884c-200bf5b5af27,adamawa,numan,sabon_pegi_numan_health_centre,Full solar system only,Not ready,Moderately ready,,Router
d636b0eb-a5b1-4749-9237-9d72c1e430f2,adamawa,numan,bamatato_health_centre,Router only,Ready,Moderately ready,Full solar system,Router
d636b0eb-a5b1-4749-9237-9d72c1e430f2,adamawa,numan,bamatato_health_centre,Full solar system only,Not ready,Moderately ready,Full solar system,Router
e1639129-99de-4a4d-a224-8e401bfaa4dd,adamawa,numan,pare_health_centre,Full solar system only,Not ready,Moderately ready,Full solar system,Router
f2a2d8e8-8649-4542-996c-05140571ad45,adamawa,toungo,gumti_health_post,Full solar system only,Not ready,Moderately ready,Full solar system,Router
7728fc67-2e30-471b-9e5c-93a9549d259f,adamawa,toungo,kilalai_health_clinic,Router only,Ready,Moderately ready,Full solar system,Router
7728fc67-2e30-471b-9e5c-93a9549d259f,adamawa,toungo,kilalai_health_clinic,Full solar system only,Not ready,Moderately ready,Full solar system,Router
2cb2bf70-9d4f-4f69-b458-cf625775d4cc,imo,ezinihitte,eziudo_primary_health_centre,Router only,Ready,Moderately ready,Full solar system,Router
2cb2bf70-9d4f-4f69-b458-cf625775d4cc,imo,ezinihitte,eziudo_primary_health_centre,Full solar system only,Not ready,Moderately ready,Full solar system,Router
30f05e32-8812-4188-be6e-ae78509fd4b9,kano,dawakin_kudu,yankatsari_health_post,Router only,Ready,Moderately ready,Full solar system,Router
30f05e32-8812-4188-be6e-ae78509fd4b9,kano,dawakin_kudu,yankatsari_health_post,Full solar system only,Not ready,Moderately ready,Full solar system,Router
a25dae04-4853-47c6-9b3d-c28a5b0b8132,kano,dawakin_kudu,unguwar_duniya_health_post,Full solar system only,Not ready,Moderately ready,Full solar system,Router
59036900-910f-4080-a398-f562a5b4011b,bauchi,gamawa,kutunas_primary_health_centre,Full solar system only,Not ready,Moderately ready,Full solar system,Router
969a3dfa-0f90-4ee0-93c0-819313b79ffd,bauchi,toro,matawai_primary_health_centre,Full solar system only,Not ready,Moderately ready,Full solar system,Router
307a116f-7667-4a5c-ba75-36c2f4fd618e,bauchi,toro,tulu_maternal_and_child_health,Full solar system only,Not ready,Moderately ready,Full solar system,Router
d91f08e5-728c-43bf-9854-6028d7f6b692,bauchi,toro,rishi_primary_health_centre,Full solar system only,Not ready,Moderately ready,,Router
48a7845c-66ab-45ae-99eb-72f4ae96a6cd,bauchi,toro,gumau_maternal_and_child_health,Router only,Ready,Moderately ready,Solar top-up,Router
48a7845c-66ab-45ae-99eb-72f4ae96a6cd,bauchi,toro,gumau_maternal_and_child_health,Full solar system only,Not ready,Moderately ready,Solar top-up,Router
d95dca54-4d4e-4936-bf39-0a5731badf47,niger,mariga,tashan_randa_primary_health_centre,Router only,Ready,Moderately ready,Full solar system,Router
d95dca54-4d4e-4936-bf39-0a5731badf47,niger,mariga,tashan_randa_primary_health_centre,Full solar system only,Not ready,Moderately ready,Full solar system,Router
aafbd876-c862-4ff1-8dad-118e082b229b,niger,mariga,beri_comprehensive_health_centre,Router only,Ready,Moderately ready,Full solar system,Router
91ef7c3c-66a4-455a-a627-f488412e5f31,niger,magama,s_raba_primary_health_centre_mdgs_facility,Full solar system only,Not ready,Moderately ready,Full solar system,Router
63143c2d-7bcf-45b6-950a-c74f808a3ffc,jigawa,sule_tankarkar,danzomo_primary_health_centre,Full solar system only,Not ready,Moderately ready,,Router
0bd6953b-4e9c-4659-b948-bf2eac0c3e0f,niger,magama,nasko_basic_health_centre,Full solar system only,Not ready,Moderately ready,Full solar system,Router
8f5fa75e-5862-4530-9014-3d0ecac9c01a,jigawa,garki,kore_primary_health_centre,Full solar system only,Not ready,Moderately ready,,Router
98aa335b-f558-4978-8e33-fc04137571af,adamawa,song,zumo_health_centre,Router only,Ready,Moderately ready,Full solar system,Router
fb04ebd8-c575-4666-9945-8fe9f1d11372,bauchi,zaki,gumai_maternal_and_child_health,Full solar system only,Not ready,Moderately ready,,Router
6287c2f1-8c21-4d37-9a03-f6a745025083,imo,ehime_mbano,umualumaku_umuihim_primary_health_centre,Full solar system only,Not ready,Moderately ready,,Router
667178d8-d938-4ae5-9348-f8935674c19a,imo,ehime_mbano,umueze_ala_owerre_comprehensive_health_centre,Router only,Ready,Moderately ready,Full solar system,Router
667178d8-d938-4ae5-9348-f8935674c19a,imo,ehime_mbano,umueze_ala_owerre_comprehensive_health_centre,Full solar system only,Not ready,Moderately ready,Full solar system,Router
71c49e55-9254-4837-a248-ad34081d6e76,imo,orsu,ebenator_primary_health_centre_orsu,Full solar system only,Not ready,Moderately ready,Full solar system,Router
e8401edc-b16c-4fc8-9685-e8831742569a,imo,orsu,ihitenasa_primary_health_centre,Full solar system only,Not ready,Moderately ready,,Router
cacef790-87fe-4bd0-843d-71e49715a57a,imo,orsu,ubahaezedeke_primary_health_centre,Full solar system only,Not ready,Moderately ready,Full solar system,Router
f9111b20-cf20-444b-9c5a-d7e6e43a22c1,imo,orsu,community_amaeke_okwuamaraihe_ii_health_centre,Full solar system only,Not ready,Moderately ready,,Router
92847951-d785-4bab-8fd6-440808bf11e0,imo,orsu,eziawa_primary_health_centre,Full solar system only,Not ready,Moderately ready,Full solar system,Router
caf16a07-0583-4bb9-90f0-3b4321d068f4,bauchi,gamawa,kubdiya_primary_health_centre,Full solar system only,Not ready,Moderately ready,,Router
c3cd99fc-53dd-44d5-8063-ead8b5e6b93a,bauchi,zaki,katagum_town_maternal_and_child_health,Full solar system only,Not ready,Moderately ready,,Router
f79e42ad-cf5c-4208-8e8b-761b0e737b1c,bauchi,zaki,mainako_primary_health_centre,Full solar system only,Not ready,Moderately ready,Full solar system,Router
e8f78812-7157-4b48-8d5c-5419fb89340d,bauchi,zaki,garingami_primary_health_centre,Full solar system only,Not ready,Moderately ready,Full solar system,Router
3505e356-5155-429b-9026-3bc1e35ccedb,bauchi,ningi,burra_primary_health_centre,Full solar system only,Not ready,Moderately ready,,Router
4f9f5ecd-87d1-463d-824e-de7c45efbacc,bauchi,ningi,kafin_lemo_primary_health_centre,Full solar system only,Not ready,Moderately ready,,Router
87295826-8e15-44a7-a51a-a95e7c24094d,niger,mariga,kamfanin_bobi_primary_health_centre,Router only,Ready,Moderately ready,Full solar system,Router
87295826-8e15-44a7-a51a-a95e7c24094d,niger,mariga,kamfanin_bobi_primary_health_centre,Full solar system only,Not ready,Moderately ready,Full solar system,Router
0ee56244-8c70-406a-966b-8e4b1ea892e1,imo,ezinihitte,okpofe_primary_health_centre,Router only,Ready,Moderately ready,Solar top-up,Router
c3fd5799-650e-414e-8b1b-d6ff34ddd2ae,imo,ideato_south,ntueke_health_centre,Full solar system only,Not ready,Moderately ready,,Router
7e29564e-241a-45b1-937a-2a36c32d2b44,imo,ideato_south,ogboko_mdgs_facility,Full solar system only,Not ready,Moderately ready,Full solar system,Router
331a193f-29f1-4fbe-87b2-0bb81460f0fd,imo,ideato_south,umulewe_primary_health_centre,Full solar system only,Not ready,Moderately ready,,Router
0678cc3a-0915-4e46-b284-68c382470ccd,imo,ideato_south,ugbelle_health_centre,Router only,Ready,Moderately ready,Full solar system,Router
af338efb-7016-4600-8e36-9ca51cf117d4,imo,ideato_south,umumasiaku_mdgs_facility,Router only,Ready,Moderately ready,Full solar system,Router
af338efb-7016-4600-8e36-9ca51cf117d4,imo,ideato_south,umumasiaku_mdgs_facility,Full solar system only,Not ready,Moderately ready,Full solar system,Router
4685dca7-bd5d-4242-86f3-ab2048269601,imo,oru_east,akatta_i_primary_health_centre,Full solar system only,Not ready,Moderately ready,Full solar system,Router
6a776698-2686-4635-a6fe-310c02efebf8,bauchi,jamaare,jama_are_town_maternity_centre,Full solar system only,Not ready,Moderately ready,,Router
7151d780-d05d-4dab-bd50-ef1319e2265f,bauchi,jamaare,hanafari_mphc_primary_health_centre,Full solar system only,Not ready,Moderately ready,,Router
ed732774-d218-4325-b060-63f1f9e437ec,bauchi,itasgadau,gamsha_primary_health_centre,Full solar system only,Not ready,Moderately ready,,Router
46648f1a-67d9-421b-b144-3a504510f05c,imo,nkwerre,nkwerre_maternal_and_child_health,Full solar system only,Not ready,Moderately ready,Full solar system,Router
1d8c814c-ca45-4198-81de-ccd65c8c1ade,imo,nkwerre,eziama_health_centre_nkwerre,Router only,Ready,Moderately ready,Full solar system,Router
91aa37d3-b681-4218-a6a4-235ac859913d,imo,nkwerre,umugara_health_centre,Full solar system only,Not ready,Moderately ready,Full solar system,Router
c976cbc1-c453-459a-8f69-00448b08540e,imo,nkwerre,umunachi_primary_health_centre,Router only,Ready,Moderately ready,Full solar system,Router
de2f7e4c-6d4c-41cd-825d-0faf9d8e184c,imo,oru_east,ozuh_health_centre,Full solar system only,Not ready,Moderately ready,,Router
951604c0-5eca-4dbc-a2ec-cbdf4c8ec6f5,anambra,njikoka,ire_abba_primary_health_centre,Full solar system only,Not ready,Ready,,
265baf56-dfb1-4b6a-800e-0c6dc26fd830,anambra,njikoka,abba_primary_health_centre,Full solar system only,Not ready,Ready,,
d829d766-7392-47a8-89c8-1152bd0f9ff5,anambra,njikoka,enugwu_agidi_achalla_primary_health_centre,FibreX only,Ready,Moderately ready,,Router
d829d766-7392-47a8-89c8-1152bd0f9ff5,anambra,njikoka,enugwu_agidi_achalla_primary_health_centre,Full solar system only,Not ready,Moderately ready,,Router
b0e22069-f03c-411f-93e8-030dec8b4e05,anambra,njikoka,enugwu_agidi_primary_health_centre,Full solar system only,Not ready,Moderately ready,,Router
f2b55d96-391e-4267-818d-7ed05271d075,imo,ezinihitte,ezeagbogu_primary_health_centre,Full solar system only,Not ready,Moderately ready,Full solar system,Router
de474c64-1ae2-4391-ba23-01ecdf272029,imo,owerri_west,emeabiam_primary_health_centre,Router only,Ready,Moderately ready,Full solar system,Router
de474c64-1ae2-4391-ba23-01ecdf272029,imo,owerri_west,emeabiam_primary_health_centre,Full solar system only,Not ready,Moderately ready,Full solar system,Router
201be8ec-4aae-49b2-b0fd-b046fecefddd,imo,oru_east,amiri_primary_health_centre,Router only,Ready,Moderately ready,Full solar system,Router
201be8ec-4aae-49b2-b0fd-b046fecefddd,imo,oru_east,amiri_primary_health_centre,Full solar system only,Not ready,Moderately ready,Full solar system,Router
2690b610-ea8a-469d-9b18-ef82bd2742c4,imo,owerri_west,eziobodo_primary_health_centre,Router only,Ready,Moderately ready,Full solar system,Router
2690b610-ea8a-469d-9b18-ef82bd2742c4,imo,owerri_west,eziobodo_primary_health_centre,Full solar system only,Not ready,Moderately ready,Full solar system,Router
bfd17ce8-ed72-4883-95be-9c60b20da751,imo,ezinihitte,obizi_primary_health_centre,Full solar system only,Not ready,Moderately ready,Full solar system,Router
7e170932-3ecf-4d10-af48-a1c9d8e5d54c,anambra,onitsha_south,st_barnabas_primary_health_centre,FibreX only,Ready,Moderately ready,,Router
7e170932-3ecf-4d10-af48-a1c9d8e5d54c,anambra,onitsha_south,st_barnabas_primary_health_centre,Full solar system only,Not ready,Moderately ready,,Router
97e7d15d-4263-4a8a-a18d-a8b93455228d,imo,ahiazu_mbaise,okirika_nweke_primary_health_centre,Router only,Ready,Moderately ready,Full solar system,Router
97e7d15d-4263-4a8a-a18d-a8b93455228d,imo,ahiazu_mbaise,okirika_nweke_primary_health_centre,Full solar system only,Not ready,Moderately ready,Full solar system,Router
56ce53fa-67f1-411f-89cb-35db9c0e75dc,niger,shiroro,allawa_basic_health_centre,Full solar system only,Not ready,Moderately ready,Full solar system,Router
a8848cd9-16a9-4ae4-9330-17f165959b7f,imo,ezinihitte,onicha_primary_health_centre,Router only,Ready,Moderately ready,Full solar system,Router
a8848cd9-16a9-4ae4-9330-17f165959b7f,imo,ezinihitte,onicha_primary_health_centre,Full solar system only,Not ready,Moderately ready,Full solar system,Router
03069de6-cc36-4df7-ba59-a07c415e41b6,anambra,onitsha_south,pam_pam_lane_primary_health_centre,Router only,Ready,Moderately ready,Full solar system,Router
03069de6-cc36-4df7-ba59-a07c415e41b6,anambra,onitsha_south,pam_pam_lane_primary_health_centre,Full solar system only,Not ready,Moderately ready,Full solar system,Router
ec059e1f-b33d-4fa3-b556-1502002293c2,adamawa,girei,dakri_primary_health_centre,Router only,Ready,Moderately ready,Full solar system,Router
ec059e1f-b33d-4fa3-b556-1502002293c2,adamawa,girei,dakri_primary_health_centre,Full solar system only,Not ready,Moderately ready,Full solar system,Router
3fce4816-0418-4c46-8994-92ade7db6017,niger,magama,auna_primary_clinic_health_centre,Router only,Ready,Moderately ready,Full solar system,Router
3fce4816-0418-4c46-8994-92ade7db6017,niger,magama,auna_primary_clinic_health_centre,Full solar system only,Not ready,Moderately ready,Full solar system,Router
b84c8ad6-c4fb-4f99-8e98-c9a0fe9c530d,niger,magama,s_gari_primary_health_centre,Full solar system only,Not ready,Moderately ready,Full solar system,Router
63a503dd-86c3-4f55-8ecb-48669cec2499,imo,oru_east,nchoko_amiri_11_health_centre,Full solar system only,Not ready,Moderately ready,,Router
7c89cd58-50c3-4741-b6dc-6ff36f603a50,imo,oru_east,isieke_primary_health_centre,Router only,Ready,Moderately ready,Full solar system,Router
7c89cd58-50c3-4741-b6dc-6ff36f603a50,imo,oru_east,isieke_primary_health_centre,Full solar system only,Not ready,Moderately ready,Full solar system,Router
b2180870-00e4-4bc8-a90d-84d95dc8f7eb,kano,takai,takai_nysc_primary_health_centre,Full solar system only,Not ready,Moderately ready,,Router
06312ee1-eddb-4e55-a521-3615b92acd17,kano,takai,falali_health_post,Router only,Ready,Moderately ready,Solar top-up,Router
06312ee1-eddb-4e55-a521-3615b92acd17,kano,takai,falali_health_post,Full solar system only,Not ready,Moderately ready,Solar top-up,Router
67bf5371-fa63-49b3-8499-7e40801800a0,kano,takai,durbunde_primary_health_centre,Full solar system only,Not ready,Moderately ready,,Router
6aca4e4c-8d28-4a83-98c7-bdd9f162a29a,imo,owerri_north,naze_primary_health_centre,Full solar system only,Not ready,Moderately ready,,Router
9fc90744-70c9-4301-86cf-af4c247c3e99,adamawa,song,guriki_primary_health_centre,Router only,Ready,Moderately ready,Full solar system,Router
9fc90744-70c9-4301-86cf-af4c247c3e99,adamawa,song,guriki_primary_health_centre,Full solar system only,Not ready,Moderately ready,Full solar system,Router
7632c43c-75a5-4a26-9126-e93ba9cdd093,niger,mariga,bobi_maternal_and_child_health,Full solar system only,Not ready,Moderately ready,,Router
f364edce-2181-415e-b8d5-3b39a55d246c,imo,owerri_north,obibiezena_health_centre,Router only,Ready,Moderately ready,Full solar system,Router
f364edce-2181-415e-b8d5-3b39a55d246c,imo,owerri_north,obibiezena_health_centre,Full solar system only,Not ready,Moderately ready,Full solar system,Router
bafb56bf-7d21-402c-be2e-f9199d49b963,anambra,ayamelum,umueje_primary_health_centre,Full solar system only,Not ready,Ready,,
b48c2396-8447-41f9-bd05-de67142a67c0,anambra,ayamelum,omasi_agu_primary_health_centre,Full solar system only,Not ready,Ready,,
28832283-838e-464b-8ef9-93e902b6f30b,imo,owerri_north,okwu_urata_health_centre,Full solar system only,Not ready,Moderately ready,Full solar system,Router
f9dac7ad-bee5-49ef-bd97-2601c45f8d94,imo,ehime_mbano,umueze_ii_primary_health_centre,Full solar system only,Not ready,Moderately ready,Full solar system,Router
8944daa9-8857-4394-b1fa-cc3fd2ff3b33,imo,ehime_mbano,umueze_i_primary_health_centre,Full solar system only,Not ready,Moderately ready,Full solar system,Router
5919ca4f-37f4-4d3e-8c7f-2d768c2f8555,bauchi,toro,magama_health_clinic,Full solar system only,Not ready,Moderately ready,,Router
1c7ea566-01b2-4c57-b696-c96f69323002,bauchi,toro,balarabe_primary_health_centre,Full solar system only,Not ready,Moderately ready,,Router
41594ef0-2086-40dc-a077-1a22730536fb,bauchi,toro,felun_abba_primary_health_centre,Full solar system only,Not ready,Moderately ready,Full solar system,Router
09aae594-f886-407f-8636-c228d146ce0b,anambra,onitsha_south,st_john_ang_primary_health_centre,Router only,Ready,Moderately ready,Full solar system,Router
09aae594-f886-407f-8636-c228d146ce0b,anambra,onitsha_south,st_john_ang_primary_health_centre,Full solar system only,Not ready,Moderately ready,Full solar system,Router
baf5a7ea-ecea-49b8-9b30-d357868307b2,imo,orlu,umuowa_primary_health_centre,Router only,Ready,Moderately ready,Full solar system,Router
baf5a7ea-ecea-49b8-9b30-d357868307b2,imo,orlu,umuowa_primary_health_centre,Full solar system only,Not ready,Moderately ready,Full solar system,Router
148eb463-04b6-4d57-a041-c2b35ac00e64,bauchi,ningi,tashar_maje_primary_health_centre,Full solar system only,Not ready,Moderately ready,,Router
1674c917-ec97-43e3-83c5-4d4f5bd6e8bb,imo,orlu,umuzike_primary_health_centre,Full solar system only,Not ready,Moderately ready,,Router
69dbafe8-9c8f-4b95-b803-25af6ea35a68,imo,orlu,okwuabala_primary_health_centre,Full solar system only,Not ready,Moderately ready,Full solar system,Router
0c5ad4f5-b1f8-45b7-960a-1a10d186d9b5,imo,orlu,umutanze_health_centre,Router only,Ready,Moderately ready,Full solar system,Router
0c5ad4f5-b1f8-45b7-960a-1a10d186d9b5,imo,orlu,umutanze_health_centre,Full solar system only,Not ready,Moderately ready,Full solar system,Router
a26951d6-bf4c-4ec8-a28e-e6c93701534c,bauchi,tafawa_balewa,t_balewa_maternal_and_child_health,Full solar system only,Not ready,Moderately ready,,Router
ac979210-0a4c-4529-b3aa-5f7c82982190,bauchi,tafawa_balewa,maijuju_tasha_health_centre,Full solar system only,Not ready,Moderately ready,,Router
85ca439b-b760-4d5c-9bfb-59e5b8949e6f,bauchi,tafawa_balewa,bulan_gawu_maternal_and_child_health,Full solar system only,Not ready,Moderately ready,,Router
a1825701-1c1e-4ee7-a30e-b2f7ac564b85,bauchi,tafawa_balewa,dajin_maternal_and_child_health,Router only,Ready,Moderately ready,Full solar system,Router
a1825701-1c1e-4ee7-a30e-b2f7ac564b85,bauchi,tafawa_balewa,dajin_maternal_and_child_health,Full solar system only,Not ready,Moderately ready,Full solar system,Router
119a2187-c3f5-4e28-a94c-d53b892d91f0,imo,orlu,acharaba_primary_health_centre,Full solar system only,Not ready,Moderately ready,Full solar system,Router
a0ee96c7-7870-465e-8be1-749840e29e07,imo,ideato_south,umuakam_primary_health_centre,Full solar system only,Not ready,Moderately ready,Full solar system,Router
3e24f81c-36fd-476d-9aae-d3748ad5bbd0,bauchi,itasgadau,bambal_maternal_and_child_health,Full solar system only,Not ready,Moderately ready,,Router
7e9860cc-0998-49f5-bc66-47d8525acdf8,kano,karaye,tinkis_health_post,Router only,Ready,Moderately ready,Full solar system,
7e9860cc-0998-49f5-bc66-47d8525acdf8,kano,karaye,tinkis_health_post,Full solar system only,Not ready,Ready,Full solar system,
17ff30f2-f026-47b1-babd-024da4ceb603,jigawa,malam_madori,shayya_primary_health_centre,Full solar system only,Not ready,Moderately ready,,Router
36cfe53c-15f6-44dc-a860-1d968f42ce68,jigawa,malam_madori,makaddari_primary_health_centre,Router only,Ready,Moderately ready,Full solar system,Router
36cfe53c-15f6-44dc-a860-1d968f42ce68,jigawa,malam_madori,makaddari_primary_health_centre,Full solar system only,Not ready,Moderately ready,Full solar system,Router
49549055-73fa-49af-90bb-6d7f32c51925,jigawa,kaugama,arbus_primary_health_centre,Full solar system only,Not ready,Moderately ready,,Router
e58a8d8a-2b5d-4b8f-8010-b2ebee96edbf,jigawa,kaugama,girbobo_primary_health_centre,Full solar system only,Not ready,Moderately ready,,Router
67bf2a16-190a-48e3-850c-03e1f95474a1,jigawa,malam_madori,dunari_primary_health_centre,Full solar system only,Not ready,Moderately ready,,Router
542e4bec-2bef-4f08-9650-9fd3acf74f2f,jigawa,malam_madori,malam_madori_primary_health_centre,Full solar system only,Not ready,Moderately ready,,Router
50ec1f3f-b068-4159-b715-446a19e782eb,adamawa,mubi_north,lokuwa_primary_health_centre,Full solar system only,Not ready,Moderately ready,,Router
fa2ca180-b09b-4a5b-9793-d781e983686e,bauchi,jamaare,talba_model_primary_health_centre,Full solar system only,Not ready,Moderately ready,Full solar system,Router
72f6e5f6-5799-41ed-ae97-a3a0b496cb25,bauchi,jamaare,sabon_kafi_primary_health_centre,Full solar system only,Not ready,Moderately ready,,Router
7e3ba938-fecd-4a97-8024-a440c1ddbc06,kano,karaye,tudun_kaya_health_post,Router only,Ready,Moderately ready,Full solar system,
7e3ba938-fecd-4a97-8024-a440c1ddbc06,kano,karaye,tudun_kaya_health_post,Full solar system only,Not ready,Ready,Full solar system,
56d649ba-e64a-4304-b0ea-345413ababea,oyo,saki_east,isale_igbagbo_comprehensive_health_centre,Full solar system only,Not ready,Moderately ready,,Router
a6395580-7960-4fef-8bb6-26a0825c8aa2,kano,karaye,daura_health_post,Full solar system only,Not ready,Ready,Full solar system,
3d11a284-ece6-49ec-a67e-dd3e4d88df84,kano,karaye,yola_model_primary_health_centre,Router only,Ready,Moderately ready,Full solar system,
3d11a284-ece6-49ec-a67e-dd3e4d88df84,kano,karaye,yola_model_primary_health_centre,Full solar system only,Not ready,Ready,Full solar system,
87076ce7-7e8b-43a8-af71-b1b2d41acf55,jigawa,roni,amaryawa_primary_health_centre,Full solar system only,Not ready,Moderately ready,,Router
8006dcaf-8a1d-4502-b4f5-909c5c35717e,anambra,ayamelum,akanato_primary_health_centre,Full solar system only,Not ready,Ready,,
22a174ba-d4c0-4938-9167-b2a624577de9,oyo,ido,elebu_primary_health_centre,Router only,Ready,Moderately ready,Full solar system,Router
ec03e928-2c88-43f4-a091-64998a792c39,oyo,saki_east,isale_ola_primary_health_centre,Full solar system only,Not ready,Moderately ready,,Router
7b85fefb-fe54-4fa0-8cda-ae977fc68d64,imo,ahiazu_mbaise,umuokirika_primary_health_centre,Router only,Ready,Moderately ready,Full solar system,Router
7b85fefb-fe54-4fa0-8cda-ae977fc68d64,imo,ahiazu_mbaise,umuokirika_primary_health_centre,Full solar system only,Not ready,Moderately ready,Full solar system,Router
9a4bfa4d-8615-401d-b2c5-b5a5b6deed12,imo,ahiazu_mbaise,umuchieze_health_centre,Router only,Ready,Moderately ready,Full solar system,Router
9a4bfa4d-8615-401d-b2c5-b5a5b6deed12,imo,ahiazu_mbaise,umuchieze_health_centre,Full solar system only,Not ready,Moderately ready,Full solar system,Router
4399dfe0-fed1-4d4e-9c33-727249941228,imo,ahiazu_mbaise,ihenworie_primary_health_centre,Router only,Ready,Moderately ready,Full solar system,Router
4399dfe0-fed1-4d4e-9c33-727249941228,imo,ahiazu_mbaise,ihenworie_primary_health_centre,Full solar system only,Not ready,Moderately ready,Full solar system,Router
0cc701df-730f-4c01-8c0f-23be2a8997bb,niger,suleja,madalla_primary_health_centre,Router only,Ready,Moderately ready,Full solar system,Router
0cc701df-730f-4c01-8c0f-23be2a8997bb,niger,suleja,madalla_primary_health_centre,Full solar system only,Not ready,Moderately ready,Full solar system,Router
866c5a0c-79ee-4d4e-bb83-57942375314a,oyo,saki_east,agbonle_primary_health_centre,Full solar system only,Not ready,Moderately ready,,Router
338ac0e2-fc4e-4091-91b4-09f58c19d15e,anambra,njikoka,ezira_primary_health_centre,Full solar system only,Not ready,Moderately ready,Full solar system,Router
9a59bd6e-a052-41af-89b7-67142a4f0a83,anambra,njikoka,egbengwu_primary_health_centre,Full solar system only,Not ready,Moderately ready,,FibreX
7a59a97e-42a6-453e-a762-a0aded146d53,jigawa,ringim,sankara_primary_health_centre,Full solar system only,Not ready,Moderately ready,,Router
f02f42c4-274d-4e37-a6dc-c5d8d45b87fe,jigawa,kazaure,kafin_chiroma_primary_health_centre,Full solar system only,Not ready,Moderately ready,,Router
8831f783-3d7f-4090-9008-814003bcbeb2,anambra,ayamelum,amikwe_omor_primary_health_centre,Full solar system only,Not ready,Moderately ready,Full solar system,Router
b9a61302-eefc-4527-8c25-b5a4eab8bb4b,bauchi,zaki,makawa_town_primary_health_centre,Full solar system only,Not ready,Moderately ready,Full solar system,Router
83a77b90-dbc5-4c48-a56a-f6cb173c8bb8,imo,ezinihitte,ife_primary_health_centre,Full solar system only,Not ready,Moderately ready,Full solar system,Router
580219cc-6850-4a0b-807f-7a45b1afee69,kano,danbatta,tona_health_clinic,Full solar system only,Not ready,Ready,,
5b64b426-082e-4e7b-b959-c3e806205f56,oyo,iwajowa,ajinati_health_post,Full solar system only,Not ready,Moderately ready,,Router
a6d37f28-6869-4f8e-8795-d512df8aba25,oyo,ido,omi_adio_health_centre,Router only,Ready,Moderately ready,Full solar system,Router
0cd1bbb4-e8ee-40db-be0c-507231f357f7,niger,rafi,kwana_basic_health_centre,Full solar system only,Not ready,Moderately ready,,Router
d559c1b4-b323-4484-933d-cb6566b213ab,niger,mariga,mariga_comprehensive_health_centre,Full solar system only,Not ready,Moderately ready,,Router
abf5632a-9f1b-4fc7-818a-2b8a7a971641,kano,danbatta,kore_model_primary_health_centre,Full solar system only,Not ready,Ready,,
89dfed67-08fa-4698-aeef-792bedacea21,imo,njaba,atta_i_health_centre_njaba,Router only,Ready,Moderately ready,Full solar system,Router
f50eb1b6-bc97-46a5-85cb-8343286ae94a,jigawa,ringim,kyarama_primary_health_centre,Full solar system only,Not ready,Moderately ready,,Router
def7b707-7f7c-41c6-8631-3fb971cf2c49,imo,njaba,isiozi_health_centre,Router only,Ready,Moderately ready,Full solar system,Router
def7b707-7f7c-41c6-8631-3fb971cf2c49,imo,njaba,isiozi_health_centre,Full solar system only,Not ready,Moderately ready,Full solar system,Router
19e27ff3-83d0-46eb-a09a-f8f4fe82a7a1,kano,danbatta,goron_maje_basic_health_clinic,Full solar system only,Not ready,Ready,,
871358d3-1b89-4f00-b374-f119dd91a582,nasarawa,nasarawa,zakun_bello_primary_health_centre,Router only,Ready,Moderately ready,Solar top-up,Router
871358d3-1b89-4f00-b374-f119dd91a582,nasarawa,nasarawa,zakun_bello_primary_health_centre,Full solar system only,Not ready,Moderately ready,Solar top-up,Router
4d31ab73-dc64-4da1-9f5e-82f7d53f373d,anambra,onitsha_south,nweje_primary_health_centre,Router only,Ready,Moderately ready,Full solar system,Router
bc6d9f6f-3411-4d26-a883-00ace5fb65e2,imo,njaba,amucha_health_centre,Router only,Ready,Moderately ready,Full solar system,Router
bc6d9f6f-3411-4d26-a883-00ace5fb65e2,imo,njaba,amucha_health_centre,Full solar system only,Not ready,Moderately ready,Full solar system,Router
eb12e565-fc43-43b0-84e8-d3df36519417,anambra,awka_south,okpuno_primary_health_centre,Full solar system only,Not ready,Moderately ready,,Router
52c40ebe-9db4-408a-b1bf-afa9bf631d77,kano,tudun_wada,kurkujawa_health_post,Full solar system only,Not ready,Ready,Full solar system,
3169a1e1-2abb-4250-9358-3147c507a99b,imo,ezinihitte,amumara_health_centre,Router only,Ready,Moderately ready,Full solar system,Router
3169a1e1-2abb-4250-9358-3147c507a99b,imo,ezinihitte,amumara_health_centre,Full solar system only,Not ready,Moderately ready,Full solar system,Router
d57ea937-2871-47de-a1a8-9bc0c73797a2,anambra,ihiala,okija_central_primary_health_centre,Router only,Ready,Moderately ready,Solar top-up,
e718f58f-4d51-4f97-b525-89e84f05b18b,rivers,gokana,bomu_model_primary_health_centre,Full solar system only,Not ready,Ready,,
b56314c2-4652-48f6-9555-99be3e2ed413,anambra,onitsha_south,onuma_primary_health_centre,Full solar system only,Not ready,Moderately ready,Full solar system,Router
44fb0aad-a69e-46ca-b4d5-b3e78fabf344,kano,danbatta,dukawa_health_post,Full solar system only,Not ready,Ready,Full solar system,
c141cf4e-f260-4fc6-adb0-51d3e03be4e5,akwa_ibom,ikot_ekpene,ikot_udoe_health_post,Router only,Ready,Moderately ready,Full solar system,Router
c141cf4e-f260-4fc6-adb0-51d3e03be4e5,akwa_ibom,ikot_ekpene,ikot_udoe_health_post,Full solar system only,Not ready,Moderately ready,Full solar system,Router
a3875914-22ee-42bd-9c30-0598ca85bc98,jigawa,ringim,yandutse_primary_health_centre,Full solar system only,Not ready,Moderately ready,,Router
3431501a-2329-4550-84c1-a0264445cff6,adamawa,girei,girei_a_primary_health_centre,Full solar system only,Not ready,Moderately ready,,Router
bbf28298-a683-4d30-b881-7623dece09c8,rivers,port_harcourt,elekahia_primary_health_centre,Full solar system only,Not ready,Moderately ready,,Router
7572cdd8-c92f-4519-8d17-159ec7ccfad3,niger,magama,kawo_primary_health_centre,Full solar system only,Not ready,Moderately ready,,Router
72be9460-2d43-4195-b567-ac2a0b727f8a,anambra,awka_north,amanuke_primary_health_centre,Router only,Ready,Moderately ready,Solar top-up,Router
72be9460-2d43-4195-b567-ac2a0b727f8a,anambra,awka_north,amanuke_primary_health_centre,Full solar system only,Not ready,Moderately ready,Solar top-up,Router
9653965b-247b-4242-8479-e942d3f5f26f,rivers,gokana,nweol_model_primary_health_centre,Full solar system only,Not ready,Moderately ready,,Router
13d2d7fd-bb96-4bd4-ae29-d6a568b63806,oyo,oyo_east,agboye_health_centre,Full solar system only,Not ready,Moderately ready,,Router
1e750230-66fa-43da-8a62-02e9b4b9d38a,rivers,gokana,biara_comprehensive_health_centre,Full solar system only,Not ready,Moderately ready,,Router
bc42cf01-117c-4b2c-8071-da909b35590c,rivers,ahoada_east,ochigba_primary_health_centre,Full solar system only,Not ready,Moderately ready,Full solar system,Router
10d5de52-9612-401b-8543-c98b286fb390,anambra,ayamelum,anaku_primary_health_centre,Full solar system only,Not ready,Ready,,
c01a85b1-e583-4a90-ba25-c425a39e0269,akwa_ibom,ikot_ekpene,utu_ikot_ekpenyong_health_post,Full solar system only,Not ready,Moderately ready,Full solar system,Router
fd109776-8b43-406b-bf2f-82c684c8ceaf,imo,ezinihitte,itu_primary_health_centre,Full solar system only,Not ready,Moderately ready,Full solar system,Router
ad63a4e1-7e0d-4150-af7c-db4b878e2466,jigawa,ringim,karwai_primary_health_centre,Full solar system only,Not ready,Moderately ready,,Router
eb802dce-123d-4290-96a7-a5b908783fe2,rivers,gokana,yeghe_mphc_primary_health_centre,Router only,Ready,Moderately ready,Solar top-up,Router
eb802dce-123d-4290-96a7-a5b908783fe2,rivers,gokana,yeghe_mphc_primary_health_centre,Full solar system only,Not ready,Moderately ready,Solar top-up,Router
4bd195f6-f304-40b9-8b44-180977a0d889,rivers,etche,afara_primary_health_centre_etche,Router only,Ready,Moderately ready,Full solar system,Router
49add93a-78f5-47df-b4b5-00d6f9c358ef,imo,ahiazu_mbaise,ihitteafoukwu_primary_health_centre,Router only,Ready,Moderately ready,Full solar system,Router
49add93a-78f5-47df-b4b5-00d6f9c358ef,imo,ahiazu_mbaise,ihitteafoukwu_primary_health_centre,Full solar system only,Not ready,Moderately ready,Full solar system,Router
c1000222-9722-4460-8589-d4341374e0e9,rivers,eleme,akpajo_primary_health_centre,Router only,Ready,Moderately ready,Solar top-up,Router
c1000222-9722-4460-8589-d4341374e0e9,rivers,eleme,akpajo_primary_health_centre,Full solar system only,Not ready,Moderately ready,Solar top-up,Router
8b3cec56-9448-4cfd-8dd4-3f94119dd053,rivers,etche,egwi_primary_health_centre,FibreX only,Ready,Moderately ready,,Router
3535271d-298d-4b21-a6f9-5fc399472c84,anambra,ihiala,umuazuegwu_primary_health_centre,Router only,Ready,Moderately ready,Full solar system,Router
3535271d-298d-4b21-a6f9-5fc399472c84,anambra,ihiala,umuazuegwu_primary_health_centre,Full solar system only,Not ready,Moderately ready,Full solar system,Router
efad374d-1c6d-4d4c-b0fd-1c8216f69d35,oyo,ido,alada_primary_health_centre,Full solar system only,Not ready,Moderately ready,,Router
52f6e6d5-8b1d-40ab-8995-a8dc1d7f3324,kano,danbatta,yammawa_wanzamai_health_post,Full solar system only,Not ready,Ready,Full solar system,
e51c2eb5-b31d-40b5-9a2e-ab41672aaac4,oyo,akinyele,oy_ojoo_primary_health_centre,Full solar system only,Not ready,Moderately ready,,Router
858172a9-2460-4d4c-9e3e-d1623ffa0099,adamawa,girei,girei_b_primary_health_centre,Full solar system only,Not ready,Moderately ready,,Router
5a4e1468-bbb6-4574-8bb6-d0aaf5af74d0,bauchi,zaki,sandigalau_primary_health_centre,Full solar system only,Not ready,Moderately ready,,Router
bb304408-0e04-4354-8462-115d9b882f74,bauchi,zaki,bursali_primary_health_centre,Full solar system only,Not ready,Moderately ready,Full solar system,Router
a760592e-997f-482d-8592-77d920a43df8,imo,njaba,ihebinowere_umuokwara_health_centre,Full solar system only,Not ready,Moderately ready,,Router
8a2ebe61-5822-4db5-b52d-386656e3c397,rivers,obioakpor,woji_primary_health_centre,Router only,Ready,Moderately ready,Solar top-up,Router
8a2ebe61-5822-4db5-b52d-386656e3c397,rivers,obioakpor,woji_primary_health_centre,Full solar system only,Not ready,Moderately ready,Solar top-up,Router
12bcabd2-71d1-43c3-a288-b4f3763ab893,oyo,iwajowa,oy_ayede_health_post,Full solar system only,Not ready,Moderately ready,,Router
02533f29-9174-47ae-8e9a-4d93fcba1042,oyo,ibadan_north_west,opoyeosa_primary_health_centre,Full solar system only,Not ready,Moderately ready,Full solar system,Router
9196af89-d244-439e-ac93-c6d25e864ab8,oyo,ido,akufo_health_centre,Router only,Ready,Moderately ready,Solar top-up,Router
a093cba8-de8e-42c0-94cd-2eb1d15d0d4e,imo,ihitte_uboma,amakohia_primary_health_centre,Full solar system only,Not ready,Moderately ready,Full solar system,Router
7876606d-fc54-4bd1-a880-1a39f50c1e97,imo,ihitte_uboma,umuihi_primary_health_centre,Router only,Ready,Moderately ready,Full solar system,Router
7876606d-fc54-4bd1-a880-1a39f50c1e97,imo,ihitte_uboma,umuihi_primary_health_centre,Full solar system only,Not ready,Moderately ready,Full solar system,Router
425e16bc-50d1-4614-9af9-94c93fb6e679,imo,ihitte_uboma,umuezegwu_primary_health_centre,Full solar system only,Not ready,Moderately ready,Full solar system,Router
ad9f096e-2289-4a52-a060-1e58a2b2e016,bauchi,bauchi,luda_primary_health_centre,Full solar system only,Not ready,Moderately ready,,Router
c54369d2-e58c-43e2-bedf-367767f8ccb6,bauchi,bauchi,liman_katagum_comprehensive_health_centre,Full solar system only,Not ready,Moderately ready,,Router
6fb8bb2b-a884-468c-b4b7-4b3c55adaa52,anambra,ogbaru,ogbakuba_primary_health_centre,Full solar system only,Not ready,Moderately ready,,Router
0e58b242-6c30-4f61-b852-34f27522bcc0,bauchi,bauchi,kadage_bauchi_health_post,Full solar system only,Not ready,Moderately ready,Full solar system,Router
38e43daa-7e2c-4bca-bd92-bec702b753f8,anambra,ogbaru,ossomala_primary_health_centre,Full solar system only,Not ready,Moderately ready,Full solar system,Router
462d4ad6-d81e-4543-8a57-1434c33a4255,anambra,ogbaru,obeagwa_primary_health_centre,Full solar system only,Not ready,Moderately ready,,Router
0c765eeb-2800-452e-8fbe-2ac0e65c2e22,anambra,ogbaru,okpoko_2_primary_health_centre,Full solar system only,Not ready,Moderately ready,,Router
a10d6425-c62a-499b-bca2-807169a3ac7f,anambra,ogbaru,okpokophc_1_primary_health_centre,Router only,Ready,Moderately ready,Solar top-up,Router
a10d6425-c62a-499b-bca2-807169a3ac7f,anambra,ogbaru,okpokophc_1_primary_health_centre,Full solar system only,Not ready,Moderately ready,Solar top-up,Router
a3996a3f-e5cd-4bb2-891e-58ee4d4bf1ed,adamawa,toungo,timbo_health_clinic,Full solar system only,Not ready,Moderately ready,,Router
9be473c1-72a9-4a84-a820-10332235abee,adamawa,toungo,kiri_health_post,Full solar system only,Not ready,Moderately ready,,Router
c2517b34-055e-4714-8495-d886dfe37224,imo,isu,amauju_primary_health_centre,Full solar system only,Not ready,Moderately ready,Full solar system,Router
f444e1b8-d25e-4b06-afbb-b55d5f04f64c,imo,isu,isu_okporo_primary_health_centre,Full solar system only,Not ready,Moderately ready,Full solar system,Router
b37ad6a5-094c-4d32-b4ba-11a12e14960a,anambra,onitsha_north,akpaka_primary_health_centre,Full solar system only,Not ready,Moderately ready,,Router
7a2c0fcf-50c3-4c6c-80b2-a845e947059d,imo,nkwerre,owere_nkworji_primary_health_centre,Router only,Ready,Moderately ready,Solar top-up,Router
7a2c0fcf-50c3-4c6c-80b2-a845e947059d,imo,nkwerre,owere_nkworji_primary_health_centre,Full solar system only,Not ready,Moderately ready,Solar top-up,Router
0ad0193d-2f3e-48a1-acbb-b9d70f485111,kano,takai,huguma_primary_health_centre,Router only,Ready,Moderately ready,Full solar system,Router
0ad0193d-2f3e-48a1-acbb-b9d70f485111,kano,takai,huguma_primary_health_centre,Full solar system only,Not ready,Moderately ready,Full solar system,Router
8e8f37f5-d03e-4946-9dc2-22c5147689da,kano,takai,dambazau_primary_bello_danbazau_health_centre,Full solar system only,Not ready,Moderately ready,,Router
110e0bb6-f406-4ff5-bf04-baf2f9d6a8df,kano,takai,kachako_primary_health_centre,Full solar system only,Not ready,Moderately ready,,Router
c2772359-5f04-44e3-bc26-9dfc1e9748f5,adamawa,michika,bazza_town_health_centre,Full solar system only,Not ready,Moderately ready,,Router
1baa97b2-f537-4dd1-8378-ba128f198c5c,rivers,emohua,egbeda_model_primary_health_centre,Full solar system only,Not ready,Moderately ready,,Router
2dc8f44e-b9ed-42eb-bb3f-52b9a4292e84,rivers,emohua,omudigha_comprehensive_health_centre,Router only,Ready,Moderately ready,Full solar system,Router
4f37d819-8347-4ae4-b190-aac8730072d4,oyo,irepo,mapo_primary_health_centre_irepo,Full solar system only,Not ready,Moderately ready,,Router
bb63699b-9d5d-4f03-aafb-381c4e325f4b,oyo,irepo,atipa_primary_health_centre,FibreX only,Ready,Moderately ready,,Router
bb63699b-9d5d-4f03-aafb-381c4e325f4b,oyo,irepo,atipa_primary_health_centre,Full solar system only,Not ready,Moderately ready,,Router
c0a0936f-c633-47da-9768-1e1d3518c8ba,kano,karaye,kwanyawa_model_primary_health_centre,Full solar system only,Not ready,Moderately ready,,FibreX
87f69f46-9015-4677-baf6-949b822e65a8,imo,orlu,amanator_primary_health_centre,Router only,Ready,Moderately ready,Full solar system,Router
87f69f46-9015-4677-baf6-949b822e65a8,imo,orlu,amanator_primary_health_centre,Full solar system only,Not ready,Moderately ready,Full solar system,Router
d5365eb4-7d1b-4c2f-843a-07e9907e6296,imo,orlu,ndiowerre_primary_health_centre,Full solar system only,Not ready,Moderately ready,,Router
9874b2b4-28ac-42f9-bcfc-c1df78e1df0f,kano,karaye,unguwar_tofa_health_post,Full solar system only,Not ready,Moderately ready,Full solar system,Router
1979cc13-686e-43df-8890-e0e692571b2d,bauchi,kirfi,kirfi_town_maternity_centre,Full solar system only,Not ready,Moderately ready,,Router
fa4d7c2c-bed5-4ff0-a179-983bffc4b468,bauchi,kirfi,wanka_maternal_and_child_health,Full solar system only,Not ready,Moderately ready,,Router
d3c766d8-78db-4670-9d13-9d1caae0ebc5,bauchi,kirfi,dewu_primary_health_centre,Full solar system only,Not ready,Moderately ready,Full solar system,Router
6c757c78-a532-4027-8e37-87d2cb11626e,bauchi,kirfi,shongo_health_clinic,Full solar system only,Not ready,Moderately ready,,Router
bef9db8f-8666-40d0-bc37-385fdac07985,bauchi,kirfi,guyaba_primary_health_centre,Router only,Ready,Moderately ready,Solar top-up,Router
bef9db8f-8666-40d0-bc37-385fdac07985,bauchi,kirfi,guyaba_primary_health_centre,Full solar system only,Not ready,Moderately ready,Solar top-up,Router
d245336c-4736-4fbe-9407-edd9ac744171,niger,rafi,karaya_makaranta_primary_health_centre,Router only,Ready,Moderately ready,Full solar system,Router
d245336c-4736-4fbe-9407-edd9ac744171,niger,rafi,karaya_makaranta_primary_health_centre,Full solar system only,Not ready,Moderately ready,Full solar system,Router
56924839-2a3d-4180-998f-0374fcb2d601,bauchi,ganjuwa,k_madaki_primary_health_centre,Full solar system only,Not ready,Moderately ready,,Router
c81790f9-a956-4d0d-b6ca-dbd79e17d494,bauchi,ganjuwa,sabuwar_kariya_primary_health_centre,Full solar system only,Not ready,Moderately ready,,Router
181b1881-e525-4a7e-b3f7-c8162017ba95,imo,orlu,govt_station_primary_health_centre,Full solar system only,Not ready,Moderately ready,Full solar system,Router
c66c533d-f09f-4222-af4d-37a1f215c1f5,imo,orlu,owerre_ebeiri_primary_health_centre,Full solar system only,Not ready,Moderately ready,,Router
35daa81b-333d-4c65-a99c-08c0fd82f3bf,adamawa,numan,gweda_mallam_primary_health_centre,Full solar system only,Not ready,Moderately ready,Full solar system,Router
af5d70a2-a5a4-4457-ba57-f180c299e6a7,adamawa,numan,makera_health_centre,Router only,Ready,Moderately ready,Full solar system,Router
af5d70a2-a5a4-4457-ba57-f180c299e6a7,adamawa,numan,makera_health_centre,Full solar system only,Not ready,Moderately ready,Full solar system,Router
b11c36c4-3582-4882-a136-f1b13d1c9f50,bauchi,ganjuwa,miya_mphc_primary_health_centre,Full solar system only,Not ready,Moderately ready,,Router
6f8401b0-e8d1-42f1-ade2-124326570537,bauchi,ganjuwa,miya_primary_health_centre,Full solar system only,Not ready,Moderately ready,,Router
c190c45a-5240-46bd-95fd-ae975ae6a170,bauchi,ganjuwa,zara_primary_health_centre,Full solar system only,Not ready,Moderately ready,,Router
14706abf-eec5-491f-85e4-cf8a8bf8d73b,imo,aboh_mbaise,ahiato_primary_health_centre,Full solar system only,Not ready,Moderately ready,Full solar system,Router
45649b9f-e6da-4b54-a3d7-50858c014b04,jigawa,malam_madori,mai_rakumi_primary_health_centre,Full solar system only,Not ready,Moderately ready,,Router
6e988216-dbd2-47bf-b58f-d6c91762ab7d,jigawa,malam_madori,g_gabas_primary_health_centre,Full solar system only,Not ready,Moderately ready,,Router
8c91b545-708a-4ba8-827d-ec63f1c7b896,jigawa,malam_madori,tagwaro_primary_health_centre,Full solar system only,Not ready,Moderately ready,,Router
db249017-db72-47fc-ab51-dbfe0a6e9da0,jigawa,malam_madori,gandun_sarki_primary_health_centre,Full solar system only,Not ready,Moderately ready,,Router
40581bd1-448b-417e-a382-11b0c94e94b3,jigawa,malam_madori,tashena_primary_health_centre,Full solar system only,Not ready,Moderately ready,,Router
23ed7d85-b2b4-4a40-88e5-c48a049ac37c,jigawa,malam_madori,bulakori_primary_health_centre,Full solar system only,Not ready,Moderately ready,,Router
3388a9c0-0c5c-481f-9b0b-f49fa714326c,imo,aboh_mbaise,lorji_primary_health_centre,Router only,Ready,Moderately ready,Full solar system,Router
3388a9c0-0c5c-481f-9b0b-f49fa714326c,imo,aboh_mbaise,lorji_primary_health_centre,Full solar system only,Not ready,Moderately ready,Full solar system,Router
9b19594b-daeb-4c33-9cda-ef2f786b79a4,kano,kunchi,unguwar_gyartai_health_post,Router only,Ready,Moderately ready,Solar top-up,
9b19594b-daeb-4c33-9cda-ef2f786b79a4,kano,kunchi,unguwar_gyartai_health_post,Full solar system only,Not ready,Moderately ready,Solar top-up,
a031bb85-f2bb-4cfb-85d6-44d014356a5d,kano,kunchi,shuwaki_model_primary_health_centre,Full solar system only,Not ready,Ready,,
11705f88-0b5a-4df5-b86d-05297a57f54c,anambra,anambra_west,rhc_oroma_primary_health_centre,Full solar system only,Not ready,Moderately ready,,Router
abe88686-ab48-49e0-ac1e-7b68cd93cf94,imo,njaba,amucha_ebeise_health_centre,Full solar system only,Not ready,Moderately ready,Full solar system,Router
92ea534c-e4f1-487e-95b4-2ae42ae3deda,imo,njaba,egwedu_health_centre,Router only,Ready,Moderately ready,Full solar system,Router
92ea534c-e4f1-487e-95b4-2ae42ae3deda,imo,njaba,egwedu_health_centre,Full solar system only,Not ready,Moderately ready,Full solar system,Router
c24a1b6d-8713-406c-90e3-f6d348d0245d,oyo,egbeda,owobale_primary_health_centre,Router only,Ready,Moderately ready,Solar top-up,Router
c24a1b6d-8713-406c-90e3-f6d348d0245d,oyo,egbeda,owobale_primary_health_centre,Full solar system only,Not ready,Moderately ready,Solar top-up,Router
4b4d1cf9-1b64-4891-925b-e39c6a58c7af,oyo,egbeda,ayede_health_facility,Router only,Ready,Moderately ready,Full solar system,Router
4b4d1cf9-1b64-4891-925b-e39c6a58c7af,oyo,egbeda,ayede_health_facility,Full solar system only,Not ready,Moderately ready,Full solar system,Router
a89fdf59-f1c7-4688-ae98-8d69a8ec1625,bauchi,giade,zabi_mphc_primary_health_centre,Full solar system only,Not ready,Ready,Full solar system,
f9b40c5d-6a1c-4841-acef-9bdf094e454d,bauchi,giade,giade_primary_health_centre,Full solar system only,Not ready,Moderately ready,,Router
cd474001-e739-4adc-9c68-069932766b97,bauchi,giade,doguwa_primary_health_centre,Full solar system only,Not ready,Moderately ready,,Router
1b45ae17-ceaa-48f6-a4d4-0eaa0ff93fda,bauchi,giade,jugudu_primary_health_centre,Full solar system only,Not ready,Ready,,
59ba15b2-ee35-4c1c-b505-76baac0d3f03,imo,owerri_west,obinze_primary_health_centre,Router only,Ready,Moderately ready,Full solar system,Router
59ba15b2-ee35-4c1c-b505-76baac0d3f03,imo,owerri_west,obinze_primary_health_centre,Full solar system only,Not ready,Moderately ready,Full solar system,Router
65649ac9-a68f-400d-903a-0df0ad0322df,jigawa,roni,fara_barinje_primary_health_centre,Full solar system only,Not ready,Moderately ready,Full solar system,Router
f53a8732-2e1f-426f-921e-534ac2d624d1,nasarawa,nasarawa_eggon,bakyano_primary_health_centre_mphc,Full solar system only,Not ready,Moderately ready,,Router
ccec9b19-df4b-463c-b73d-91d9d7f0011e,anambra,anambra_west,umueze_anam_2_primary_health_centre,Router only,Ready,Moderately ready,Full solar system,Router
ccec9b19-df4b-463c-b73d-91d9d7f0011e,anambra,anambra_west,umueze_anam_2_primary_health_centre,Full solar system only,Not ready,Moderately ready,Full solar system,Router
c1c2988b-5893-4a03-8834-e86a66de38c6,anambra,ihiala,ogboro_primary_health_centre,Full solar system only,Not ready,Moderately ready,Full solar system,Router
13e764ca-e5f0-4209-82a5-3b966a388794,imo,aboh_mbaise,uvuru_health_centre,Full solar system only,Not ready,Moderately ready,Full solar system,Router
4cec7d41-5b68-4081-8119-e080155aa0a3,nasarawa,nasarawa_eggon,walagen_primary_health_centre,Full solar system only,Not ready,Moderately ready,Full solar system,Router
2540ba42-a59b-4660-858f-90a302daea32,oyo,oyo_east,oba_adeyemi_primary_health_centre,Full solar system only,Not ready,Moderately ready,,Router
52d2ac84-6b38-483c-8570-9950794caa70,imo,aboh_mbaise,algon_primary_health_centre,Full solar system only,Not ready,Moderately ready,Full solar system,Router
5fb9721a-7e01-4633-a384-7c0286ea3e85,oyo,iseyin,koso_primary_health_centre_iseyin,Router only,Ready,Moderately ready,Full solar system,Router
5fb9721a-7e01-4633-a384-7c0286ea3e85,oyo,iseyin,koso_primary_health_centre_iseyin,Full solar system only,Not ready,Moderately ready,Full solar system,Router
ead9c8c1-b7dd-4510-8fd0-f75b95e6d464,bauchi,zaki,k_larabawa_primary_health_centre,Full solar system only,Not ready,Moderately ready,Full solar system,Router
e17fd850-16ad-4059-8776-5742cd5c99be,anambra,ihiala,umudara_primary_health_centre,Full solar system only,Not ready,Moderately ready,,FibreX
f15a19b5-69a1-4ab1-8fca-2ce579f49c15,oyo,akinyele,oy_iwokoto_health_centre,Router only,Ready,Moderately ready,Full solar system,Router
f15a19b5-69a1-4ab1-8fca-2ce579f49c15,oyo,akinyele,oy_iwokoto_health_centre,Full solar system only,Not ready,Moderately ready,Full solar system,Router
cae3763b-906b-48f9-91e9-e4087d07be51,imo,owerri_north,akwakuma_health_centre,Router only,Ready,Moderately ready,Full solar system,Router
cae3763b-906b-48f9-91e9-e4087d07be51,imo,owerri_north,akwakuma_health_centre,Full solar system only,Not ready,Moderately ready,Full solar system,Router
48e9e76d-af00-404b-a836-0bf331dbef17,anambra,njikoka,ezi_amaigbo_abagana_primary_health_centre,Full solar system only,Not ready,Ready,,
2b89522a-82d2-4714-aea2-bf64fffb1c52,bauchi,zaki,chibiyayi_primary_health_centre,Full solar system only,Not ready,Moderately ready,Full solar system,Router
d99db7dc-5817-4f74-a482-d8fd9c708c6a,bauchi,gamawa,alagarno_maternal_and_child_health,Full solar system only,Not ready,Moderately ready,Full solar system,Router
973c9762-bd80-4b0f-b994-b31c6b914f4e,bauchi,gamawa,tumbi_primary_health_centre,Full solar system only,Not ready,Moderately ready,Full solar system,Router
16162595-70de-469a-819f-e6ad9cf0b0d4,bauchi,gamawa,kafi_romi_maternal_and_child_health,Full solar system only,Not ready,Moderately ready,Full solar system,Router
3626ad01-8a17-4b3c-a5dd-341e9e3bda1f,oyo,ido,apete_health_centre,Router only,Ready,Moderately ready,Solar top-up,Router
3626ad01-8a17-4b3c-a5dd-341e9e3bda1f,oyo,ido,apete_health_centre,Full solar system only,Not ready,Moderately ready,Solar top-up,Router
4c507711-e23f-4166-8b97-d27494ddb2a1,anambra,idemili_north,ogbu_primary_health_centre,Router only,Ready,Moderately ready,Full solar system,Router
4c507711-e23f-4166-8b97-d27494ddb2a1,anambra,idemili_north,ogbu_primary_health_centre,Full solar system only,Not ready,Moderately ready,Full solar system,Router
73daada2-6749-45be-820a-a182749f8c45,anambra,idemili_north,holy_trinity_primary_health_centre,Router only,Ready,Moderately ready,Full solar system,Router
73daada2-6749-45be-820a-a182749f8c45,anambra,idemili_north,holy_trinity_primary_health_centre,Full solar system only,Not ready,Moderately ready,Full solar system,Router
ee746138-dfd6-4927-bb4c-5e4bfe10b984,niger,agaie,nami_primary_health_centre,Router only,Ready,Moderately ready,Full solar system,Router
17d1df1d-38e3-4b6c-81b3-b86ffe4e0f85,niger,agaie,ekobaddegi_primary_health_centre,Router only,Ready,Moderately ready,Full solar system,Router
9af72dfd-5f21-4903-b805-a897563c2f6b,nasarawa,nasarawa,odenin_gida_primary_health_centre,Router only,Ready,Moderately ready,Full solar system,Router
43d1ed55-c772-4157-a2a2-577a633acfe1,oyo,saki_east,aladura_primary_health_centre,FibreX only,Ready,Moderately ready,,Router
43d1ed55-c772-4157-a2a2-577a633acfe1,oyo,saki_east,aladura_primary_health_centre,Full solar system only,Not ready,Moderately ready,,Router
ea58d86c-a914-4d8f-9416-61f0f9cc3e05,kano,tudun_wada,dalawa_health_post,Router only,Ready,Moderately ready,Full solar system,Router
ea58d86c-a914-4d8f-9416-61f0f9cc3e05,kano,tudun_wada,dalawa_health_post,Full solar system only,Not ready,Moderately ready,Full solar system,Router
c7c9c4af-61c4-4b50-86db-e4343f80043d,niger,magama,salka_basic_health_centre,FibreX only,Ready,Moderately ready,,Router
c7c9c4af-61c4-4b50-86db-e4343f80043d,niger,magama,salka_basic_health_centre,Full solar system only,Not ready,Moderately ready,,Router
7b77feb3-7b32-487b-bfe3-558cf831c966,anambra,njikoka,abagan_maternal_and_child_health,Router only,Ready,Moderately ready,Full solar system,
7b77feb3-7b32-487b-bfe3-558cf831c966,anambra,njikoka,abagan_maternal_and_child_health,Full solar system only,Not ready,Ready,Full solar system,
a5400292-9906-49e8-a895-84c508d0e581,akwa_ibom,ikot_ekpene,ikot_inyang_health_post,Full solar system only,Not ready,Moderately ready,Full solar system,Router
82fb5f26-ecc1-4f62-9594-81b2af7c4763,imo,owerri_west,umuguma_primary_health_centre,Router only,Ready,Moderately ready,Full solar system,Router
82fb5f26-ecc1-4f62-9594-81b2af7c4763,imo,owerri_west,umuguma_primary_health_centre,Full solar system only,Not ready,Moderately ready,Full solar system,Router
589887d7-0dce-48fd-b45c-07b97dd5e230,akwa_ibom,ikot_ekpene,amayam_health_centre,Router only,Ready,Moderately ready,Full solar system,Router
d0f2eb2d-9d5d-46d2-81f1-97749d98742d,niger,munya,beni_primary_health_centre,Full solar system only,Not ready,Moderately ready,Full solar system,Router
f814bb9d-f899-4fe4-96fc-8e3b4ea8be71,anambra,onitsha_south,ckp_primary_health_centre,Full solar system only,Not ready,Moderately ready,,Router
196f16f4-d613-42c3-a371-90f79a830497,oyo,iseyin,ado_awaye_primary_health_centre,Full solar system only,Not ready,Moderately ready,,Router
8626f453-2021-4dc4-b92a-6b6c92d5405f,kano,tarauni,darmanawa_health_post,Full solar system only,Not ready,Moderately ready,Full solar system,Router
0ab1546f-500a-4b30-96ac-75df9935b26d,anambra,njikoka,urunnebo_primary_health_centre,Full solar system only,Not ready,Ready,,
6e5be00c-5da8-4ab1-9385-be70248d3c1e,kano,tarauni,yar_akwa_health_post,Full solar system only,Not ready,Ready,,
7ea78b94-7077-48ed-8ac5-a14f394c9213,oyo,ori_ire,aphrodada_primary_health_centre,Router only,Ready,Moderately ready,Solar top-up,Router
7ea78b94-7077-48ed-8ac5-a14f394c9213,oyo,ori_ire,aphrodada_primary_health_centre,Full solar system only,Not ready,Moderately ready,Solar top-up,Router
fb63f773-523e-4b94-8696-1dfa4ca90bb7,oyo,iseyin,bishop_ajayi_crowther_memorial_centre_maternity_centre,Router only,Ready,Moderately ready,Solar top-up,Router
fb63f773-523e-4b94-8696-1dfa4ca90bb7,oyo,iseyin,bishop_ajayi_crowther_memorial_centre_maternity_centre,Full solar system only,Not ready,Moderately ready,Solar top-up,Router
8588851e-74d6-4663-a7f4-347b0e5eb71d,anambra,ihiala,eziama_uli_primary_health_centre,Full solar system only,Not ready,Moderately ready,Full solar system,Router
6e731ca4-d5f8-412e-8300-70ade9fd833b,bauchi,itasgadau,gulmo_primary_health_centre_atafowa,Full solar system only,Not ready,Moderately ready,,Router
c5f1b6a4-64a3-4052-bbac-03906555bb1a,kano,tarauni,unguwa_uku_primary_health_centre,Full solar system only,Not ready,Moderately ready,,Router
7ebee61f-9746-4bf6-ba56-b6ca17907d3b,niger,agaie,ekowuna_primary_health_centre,Router only,Ready,Moderately ready,Full solar system,Router
a2abe4d8-4896-4b4d-ac1c-a41c61427fd2,oyo,oyo_east,jabata_health_centre,Router only,Ready,Moderately ready,Full solar system,Router
3bd0a14d-21f7-47a4-b58f-d7b7d2544a50,akwa_ibom,ikot_ekpene,ikot_osura_health_post,Full solar system only,Not ready,Moderately ready,Full solar system,Router
c34d5f87-3ec4-4116-b4bb-b98de6131b46,kano,kibiya,kibiya_primary_health_centre,Full solar system only,Not ready,Ready,,
3c33e233-14f6-4611-b12d-87466ca4be98,rivers,khana,bori_primary_health_centre,Full solar system only,Not ready,Moderately ready,Full solar system,Router
7d725070-4531-43c2-ac30-ad8c414238f4,niger,borgu,babanna_basic_health_centre,Router only,Ready,Moderately ready,Full solar system,Router
7d725070-4531-43c2-ac30-ad8c414238f4,niger,borgu,babanna_basic_health_centre,Full solar system only,Not ready,Moderately ready,Full solar system,Router
f9ae9a02-f727-42ee-8e70-c367dc216647,imo,njaba,nnenasa_health_centre,Full solar system only,Not ready,Moderately ready,Full solar system,Router
b7a9d757-97e4-4940-ac0d-7c65f08ea8b8,oyo,egbeda,pagun_primary_health_centre,Full solar system only,Not ready,Moderately ready,,Router
27de1bde-87b9-48c7-a6a7-da14e0055111,kano,tarauni,gyadi_gyadi_kudu_health_post,Full solar system only,Not ready,Moderately ready,Full solar system,Router
979063aa-a23c-4a65-bfca-17e8447f11c0,oyo,afijo,tbl_clinic,Router only,Ready,Moderately ready,Solar top-up,Router
979063aa-a23c-4a65-bfca-17e8447f11c0,oyo,afijo,tbl_clinic,Full solar system only,Not ready,Moderately ready,Solar top-up,Router
8ff1ca07-272a-41e6-867f-e41acf8ce68f,kano,kibiya,nariya_health_post,Full solar system only,Not ready,Moderately ready,Full solar system,Router
007dbfbc-a7d5-49ef-bfd9-3ce0ab297ae4,oyo,ibadan_north_west,oniyanrin_comprehensive_health_centre,Router only,Ready,Moderately ready,Solar top-up,
094e3846-0672-4a2a-93a8-1cc45f8a815c,oyo,akinyele,oy_akinyele_primary_health_centre,Full solar system only,Not ready,Moderately ready,,Router
31b56f71-2a90-497b-856b-d0f9258bb587,oyo,egbeda,kumapayi_primary_health_centre,Full solar system only,Not ready,Moderately ready,,Router
89c8feaa-bc66-4206-ac6b-5f07882d1ce1,imo,isu,amandugba_primary_health_centre,Full solar system only,Not ready,Moderately ready,Full solar system,Router
738b4192-4313-42bb-9c5f-344308036070,kano,fagge,jaba_model_primary_health_centre,Full solar system only,Not ready,Moderately ready,,Router
bc1771fa-c1cb-4eb3-896d-be0fc94e0c86,niger,agaie,bororoko_primary_health_centre,Router only,Ready,Moderately ready,Full solar system,Router
0643e6c6-56fa-4850-9bf6-bd2a2043484a,niger,agaie,ekowugi_primary_health_centre,Router only,Ready,Moderately ready,Full solar system,Router
46bc6368-cf5f-4003-9857-9086ad3ce4aa,kano,dawakin_kudu,tamburawa_health_post,Full solar system only,Not ready,Moderately ready,Full solar system,Router
c6706f6d-0897-4d35-a07d-cdedc7b0d3bb,nasarawa,nasarawa,marmara_primary_health_centre,Router only,Ready,Moderately ready,Full solar system,Router
23b7746f-f462-4509-8306-be891a714e5d,kano,nassarawa,kaura_goje_primary_health_centre,Full solar system only,Not ready,Ready,,
eb52bad2-98e5-44e5-99ea-8fa38eec3a46,adamawa,girei,vunoklang_primary_health_centre,Router only,Ready,Moderately ready,Full solar system,Router
eb52bad2-98e5-44e5-99ea-8fa38eec3a46,adamawa,girei,vunoklang_primary_health_centre,Full solar system only,Not ready,Moderately ready,Full solar system,Router
984d685e-ff21-4266-bb42-c7cd676ce5d3,oyo,akinyele,oy_onidudu_health_centre,Router only,Ready,Moderately ready,Solar top-up,Router
984d685e-ff21-4266-bb42-c7cd676ce5d3,oyo,akinyele,oy_onidudu_health_centre,Full solar system only,Not ready,Moderately ready,Solar top-up,Router
bb3c0b16-a75f-4387-8fde-19d9eca3b048,anambra,ihiala,amorka_primary_health_centre,Router only,Ready,Moderately ready,Full solar system,Router
bb3c0b16-a75f-4387-8fde-19d9eca3b048,anambra,ihiala,amorka_primary_health_centre,Full solar system only,Not ready,Moderately ready,Full solar system,Router
1bedec2a-24b7-44c9-a0f6-2a3c00feefa3,oyo,ori_ire,elesun_primary_health_centre,Full solar system only,Not ready,Moderately ready,,Router
ba17b72d-26ac-423c-8fec-6ca2d9d061fc,bauchi,itasgadau,babagudu_health_clinic,Full solar system only,Not ready,Moderately ready,,Router
377505ed-a14f-45a9-8f59-47b393a3f5a6,bauchi,itasgadau,kashuri_primary_health_centre,Full solar system only,Not ready,Moderately ready,,Router
4c36f5d5-57ab-4520-af25-7aeb16a314aa,bauchi,itasgadau,gadau_primary_health_centre,Full solar system only,Not ready,Moderately ready,,Router
2c1323fb-75d2-419f-aefd-80b5898b4220,kano,fagge,musa_kallah_primary_health_centre,Full solar system only,Not ready,Moderately ready,,Router
59fb7ee0-83ce-4055-a4a2-e7a6576fe0d4,rivers,emohua,rumuewhor_primary_health_centre,Router only,Ready,Moderately ready,Solar top-up,Router
fcaeb008-ee6a-4592-a87c-d4162df35c44,niger,borgu,masud_and_maternity_clinic,Full solar system only,Not ready,Moderately ready,,Router
3c239504-b103-4567-80f3-b999fa31b7b1,oyo,iseyin,oke_ola_primary_health_centre_iseyin,Full solar system only,Not ready,Moderately ready,,Router
08a81543-afb9-4351-b942-dd3ea8d30968,bauchi,ganjuwa,soro_primary_health_centre,Full solar system only,Not ready,Moderately ready,,Router
b3939d4a-1d92-416e-9364-1752808b13b9,adamawa,michika,tsukumu_primary_health_centre,Full solar system only,Not ready,Moderately ready,Full solar system,Router
bf3ce713-411d-421a-b3ea-33fed6abbcfd,adamawa,michika,michika_primary_health_centre,Full solar system only,Not ready,Moderately ready,,Router
9d633c16-42c7-45c9-b73a-03224aefaaf1,bauchi,alkaleri,garin_na_allah_health_clinic,Full solar system only,Not ready,Moderately ready,Full solar system,Router
ac3fcd33-dee7-4147-bb43-f6c9def6d511,bauchi,kirfi,kalajanga_primary_health_centre,Full solar system only,Not ready,Moderately ready,,Router
9ce01a3f-5646-439c-9d49-2194216dbf11,bauchi,kirfi,kwagal_primary_health_centre,Router only,Ready,Moderately ready,Solar top-up,Router
9ce01a3f-5646-439c-9d49-2194216dbf11,bauchi,kirfi,kwagal_primary_health_centre,Full solar system only,Not ready,Moderately ready,Solar top-up,Router
ec4e952e-c492-4c82-987f-4dfeeb771a6e,bauchi,kirfi,bara_primary_health_centre,Full solar system only,Not ready,Moderately ready,,Router
d8d10bcc-1b2e-42cf-9e24-d1587de446cc,bauchi,alkaleri,gwaram_primary_health_centre_alkaleri,Full solar system only,Not ready,Moderately ready,,Router
ad61d2af-3802-4894-8ba3-0c56f1273ad9,kano,kano_minicipal_council,madatai_primary_health_centre,Full solar system only,Not ready,Moderately ready,,Router
fa06425b-386b-4370-b9a5-f7b5c394d99e,kano,kano_minicipal_council,jakara_primary_health_centre,Router only,Ready,Moderately ready,Full solar system,Router
fa06425b-386b-4370-b9a5-f7b5c394d99e,kano,kano_minicipal_council,jakara_primary_health_centre,Full solar system only,Not ready,Moderately ready,Full solar system,Router
ec8a14af-2d59-4816-90c5-b416853c6bfe,kano,kano_minicipal_council,sharada_primary_health_centre,Full solar system only,Not ready,Moderately ready,,Router
e6460eff-20f8-4645-a2b4-e70a4f15c679,bauchi,bauchi,badakoshi_primary_health_centre,Full solar system only,Not ready,Moderately ready,,Router
da6ce7de-d6a4-404c-bcc4-bab3568ddb28,bauchi,toro,nahuta_maternal_and_child_health,Full solar system only,Not ready,Moderately ready,Full solar system,Router
3ec78875-2868-4237-a3b8-dca031f2eb8a,bauchi,bauchi,kusi_primary_health_centre,Full solar system only,Not ready,Moderately ready,Full solar system,Router
2a7473b5-bcea-4cbd-9cef-2d8829d61646,bauchi,bogoro,d_lawan_primary_health_centre,Full solar system only,Not ready,Moderately ready,,Router
e42ec67a-b9da-45f1-b495-b92afdf1c190,bauchi,tafawa_balewa,dull_primary_health_centre,Full solar system only,Not ready,Moderately ready,,Router
50c71b93-8711-4625-a602-1b0914397ed7,bauchi,tafawa_balewa,mball_maternal_and_child_health,Full solar system only,Not ready,Moderately ready,,Router
437c0a6a-3766-4cf2-88cd-7dffd00ed580,bauchi,gamawa,gadiya_mphc_primary_health_centre,Router only,Ready,Moderately ready,Full solar system,Router
437c0a6a-3766-4cf2-88cd-7dffd00ed580,bauchi,gamawa,gadiya_mphc_primary_health_centre,Full solar system only,Not ready,Moderately ready,Full solar system,Router
4f780d5c-38cb-4bed-a933-b17cca9191a1,bauchi,tafawa_balewa,bununu_town_maternity_centre,Full solar system only,Not ready,Moderately ready,,Router
92f2e97a-7fd0-4686-be51-042756700304,bauchi,tafawa_balewa,tapshin_mphc_primary_health_centre,Full solar system only,Not ready,Moderately ready,,Router
7f2905cd-1989-43ac-88df-da4afa49e341,bauchi,gamawa,taranka_primary_health_centre,Router only,Ready,Moderately ready,Full solar system,Router
7f2905cd-1989-43ac-88df-da4afa49e341,bauchi,gamawa,taranka_primary_health_centre,Full solar system only,Not ready,Moderately ready,Full solar system,Router
0b4db959-c8a2-4a24-832d-4d1ce4cb2bc5,bauchi,gamawa,raga_primary_health_centre,Full solar system only,Not ready,Moderately ready,,Router
81343f95-7dcd-40f8-9428-993ba3166191,jigawa,gagarawa,gagarawa_tasha_primary_health_centre,Full solar system only,Not ready,Moderately ready,,Router
bdf2557a-2821-428f-b23c-220b4a076c8e,jigawa,gagarawa,gagarawa_gari_primary_health_centre,Full solar system only,Not ready,Moderately ready,,Router
2898f734-573c-4b7a-b18a-cacf66087eb5,jigawa,gagarawa,yalawa_primary_health_centre,Full solar system only,Not ready,Moderately ready,,Router
a3a26989-8963-4860-8dc0-ba5c777a8d9c,bauchi,misau,sirko_primary_health_centre,Full solar system only,Not ready,Moderately ready,,Router
8fe9f32d-d77c-4e65-8321-448c6748f7b7,bauchi,misau,zadawa_maternal_and_child_health,Full solar system only,Not ready,Moderately ready,,Router
c36713cf-cff0-4eaa-b9a0-7a2236380fd3,bauchi,misau,mainari_primary_health_centre,Full solar system only,Not ready,Moderately ready,Full solar system,Router
07f70937-d5a5-4471-a891-09c3f51f2645,bauchi,misau,misau_town_primary_health_centre,FibreX only,Ready,Moderately ready,,Router
5c124ff3-1f38-499a-b007-71782019cb6b,jigawa,gagarawa,garin_chiroma_primary_health_centre,Full solar system only,Not ready,Moderately ready,,Router
f2508695-b26c-4657-a33e-ecfc055ded58,jigawa,gagarawa,medu_primary_health_centre,Full solar system only,Not ready,Moderately ready,,Router
8e987909-0257-4c0b-9a4e-0e2cbad9b8e1,jigawa,roni,zugai_primary_health_centre,Full solar system only,Not ready,Moderately ready,,Router
468ebd1f-6dbf-4153-8dcc-401d01741496,jigawa,roni,bashe_primary_health_centre,Full solar system only,Not ready,Moderately ready,,Router
6998acc5-b33f-45d4-9449-a70a5feaa50d,imo,isu,ezi_isu_primary_health_centre,Full solar system only,Not ready,Moderately ready,Full solar system,Router
a6a81999-b7eb-4d6e-8f91-82d7a3b7e8b0,imo,isu,amure_primary_health_centre,Full solar system only,Not ready,Moderately ready,,Router
6ec043be-420e-4f9f-9dda-b501e78cdc1d,imo,isu,isunjaba_model_primary_health_centre,Full solar system only,Not ready,Moderately ready,Full solar system,Router
a629d448-aabc-4b2f-bb73-6a6f80a4a0f3,anambra,ihiala,uhuowelle_primary_health_centre,Full solar system only,Not ready,Moderately ready,Full solar system,Router
5b0ded11-0cf7-4ccb-840c-f51f7120a507,jigawa,malam_madori,agin_primary_health_centre,Full solar system only,Not ready,Moderately ready,,Router
7a24765b-b0c9-43a0-a7d0-c19fb00d18c2,jigawa,kaugama,nuhu_alpha_primary_health_centre,Full solar system only,Not ready,Moderately ready,,Router
a67e117d-59aa-433f-9d02-4a29886fb9b6,jigawa,kaugama,hadin_primary_health_centre,Full solar system only,Not ready,Moderately ready,,Router
bc7a86ab-da9f-4729-8505-b7af762f7308,jigawa,kaugama,dabuwaran_primary_health_centre,Full solar system only,Not ready,Moderately ready,,Router
d9afc64a-5e16-4055-ac8a-f78f6095056b,anambra,idemili_south,oba_1_primary_health_centre,Full solar system only,Not ready,Ready,,
1a9ebc66-cfcc-47a6-bd4f-ac3bd00e6314,jigawa,kaugama,marke_primary_health_centre,Full solar system only,Not ready,Moderately ready,,Router
71eead3d-6796-4015-9b50-2c2c90d30ca2,niger,rafi,pandogari_primary_health_centre,Full solar system only,Not ready,Moderately ready,,Router
7d1189d5-2e72-4e21-99b6-4de895bb379c,niger,rafi,kusherki_basic_health_centre,Router only,Ready,Moderately ready,Full solar system,Router
7d1189d5-2e72-4e21-99b6-4de895bb379c,niger,rafi,kusherki_basic_health_centre,Full solar system only,Not ready,Moderately ready,Full solar system,Router
354470b1-9ade-4b10-82cf-5b634b76d34f,imo,orlu,ohaeke_primary_health_centre,Full solar system only,Not ready,Moderately ready,,Router
aff380f7-5dda-429b-a1eb-7e86f5c8d217,anambra,idemili_south,umuochi_primary_health_centre,Full solar system only,Not ready,Moderately ready,Full solar system,FibreX
5a27fa01-a58b-4eed-a0fe-8b211625b6b8,anambra,idemili_south,oba_2_primary_health_centre,Router only,Ready,Moderately ready,Full solar system,
5a27fa01-a58b-4eed-a0fe-8b211625b6b8,anambra,idemili_south,oba_2_primary_health_centre,Full solar system only,Not ready,Ready,Full solar system,
5e794379-2d40-4dd0-9655-1221eca5c923,anambra,idemili_south,akwaukwu_primary_health_centre,Full solar system only,Not ready,Ready,,
566a6e29-81bf-4366-bde0-5b76fe139c12,oyo,ogo_oluwa,idewure_health_facility,Full solar system only,Not ready,Ready,Full solar system,
fe98ee0e-3f18-4b9a-8760-ca01641d1df1,kano,tofa,lambu_basic_health_clinic,Full solar system only,Not ready,Ready,,
7be3f335-3a14-4b85-a96e-b0e70fad1ef4,rivers,andoni,asarama_primary_health_centre,Full solar system only,Not ready,Moderately ready,Full solar system,Router
0a874054-8e27-4e1e-ad25-cb4d2384149e,adamawa,girei,jera_bonyo_primary_health_centre,Router only,Ready,Moderately ready,Full solar system,
0a874054-8e27-4e1e-ad25-cb4d2384149e,adamawa,girei,jera_bonyo_primary_health_centre,Full solar system only,Not ready,Ready,Full solar system,
3c725b4e-d664-452d-b2c1-5331a572d6c0,adamawa,girei,nawa_primary_health_centre,Full solar system only,Not ready,Moderately ready,Full solar system,FibreX
d76b1974-6593-426d-8db6-9481231af6eb,nasarawa,nasarawa_eggon,akpata_primary_health_centre,Full solar system only,Not ready,Moderately ready,,Router
914cc281-d652-4724-a893-b49c79b6d496,adamawa,mubi_north,mayo_bani_primary_health_centre,Router only,Ready,Moderately ready,Full solar system,Router
914cc281-d652-4724-a893-b49c79b6d496,adamawa,mubi_north,mayo_bani_primary_health_centre,Full solar system only,Not ready,Moderately ready,Full solar system,Router
79b115ce-c424-4d83-863e-754ef2bba05c,anambra,anaocha,umuabani_primary_health_centre,Full solar system only,Not ready,Ready,,
7c8fb1d5-5e8f-42a2-ad89-898bac1daaf8,adamawa,mubi_north,betso_primary_health_centre,Full solar system only,Not ready,Moderately ready,,Router
61880a11-c693-4815-a1c2-3514ff05056b,imo,aboh_mbaise,mbutu_primary_health_centre,Router only,Ready,Moderately ready,Full solar system,Router
61880a11-c693-4815-a1c2-3514ff05056b,imo,aboh_mbaise,mbutu_primary_health_centre,Full solar system only,Not ready,Moderately ready,Full solar system,Router
85015a84-d5f5-4e16-9f7b-a977bbcdaddb,oyo,saki_east,oje_owode_model_primary_health_centre,Full solar system only,Not ready,Moderately ready,,Router
2373f7a1-8a5a-4374-b4f7-af876bc3b0ed,oyo,saki_east,oje_owode_primary_health_centre,Full solar system only,Not ready,Moderately ready,,Router
61c87905-1333-4efd-8407-33a10e5fb804,anambra,ihiala,azia_primary_health_centre,Router only,Ready,Moderately ready,Full solar system,
61c87905-1333-4efd-8407-33a10e5fb804,anambra,ihiala,azia_primary_health_centre,Full solar system only,Not ready,Ready,Full solar system,
c6f9f297-820e-4617-9753-835e89933713,oyo,atisbo,tede_comprehensive_primary_health_centre,Router only,Ready,Moderately ready,Solar top-up,Router
c6f9f297-820e-4617-9753-835e89933713,oyo,atisbo,tede_comprehensive_primary_health_centre,Full solar system only,Not ready,Moderately ready,Solar top-up,Router
da6f49f6-3194-41de-ab4e-ab340a5771f0,nasarawa,nasarawa_eggon,ginda_b_primary_health_centre,Router only,Ready,Moderately ready,Full solar system,Router
da6f49f6-3194-41de-ab4e-ab340a5771f0,nasarawa,nasarawa_eggon,ginda_b_primary_health_centre,Full solar system only,Not ready,Moderately ready,Full solar system,Router
6850baa6-9255-424e-acd9-c3acc6172ff6,kano,wudil,indabo_primary_health_centre,Router only,Ready,Moderately ready,Full solar system,
6850baa6-9255-424e-acd9-c3acc6172ff6,kano,wudil,indabo_primary_health_centre,Full solar system only,Not ready,Ready,Full solar system,
b373cfe1-00b3-4ce6-afbd-4c881108de0f,kano,wudil,dagumawa_health_clinic,Router only,Ready,Moderately ready,Full solar system,
d4e9d8de-b09f-4e60-9db9-84d0246d57ef,kano,rimin_gado,jili_health_post,Full solar system only,Not ready,Ready,Full solar system,
27637d52-4d2f-4994-95e7-60aca6861f9f,imo,ahiazu_mbaise,ogbe_i_primary_health_centre,Router only,Ready,Moderately ready,Full solar system,Router
27637d52-4d2f-4994-95e7-60aca6861f9f,imo,ahiazu_mbaise,ogbe_i_primary_health_centre,Full solar system only,Not ready,Moderately ready,Full solar system,Router
3423faed-3357-4f54-9fc3-1d0d6bb8d2fc,rivers,abuaodual,ogbema_primary_health_centre,Full solar system only,Not ready,Moderately ready,,FibreX
1731ad45-553b-4251-9328-ee496ea15da5,rivers,port_harcourt,nkpolu_primary_health_centre,FibreX only,Ready,Moderately ready,,Router
1731ad45-553b-4251-9328-ee496ea15da5,rivers,port_harcourt,nkpolu_primary_health_centre,Full solar system only,Not ready,Moderately ready,,Router
8300f09a-5973-4a94-a488-e2b3a0f68197,niger,paikoro,adunu_primary_health_centre,Full solar system only,Not ready,Moderately ready,Full solar system,Router
98b0b6cc-d6bb-499b-8b98-cd338be97e8d,anambra,ihiala,achalla_uzoakjwa_primary_health_centre,Full solar system only,Not ready,Ready,,
4f7504fa-2593-4e18-ae98-8f13c271a070,niger,gurara,lambata_primary_health_centre,Router only,Ready,Moderately ready,Solar top-up,Router
4f7504fa-2593-4e18-ae98-8f13c271a070,niger,gurara,lambata_primary_health_centre,Full solar system only,Not ready,Moderately ready,Solar top-up,Router
ee7ab5ab-ddd0-4a6b-b8b9-220906ba5e35,akwa_ibom,ikot_ekpene,utu_edem_usung_health_post,Full solar system only,Not ready,Moderately ready,Full solar system,Router
bf0b91e2-7a6e-4958-95fb-2af50047e08e,anambra,onitsha_north,american_quarters_primary_health_centre,Router only,Ready,Moderately ready,Solar top-up,Router
bf0b91e2-7a6e-4958-95fb-2af50047e08e,anambra,onitsha_north,american_quarters_primary_health_centre,Full solar system only,Not ready,Moderately ready,Solar top-up,Router
fb322745-ae43-466e-9aeb-9a176a8e4e7f,niger,lavun,dabban_primary_health_centre,Router only,Ready,Moderately ready,Solar top-up,Router
66b6b34a-8049-4f86-9eb1-d3c67db1f3a5,oyo,akinyele,oy_ijaye_primary_health_centre,Full solar system only,Not ready,Moderately ready,,Router
3f8839b2-6461-4ead-88e7-0a09e5d4abcf,niger,borgu,dugga_health_clinic,Full solar system only,Not ready,Moderately ready,Full solar system,FibreX
dc8a060e-346d-4534-b03b-9a232cf9f06f,anambra,awka_north,achalla_2_primary_health_centre,Router only,Ready,Moderately ready,Full solar system,Router
dc8a060e-346d-4534-b03b-9a232cf9f06f,anambra,awka_north,achalla_2_primary_health_centre,Full solar system only,Not ready,Moderately ready,Full solar system,Router
4e412451-d111-4962-8d90-b92cc03e5fb3,oyo,ogo_oluwa,ajawa_primary_health_centre_model,Full solar system only,Not ready,Moderately ready,,Router
117407fd-3d7c-42f0-8706-d056ec4ba5f2,kano,dawakin_tofa,kwa_primary_health_centre,Full solar system only,Not ready,Ready,,
aa71022f-ddd5-40dd-8703-e488a9b8d038,kano,dawakin_tofa,danguguwa_primary_health_centre,Router only,Ready,Moderately ready,Solar top-up,
aa71022f-ddd5-40dd-8703-e488a9b8d038,kano,dawakin_tofa,danguguwa_primary_health_centre,Full solar system only,Not ready,Moderately ready,Solar top-up,
ae22f4ba-1e27-4bd4-988f-529ed4a70474,kano,tarauni,hausawa_primary_health_centre,Full solar system only,Not ready,Moderately ready,,FibreX
d6f5189f-48f1-41cf-ad4b-081851d03f82,imo,aboh_mbaise,egbelu_umuhu_health_centre,Router only,Ready,Moderately ready,Full solar system,Router
d6f5189f-48f1-41cf-ad4b-081851d03f82,imo,aboh_mbaise,egbelu_umuhu_health_centre,Full solar system only,Not ready,Moderately ready,Full solar system,Router
8fa7d21a-0c42-433b-bafa-b0ff898391ed,oyo,afijo,akinmorin_jobele_primary_health_centre,Full solar system only,Not ready,Moderately ready,,Router
aedc0ce5-8604-4ea4-aa7e-d1812210ad08,niger,edati,fazhi_health_clinic,Router only,Ready,Moderately ready,Full solar system,Router
aedc0ce5-8604-4ea4-aa7e-d1812210ad08,niger,edati,fazhi_health_clinic,Full solar system only,Not ready,Moderately ready,Full solar system,Router
2c02d0fc-827d-44a8-9f39-22c179d71a61,rivers,emohua,ndele_primary_health_centre_mphc,Full solar system only,Not ready,Moderately ready,,Router
18aae304-9798-4083-adbf-eeb069bfda6c,oyo,ibadan_north_west,agbaje_health_centre,Router only,Ready,Moderately ready,Full solar system,Router
e9a0ca79-f3ac-45ea-ab34-9bc93446dfb8,anambra,ihiala,mbarakpaka_primary_health_centre,Full solar system only,Not ready,Moderately ready,Full solar system,Router
264d7bb8-4bdd-44af-985b-374b0357d301,akwa_ibom,ikot_ekpene,abiakpo_ikot_essien_health_centre,Router only,Ready,Moderately ready,Full solar system,Router
014e6702-8f03-4b8c-8563-f447bd5245b0,oyo,ori_ire,ikoyi_ile_primary_health_centre,Full solar system only,Not ready,Moderately ready,,Router
1d36dd9f-1e33-40f2-afa8-5ca76e6ee97e,oyo,oluyole,odo_ona_elewe_primary_health_centre,Full solar system only,Not ready,Moderately ready,,Router
c1a4cb7c-f8ef-4212-9674-16b21054c443,adamawa,demsa,dakusung_health_centre,Full solar system only,Not ready,Moderately ready,Full solar system,Router
ed27bcd9-c0ae-4a59-b30b-b45e93945f8a,adamawa,demsa,dong_primary_health_centre,Router only,Ready,Moderately ready,Full solar system,Router
03a7c62a-6d92-430d-b287-340898c031ab,nasarawa,awe,tunga_primary_health_centre,Router only,Ready,Moderately ready,Full solar system,Router
b7663455-cca0-45a1-a167-dc945cc84039,anambra,awka_north,achalla_1_primary_health_centre,Router only,Ready,Moderately ready,Full solar system,Router
b7663455-cca0-45a1-a167-dc945cc84039,anambra,awka_north,achalla_1_primary_health_centre,Full solar system only,Not ready,Moderately ready,Full solar system,Router
c109caa7-1abb-4e1d-83dd-9b2a1e0619ee,rivers,okrika,ayungibiri_primary_health_centre,Router only,Ready,Moderately ready,Solar top-up,Router
07a77225-051e-4b7a-9a16-b8c5cffe9201,anambra,onitsha_north,christ_church_ose_primary_health_centre,Full solar system only,Not ready,Moderately ready,,Router
8fd4a8e4-96ef-4007-9855-cae6afad8459,oyo,akinyele,oy_olorisa_oko_primary_health_centre,Full solar system only,Not ready,Moderately ready,,Router
527a49bd-e251-4d2a-9dce-a39511e50c6d,kano,tarauni,jaoji_primary_health_centre,Full solar system only,Not ready,Moderately ready,,FibreX
6b0378cf-4122-46a0-bdbe-7b020ac38b47,akwa_ibom,ikot_ekpene,uruk_uso_health_centre,Full solar system only,Not ready,Moderately ready,Full solar system,Router
99222832-bf5c-4793-8658-700d8c972949,oyo,oluyole,bare_primary_health_centre,Router only,Ready,Moderately ready,Solar top-up,Router
99222832-bf5c-4793-8658-700d8c972949,oyo,oluyole,bare_primary_health_centre,Full solar system only,Not ready,Moderately ready,Solar top-up,Router
186e13f5-5b9c-4a62-9157-327b3e2e3cdb,kano,kibiya,unguwar_gai_health_post,Full solar system only,Not ready,Moderately ready,Full solar system,Router
ebff9140-a12c-42b2-a12e-7d2e93a6485f,kano,kibiya,fammar_primary_health_centre,Full solar system only,Not ready,Moderately ready,Full solar system,Router
e38b672d-893d-4633-aa50-36179ef4a033,imo,njaba,umuaka_health_centre,Full solar system only,Not ready,Moderately ready,Full solar system,Router
3739cd8c-a16b-43f4-8646-baa409ec7270,rivers,obioakpor,rumuekini_primary_health_centre,Router only,Ready,Moderately ready,Full solar system,Router
3739cd8c-a16b-43f4-8646-baa409ec7270,rivers,obioakpor,rumuekini_primary_health_centre,Full solar system only,Not ready,Moderately ready,Full solar system,Router
9d6f6b37-1655-41b0-aac7-512f4c67835d,oyo,ori_ire,igbori_primary_health_centre,Router only,Ready,Moderately ready,Solar top-up,Router
9e6cd83f-421f-4204-8eea-828aceee3c31,anambra,ihiala,eziani_primary_health_centre,Full solar system only,Not ready,Moderately ready,Full solar system,Router
1d8abdb5-e759-4f4a-81e4-f018c3d21e85,oyo,akinyele,moniya_primary_health_centre,Router only,Ready,Moderately ready,Full solar system,Router
1d8abdb5-e759-4f4a-81e4-f018c3d21e85,oyo,akinyele,moniya_primary_health_centre,Full solar system only,Not ready,Moderately ready,Full solar system,Router
b5c11782-6fe1-4fc7-9018-8178c4b1657d,niger,borgu,swashi_model_primary_health_centre,Full solar system only,Not ready,Moderately ready,Full solar system,Router
70eb12a6-4d22-4b55-b56d-26a537893592,imo,owerri_municipal,area_m_comprehensive_health_centre,Router only,Ready,Moderately ready,Full solar system,Router
70eb12a6-4d22-4b55-b56d-26a537893592,imo,owerri_municipal,area_m_comprehensive_health_centre,Full solar system only,Not ready,Moderately ready,Full solar system,Router
38ff695b-fa90-4bf5-8342-017ea2839a59,anambra,awka_north,achalla_maternal_and_child_health,Full solar system only,Not ready,Moderately ready,,Router
bd70b4b5-02fc-42bf-947d-39864c350310,oyo,iseyin,isalu_primary_health_centre,Full solar system only,Not ready,Moderately ready,,Router
b87ba0f4-5143-4285-b091-530af773b067,rivers,okrika,fibresima_island_maternity_centre,Router only,Ready,Moderately ready,Solar top-up,
b87ba0f4-5143-4285-b091-530af773b067,rivers,okrika,fibresima_island_maternity_centre,Solar top-up + Network extension,Moderately ready,Ready,Solar top-up,
7f9bd7c2-138e-4019-99ae-179dbe21db80,oyo,ori_ire,adafila_primary_health_centre,Full solar system only,Not ready,Moderately ready,Full solar system,Router
ae12a843-34ff-4c5d-86b9-5a768897f870,niger,wushishi,gekun_primary_health_centre,Full solar system only,Not ready,Moderately ready,,Router
24cd3795-d651-4788-a719-b619ffc0db1c,kano,fagge,wapa_health_post,Full solar system only,Not ready,Moderately ready,Full solar system,Router
bf087806-8cb7-46a3-a14e-d112a9a81252,oyo,afijo,fiditi_1_jafu_primary_health_centre,Full solar system only,Not ready,Moderately ready,,Router
e6459f5a-72ae-4845-9077-a84eaad9ab95,oyo,iseyin,opopooloro_primary_health_centre,Full solar system only,Not ready,Moderately ready,,Router
4e58de6a-432f-44ec-829a-8425736844b0,rivers,andoni,ngo_primary_health_centre,Full solar system only,Not ready,Moderately ready,Full solar system,FibreX
f6a6c550-4a07-40d3-9d9d-b8f3610ddb44,kano,fagge,sabo_garba_maternal_child_clinic,Full solar system only,Not ready,Moderately ready,,Router
dd88857a-7cdb-44cb-9d40-22ee900dfaf6,kano,fagge,middle_road_clinic_maternal_and_child_health,Full solar system only,Not ready,Moderately ready,,Router
c375e06c-aac8-49d5-8320-73565d5ec5dd,niger,paikoro,ishau_primary_health_centre,Router only,Ready,Moderately ready,Full solar system,Router
ff9fb992-2034-40a9-832e-1f0c819274b5,oyo,irepo,koso_primary_health_centre_irepo,Full solar system only,Not ready,Moderately ready,,Router
d6c948a6-0c29-4c4c-806b-1075f96a5404,oyo,irepo,molete_ehinke_primary_health_centre,Router only,Ready,Moderately ready,Full solar system,Router
d6c948a6-0c29-4c4c-806b-1075f96a5404,oyo,irepo,molete_ehinke_primary_health_centre,Full solar system only,Not ready,Moderately ready,Full solar system,Router
c2d3cdf0-9931-4256-9dd5-3cd31628bc80,oyo,irepo,ajangba_primary_health_centre,Full solar system only,Not ready,Moderately ready,,Router
d9eaff3c-aa2a-4444-bee7-ece8a96f72df,niger,rafi,yakila_primary_health_centre,Full solar system only,Not ready,Moderately ready,,Router
780d8ca7-2b63-4ee2-81bd-6ecbc2cf2cac,bauchi,dambam,garuza_primary_health_centre,Full solar system only,Not ready,Moderately ready,,Router
e74500fe-b9b4-4785-bc6d-3593f4bf8370,bauchi,gamawa,gamawa_primary_health_centre,Full solar system only,Not ready,Moderately ready,,Router
abbf792b-0648-4da8-b64e-606061aa5e86,bauchi,gamawa,udubo_primary_health_centre,Full solar system only,Not ready,Moderately ready,,Router
d9ad81e6-63d9-43f5-93db-1c78987c589c,bauchi,alkaleri,yalo_health_clinic,Router only,Ready,Moderately ready,Solar top-up,Router
d9ad81e6-63d9-43f5-93db-1c78987c589c,bauchi,alkaleri,yalo_health_clinic,Full solar system only,Not ready,Moderately ready,Solar top-up,Router
199e14bc-26c7-47f0-8201-35682ca047af,bauchi,alkaleri,futuk_primary_health_centre,Full solar system only,Not ready,Moderately ready,,Router
9febffcc-6ff6-4d4f-a4d1-f70d049a8320,bauchi,katagum,madangala_health_clinic,Full solar system only,Not ready,Moderately ready,,Router
0555ddcd-eea3-4fc4-9ccf-8a1ce3f07036,adamawa,demsa,n_demsa_primary_health_centre,Full solar system only,Not ready,Moderately ready,,Router
f31e9c88-b908-4e10-a267-f09cb1e249bc,adamawa,demsa,demsa_primary_health_centre,Full solar system only,Not ready,Moderately ready,,Router
e95ce38f-f35e-4893-afb5-a6e0dbad411b,bauchi,bogoro,lusa_primary_health_centre,Full solar system only,Not ready,Moderately ready,Full solar system,Router
bea4b7d4-b615-48b6-817b-23fc67e293ca,bauchi,bogoro,bogoro_primary_health_centre,Full solar system only,Not ready,Moderately ready,,Router
1dd827b0-b305-4da8-9de2-612c9c5fdf2f,bauchi,bogoro,gobbiya_mphc_primary_health_centre,Full solar system only,Not ready,Moderately ready,,Router
6cbac311-dcb8-4fd9-a6e6-4a73d7c96a20,bauchi,bogoro,tadnum_primary_health_centre,Full solar system only,Not ready,Moderately ready,,Router
622e5ac7-4951-482f-b8a8-0bfb4adf2c18,bauchi,katagum,bulkachuwa_mphc_primary_health_centre,Full solar system only,Not ready,Moderately ready,,Router
b45ab1d9-102a-4e94-b5b1-b24fdf38ea79,bauchi,katagum,chinade_primary_health_centre,Full solar system only,Not ready,Moderately ready,,Router
88dfeab1-cb33-4da8-b2a0-f72d656943ca,bauchi,katagum,madachi_primary_health_centre_katagum,Full solar system only,Not ready,Moderately ready,,Router
6b7e4627-a469-4576-a5ed-44403867bf25,bauchi,katagum,gambaki_primary_health_centre,Full solar system only,Not ready,Moderately ready,,Router
b97f21c7-8d84-4ddd-9638-a5f8ee93434e,bauchi,katagum,buskuri_maternal_and_child_health,Full solar system only,Not ready,Moderately ready,Full solar system,Router
0e6ee1db-cee6-4058-9127-411f809a4470,bauchi,dass,wandi_maternal_and_child_health,Full solar system only,Not ready,Moderately ready,,Router
618cd436-9e95-4757-805c-f1572b8e1248,oyo,ibarapa_east,owode_primary_health_centre,FibreX only,Ready,Moderately ready,,Router
96fd7617-2b0a-4df7-ac90-ef453880b362,adamawa,michika,kwapale_maternal_and_child_health,Full solar system only,Not ready,Moderately ready,,Router
1b6876aa-388e-4ec8-bd54-032823c9edef,bauchi,darazo,aiy_under_five_primary_health_centre,Full solar system only,Not ready,Moderately ready,,Router
c3d8a6d2-6643-48aa-87fc-7b5a1c92b6a1,akwa_ibom,abak,abiakpo_health_centre,Full solar system only,Not ready,Moderately ready,,Router
3ea4eca6-936c-48df-a1bd-a9be6d987b6e,anambra,ogbaru,odekpe_primary_health_centre,FibreX only,Ready,Moderately ready,,Router
3ea4eca6-936c-48df-a1bd-a9be6d987b6e,anambra,ogbaru,odekpe_primary_health_centre,Full solar system only,Not ready,Moderately ready,,Router
9e34c5c6-eac0-4397-ab2d-d64db9f0b1e1,anambra,ogbaru,atani_1_primary_health_centre,FibreX only,Ready,Moderately ready,,Router
9e34c5c6-eac0-4397-ab2d-d64db9f0b1e1,anambra,ogbaru,atani_1_primary_health_centre,Full solar system only,Not ready,Moderately ready,,Router
dc37c84e-05c4-4ebd-9d2b-aeba1cfcdea7,anambra,ogbaru,atani_2_primary_health_centre,Full solar system only,Not ready,Moderately ready,,Router
3e6025dc-2ee5-4079-bfa9-37307511ce22,anambra,oyi,ogbunike_primary_health_centre,Router only,Ready,Moderately ready,Solar top-up,Router
3e6025dc-2ee5-4079-bfa9-37307511ce22,anambra,oyi,ogbunike_primary_health_centre,Full solar system only,Not ready,Moderately ready,Solar top-up,Router
5472db74-360c-4be8-a4a4-6b23458f8fd1,anambra,oyi,nteje_maternal_and_child_health,Full solar system only,Not ready,Moderately ready,Full solar system,Router
5248fb77-549e-4ee8-b5bd-411ea1f01046,akwa_ibom,abak,ukpom_health_centre,Router only,Ready,Moderately ready,Solar top-up,Router
5248fb77-549e-4ee8-b5bd-411ea1f01046,akwa_ibom,abak,ukpom_health_centre,Full solar system only,Not ready,Moderately ready,Solar top-up,Router
c1f97175-4689-4094-9faf-76dae2bcf000,bauchi,darazo,gabarin_primary_health_centre,Full solar system only,Not ready,Moderately ready,,Router
b7e2ef97-22c1-46e6-bfae-daedd786c85c,bauchi,bauchi,tashan_babaye_comprehensive_health_centre,Full solar system only,Not ready,Moderately ready,,Router
bbdd0552-00f2-42c6-964b-ec9307409298,bauchi,bauchi,bayan_fada_primary_health_centre,Full solar system only,Not ready,Moderately ready,,Router
e1a4841c-1826-4ae5-9ad6-8a56fb2b56ad,bauchi,bauchi,kangere_primary_health_centre,Full solar system only,Not ready,Moderately ready,,Router
9c73cd1c-698f-49d3-a2c0-130136930cb7,bauchi,bauchi,durum_primary_health_centre,Full solar system only,Not ready,Moderately ready,,Router
447f3468-db8c-40c2-bc4c-5cbc7d585837,bauchi,misau,saibure_primary_health_centre,FibreX only,Ready,Moderately ready,,Router
71b417c4-ba54-41d2-bbfb-9fef32e4c5e8,bauchi,misau,hardawa_primary_health_centre,FibreX only,Ready,Moderately ready,,Router
d6643521-fc58-4066-b694-735921200f99,bauchi,misau,jarkasa_primary_health_centre,Full solar system only,Not ready,Moderately ready,Full solar system,Router
cca74f42-ca6c-442c-9eb2-2e07dcefa3df,niger,mokwa,rabba_primary_health_centre,Router only,Ready,Moderately ready,Full solar system,Router
6014c127-e809-4949-ad1d-3fd01cd0eabd,niger,paikoro,zubakpere_primary_health_centre,Router only,Ready,Moderately ready,Full solar system,Router
6014c127-e809-4949-ad1d-3fd01cd0eabd,niger,paikoro,zubakpere_primary_health_centre,Full solar system only,Not ready,Moderately ready,Full solar system,Router
ea54cb7c-baad-46a0-bd6b-b94d0a0a7a62,jigawa,roni,nanumawa_primary_health_centre,Full solar system only,Not ready,Moderately ready,,Router
98abf32e-5a82-4d83-b04c-bb3fede3dcf7,jigawa,roni,takwardawa_primary_health_centre,Router only,Ready,Moderately ready,Full solar system,
98abf32e-5a82-4d83-b04c-bb3fede3dcf7,jigawa,roni,takwardawa_primary_health_centre,Full solar system only,Not ready,Ready,Full solar system,
c2f0e701-7820-45bf-a64c-91bf081e86bc,anambra,idemili_south,alor_1_primary_health_centre,Router only,Ready,Moderately ready,Solar top-up,
c2f0e701-7820-45bf-a64c-91bf081e86bc,anambra,idemili_south,alor_1_primary_health_centre,Full solar system only,Not ready,Moderately ready,Solar top-up,
a8522d38-ccd0-4cd9-a3c6-ad16fb276e22,anambra,idemili_south,nnokwa_primary_health_centre,Full solar system only,Not ready,Moderately ready,Solar top-up,FibreX
fa5cbf92-e788-4001-872f-d821b6e8d761,imo,owerri_municipal,area_l_primary_health_centre,Router only,Ready,Moderately ready,Full solar system,Router
fa5cbf92-e788-4001-872f-d821b6e8d761,imo,owerri_municipal,area_l_primary_health_centre,Full solar system only,Not ready,Moderately ready,Full solar system,Router
da663373-6385-4e68-9bd4-d3ed13968d2d,nasarawa,nasarawa_eggon,lambaga_north_primary_health_centre,Full solar system only,Not ready,Moderately ready,,Router
ec765aa8-7db5-468a-a228-f46dbd73ded9,oyo,oluyole,idi_ayunre_primary_health_centre,Router only,Ready,Moderately ready,Full solar system,Router
ec765aa8-7db5-468a-a228-f46dbd73ded9,oyo,oluyole,idi_ayunre_primary_health_centre,Full solar system only,Not ready,Moderately ready,Full solar system,Router
62097169-76f9-4f06-ad85-fa76ea167271,oyo,oluyole,oja_ibadan_primary_health_centre,Full solar system only,Not ready,Moderately ready,,Router
460f8008-092d-4253-b53d-df02b1f95a57,bauchi,darazo,kwankiyel_primary_health_centre,Full solar system only,Not ready,Moderately ready,,Router
495c26b5-e13b-464b-be10-5fe03e7c4c8c,bauchi,darazo,lago_primary_health_centre,Full solar system only,Not ready,Moderately ready,,Router
c2c02fd3-3196-40c8-a6fd-a53c4139bfcf,bauchi,dambam,gurbana_primary_health_centre,Full solar system only,Not ready,Moderately ready,,Router
d76587b5-ffdd-4716-89c5-84cf19a62ef5,bauchi,dambam,yanda_primary_health_centre,Full solar system only,Not ready,Moderately ready,,Router
0490f1c1-e08e-4fef-8d32-e031e9cbee17,bauchi,dambam,dambam_primary_health_centre,Full solar system only,Not ready,Moderately ready,,Router
af0fbe54-8e83-4f91-b02a-64dfb700eaea,anambra,awka_north,urum_primary_health_centre,Full solar system only,Not ready,Moderately ready,,Router
9cf60b15-30f4-4fd5-8f00-c6798d73e0e9,bauchi,darazo,kari_primary_health_centre,Full solar system only,Not ready,Moderately ready,,Router
74063f0c-dc09-4aaa-ab12-f79bcc5e50aa,niger,wushishi,barwa_primary_health_centre,Router only,Ready,Moderately ready,Full solar system,Router
74063f0c-dc09-4aaa-ab12-f79bcc5e50aa,niger,wushishi,barwa_primary_health_centre,Full solar system only,Not ready,Moderately ready,Full solar system,Router
1e506b66-4f2a-4a7c-b2d5-b21ce0ab691e,kano,dawakin_tofa,dawanau_basic_health_clinic,Router only,Ready,Moderately ready,Solar top-up,
1e506b66-4f2a-4a7c-b2d5-b21ce0ab691e,kano,dawakin_tofa,dawanau_basic_health_clinic,Full solar system only,Not ready,Moderately ready,Solar top-up,
6663a378-4689-454e-a9d6-168ff34debf3,kano,dawakin_tofa,tumfafi_basic_health_clinic,Router only,Ready,Moderately ready,Full solar system,Router
6663a378-4689-454e-a9d6-168ff34debf3,kano,dawakin_tofa,tumfafi_basic_health_clinic,Full solar system only,Not ready,Moderately ready,Full solar system,Router
525e25a9-2ca7-4235-a810-10fcfd56ca9f,kano,dawakin_tofa,dandalama_primary_health_centre,Full solar system only,Not ready,Ready,,
1a853df5-2586-4048-894b-a340d667689a,kano,dawakin_tofa,yumfawa_primary_health_centre,Full solar system only,Not ready,Moderately ready,,Router
87982c51-3cf8-4958-b83d-d3270ba078a4,kano,dawakin_tofa,tattarawa_primary_health_centre,Full solar system only,Not ready,Moderately ready,Full solar system,FibreX
5f64cff4-b675-4761-a9fa-e18cdd8a37b5,kano,dawakin_tofa,ganduje_primary_health_centre,Full solar system only,Not ready,Ready,,
30448c60-a21c-43f1-b6cc-2ef4e181e5f6,anambra,onitsha_north,inland_town_primary_health_centre,Full solar system only,Not ready,Moderately ready,Full solar system,Router
0678eb3f-c505-4462-9488-15adf7098037,niger,rafi,tegina_basic_health_centre,Full solar system only,Not ready,Moderately ready,,Router
a394b375-72b0-4d51-9c34-1d5373f354a5,kano,tofa,bugai_model_primary_health_centre,Router only,Ready,Moderately ready,Full solar system,
40a1d69e-2d10-4c98-892c-30b11d413b5e,oyo,atisbo,ago_are_model_primary_health_centre,Full solar system only,Not ready,Moderately ready,,Router
6ecdcafc-935d-47bb-a988-5a4cf7b1c575,kano,tofa,yalwa_karama_health_post,Full solar system only,Not ready,Moderately ready,Full solar system,FibreX
927a1239-26e2-4014-a644-ccb637d9bb6c,niger,mokwa,mokwa_maternal_and_child_health,Router only,Ready,Moderately ready,Full solar system,Router
927a1239-26e2-4014-a644-ccb637d9bb6c,niger,mokwa,mokwa_maternal_and_child_health,Full solar system only,Not ready,Moderately ready,Full solar system,Router
8b4c2939-09f6-47b3-8213-390741930f0f,kano,tsanyawa,dumbulum_basic_health_clinic,Full solar system only,Not ready,Moderately ready,,FibreX
93b6c55f-0d81-4b00-8073-e870c2ee5970,oyo,atisbo,irawo_ile_primary_health_centre,Full solar system only,Not ready,Moderately ready,Full solar system,Router
d86e41db-bd67-4ed4-9f4f-b2c7d4c91fd8,oyo,atisbo,irawo_ile_ori_okoo_centre_primary_health_care,Router only,Ready,Moderately ready,Full solar system,Router
d86e41db-bd67-4ed4-9f4f-b2c7d4c91fd8,oyo,atisbo,irawo_ile_ori_okoo_centre_primary_health_care,Full solar system only,Not ready,Moderately ready,Full solar system,Router
e56fc5c9-f397-4708-9fc6-92a16aa8b957,niger,wushishi,bankogi_primary_health_centre,Full solar system only,Not ready,Moderately ready,,Router
383aacd3-496d-42dc-8d8f-dbdd2bc044dd,adamawa,girei,tambo_primary_health_centre,Router only,Ready,Moderately ready,Full solar system,
383aacd3-496d-42dc-8d8f-dbdd2bc044dd,adamawa,girei,tambo_primary_health_centre,Full solar system only,Not ready,Ready,Full solar system,
c3951467-ca9a-462a-a528-d5c7a97a4ccb,niger,wushishi,tashanjirgi_primary_health_centre,Full solar system only,Not ready,Moderately ready,Full solar system,Router
89f32b06-acb5-411b-8679-19fabca022a4,adamawa,girei,gereng_primary_health_centre,Router only,Ready,Moderately ready,Full solar system,Router
89f32b06-acb5-411b-8679-19fabca022a4,adamawa,girei,gereng_primary_health_centre,Full solar system only,Not ready,Moderately ready,Full solar system,Router
c7a04b6d-bbc8-4d17-8e3f-2ac0161fd965,niger,wushishi,kaliko_model_primary_health_centre,Full solar system only,Not ready,Moderately ready,Full solar system,Router
5f9a8c8e-f417-4208-9481-f13b3fe94d52,akwa_ibom,abak,itung_health_centre,Full solar system only,Not ready,Moderately ready,,Router
c64c0f67-3705-4ce1-af23-e6a809ee33fc,niger,wushishi,maito_primary_health_centre,Full solar system only,Not ready,Moderately ready,,Router
6a54079a-2502-4e9c-b804-cff7fe5e9cf5,niger,wushishi,gwarjiko_primary_health_centre,Router only,Ready,Moderately ready,Full solar system,Router
6a54079a-2502-4e9c-b804-cff7fe5e9cf5,niger,wushishi,gwarjiko_primary_health_centre,Full solar system only,Not ready,Moderately ready,Full solar system,Router
536675b5-855f-4f3d-addd-e049243fe1bf,niger,wushishi,health_centre_maternal_and_child_health,Router only,Ready,Moderately ready,Full solar system,Router
536675b5-855f-4f3d-addd-e049243fe1bf,niger,wushishi,health_centre_maternal_and_child_health,Full solar system only,Not ready,Moderately ready,Full solar system,Router
f9916846-15f4-4592-bfe2-14590c2c72f2,adamawa,yola_south,ngurore_primary_health_centre,Full solar system only,Not ready,Moderately ready,,Router
c978a1ac-8362-45e5-915e-f4156917c8df,imo,aboh_mbaise,obo_lagwa_primary_health_centre,Full solar system only,Not ready,Moderately ready,Full solar system,Router
4df14a3d-5bca-468d-bb5a-df24ded00223,niger,mokwa,bokani_basic_health_centre,Router only,Ready,Moderately ready,Full solar system,Router
4df14a3d-5bca-468d-bb5a-df24ded00223,niger,mokwa,bokani_basic_health_centre,Full solar system only,Not ready,Moderately ready,Full solar system,Router
ae631ea2-a012-40fe-9e9a-24ef691d805f,niger,borgu,guffanti_primary_health_centre,Full solar system only,Not ready,Ready,,
f5d9ed68-d895-429c-b484-e87a44cb50c3,anambra,onitsha_north,immanuel_church_health_post,Full solar system only,Not ready,Ready,,
7f1e853c-bb6b-4e7b-bb6b-476569c9547f,anambra,nnewi_south,awor_primary_health_centre,Router only,Ready,Moderately ready,Full solar system,
7f1e853c-bb6b-4e7b-bb6b-476569c9547f,anambra,nnewi_south,awor_primary_health_centre,Full solar system only,Not ready,Ready,Full solar system,
e35a9295-b52d-4281-93ea-a751635ca518,kano,ajingi,unguwar_bai_health_post,Full solar system only,Not ready,Moderately ready,Full solar system,Router
2fc3f232-6169-41ca-bf71-a30f7748eb45,oyo,itesiwaju,oke_amu_comprehensive_health_centre,Full solar system only,Not ready,Moderately ready,,Router
5be99ce9-0335-444c-ba9d-2e2569a4fdd8,imo,ahiazu_mbaise,ogbenneisii_primary_health_centre,Router only,Ready,Moderately ready,Full solar system,Router
5be99ce9-0335-444c-ba9d-2e2569a4fdd8,imo,ahiazu_mbaise,ogbenneisii_primary_health_centre,Full solar system only,Not ready,Moderately ready,Full solar system,Router
6ddf291a-04e3-452f-8a14-89324c5a4945,anambra,idemili_south,ebenesi_nnobi_primary_health_centre,Full solar system only,Not ready,Ready,,
f4b521ba-9844-405f-ae17-18e4dc1a989b,anambra,idemili_south,awada_nnobi_primary_health_centre,Router only,Ready,Moderately ready,Solar top-up,
f4b521ba-9844-405f-ae17-18e4dc1a989b,anambra,idemili_south,awada_nnobi_primary_health_centre,Full solar system only,Not ready,Moderately ready,Solar top-up,
f4b521ba-9844-405f-ae17-18e4dc1a989b,anambra,idemili_south,awada_nnobi_primary_health_centre,Solar top-up + Network extension,Moderately ready,Ready,Solar top-up,
1a2c149e-f969-42e0-9882-6d9f5d4d8fa5,anambra,idemili_south,ngo_nnobi_primary_health_centre_model,Router only,Ready,Moderately ready,Solar top-up,
1a2c149e-f969-42e0-9882-6d9f5d4d8fa5,anambra,idemili_south,ngo_nnobi_primary_health_centre_model,Full solar system only,Not ready,Moderately ready,Solar top-up,
1a2c149e-f969-42e0-9882-6d9f5d4d8fa5,anambra,idemili_south,ngo_nnobi_primary_health_centre_model,Solar top-up + Network extension,Moderately ready,Ready,Solar top-up,
abf2a6fe-fd88-4d7e-b8d1-abef84aa954a,niger,mokwa,jebba_fsp,Full solar system only,Not ready,Moderately ready,,Router
bbd58336-0d49-4815-bb50-a7723bb35934,anambra,awka_north,isuaniocha_primary_health_centre,Full solar system only,Not ready,Moderately ready,,Router
64cb768c-f288-4300-a9e9-75ba2152b5dd,jigawa,kazaure,kaftayi_primary_health_centre,Full solar system only,Not ready,Moderately ready,,Router
95519bce-014b-4927-abb3-8a9204146fe4,jigawa,kazaure,galadanchi_mphc_primary_health_centre,Router only,Ready,Moderately ready,Full solar system,Router
95519bce-014b-4927-abb3-8a9204146fe4,jigawa,kazaure,galadanchi_mphc_primary_health_centre,Full solar system only,Not ready,Moderately ready,Full solar system,Router
59d7ddfa-7837-4d8f-8ff8-3ff4b1152f42,anambra,anaocha,ukunu_primary_health_centre,Full solar system only,Not ready,Ready,,
fabd1f05-24d2-43d6-956b-4dd674ad4338,adamawa,yola_north,malamre_health_centre,Full solar system only,Not ready,Moderately ready,,Router
250cfbf3-9dd0-4d0d-a744-bbbb4dd340fa,niger,mokwa,muwo_primary_health_centre,Router only,Ready,Moderately ready,Full solar system,Router
250cfbf3-9dd0-4d0d-a744-bbbb4dd340fa,niger,mokwa,muwo_primary_health_centre,Full solar system only,Not ready,Moderately ready,Full solar system,Router
41d37bbe-dc7d-40e4-a970-6bc8c9c6dd47,oyo,itesiwaju,ipapo_comprehensive_health_centre,Full solar system only,Not ready,Moderately ready,,Router
8cef4dc6-4b1b-4bde-ba6c-4d202e6f714d,anambra,orumba_south,umuomaku_primary_health_centre,Router only,Ready,Moderately ready,Full solar system,Router
8cef4dc6-4b1b-4bde-ba6c-4d202e6f714d,anambra,orumba_south,umuomaku_primary_health_centre,Full solar system only,Not ready,Moderately ready,Full solar system,Router
741faea0-7b0d-4a44-8102-5ba54051a51c,oyo,afijo,fiditi_primary_health_centre,Full solar system only,Not ready,Moderately ready,,FibreX
3487e55e-1944-411d-95cd-b3ef1aa1655d,anambra,nnewi_south,afube_health_post,Full solar system only,Not ready,Moderately ready,Full solar system,Router
7cd0286a-9a40-4f7c-918b-5540b8fc648a,rivers,okrika,kalio_ama_health_centre,Full solar system only,Not ready,Moderately ready,,Router
e9e675ff-9547-4140-ad61-75779c21ea93,imo,aboh_mbaise,nkwogwu_primary_health_centre,Router only,Ready,Moderately ready,Full solar system,Router
e9e675ff-9547-4140-ad61-75779c21ea93,imo,aboh_mbaise,nkwogwu_primary_health_centre,Full solar system only,Not ready,Moderately ready,Full solar system,Router
1a5a2a56-3f48-4678-9470-d2fe64f334a6,kano,tarauni,kauyen_alu_basic_health_clinic,Full solar system only,Not ready,Ready,,
11def13d-457e-4f29-8590-44bb9b8c51d1,jigawa,gagarawa,madaka_primary_health_centre,Router only,Ready,Moderately ready,Solar top-up,Router
11def13d-457e-4f29-8590-44bb9b8c51d1,jigawa,gagarawa,madaka_primary_health_centre,Full solar system only,Not ready,Moderately ready,Solar top-up,Router
532e1b51-271d-401d-9ca0-1cda444ffc2d,anambra,anaocha,ichida_ubulu_primary_health_centre,Full solar system only,Not ready,Ready,,
6603c322-3821-4049-9ba2-a27440892ecc,jigawa,kazaure,sabaru_primary_health_centre,Full solar system only,Not ready,Ready,,
68ea053f-a4d8-4a61-974c-549ee66ae4d1,kano,rimin_gado,gulu_model_primary_health_centre,Full solar system only,Not ready,Moderately ready,,Router
7066b257-e16f-4097-912d-34908d23785b,kano,rimin_gado,dawakin_gulu_health_post,Full solar system only,Not ready,Moderately ready,,FibreX
b31b6ae6-bcb4-429a-a4bd-476af93dbb1e,kano,kibiya,gunda_health_post,Full solar system only,Not ready,Ready,Full solar system,
b947bc38-981d-4d74-9234-ba2a7aaef0a1,kano,kibiya,durba_basic_health_clinic,Full solar system only,Not ready,Moderately ready,Full solar system,Router
f8827d2f-e3d1-42be-a348-6ef72c95e1ad,kano,rimin_gado,karofin_yashi_health_post,Full solar system only,Not ready,Ready,Full solar system,
6360e8a8-8199-4b10-b0b0-db9cece59dba,niger,borgu,sahgunu_basic_health_centre,Router only,Ready,Moderately ready,Full solar system,Router
6360e8a8-8199-4b10-b0b0-db9cece59dba,niger,borgu,sahgunu_basic_health_centre,Full solar system only,Not ready,Moderately ready,Full solar system,Router
8f84625e-e109-4593-ae19-fb765ab46d50,oyo,itesiwaju,opoo_primary_health_centre,Full solar system only,Not ready,Moderately ready,,Router
cddb25af-3b39-48eb-a2ad-bfb3358d3f65,niger,mokwa,jaagi_basic_health_centre,Full solar system only,Not ready,Moderately ready,Full solar system,Router
2ab4bda6-a095-4138-9de1-ba3c4bcc8367,kano,tarauni,hotoro_danmarke_health_clinic,Router only,Ready,Moderately ready,Full solar system,
2ab4bda6-a095-4138-9de1-ba3c4bcc8367,kano,tarauni,hotoro_danmarke_health_clinic,Full solar system only,Not ready,Ready,Full solar system,
6570aeb4-5beb-4cac-a8b6-0515eb5514dd,niger,rafi,tudun_wada_maternal_and_child_health,Router only,Ready,Moderately ready,Full solar system,Router
6570aeb4-5beb-4cac-a8b6-0515eb5514dd,niger,rafi,tudun_wada_maternal_and_child_health,Full solar system only,Not ready,Moderately ready,Full solar system,Router
ca873ce5-bcf9-4003-b985-4c9d592da328,rivers,okrika,okochiri_primary_health_centre,Router only,Ready,Moderately ready,Solar top-up,Router
ca873ce5-bcf9-4003-b985-4c9d592da328,rivers,okrika,okochiri_primary_health_centre,Full solar system only,Not ready,Moderately ready,Solar top-up,Router
28b6fd1f-e9cb-4524-a388-3868c3bc327c,anambra,orumba_south,agbudu_primary_health_centre,Full solar system only,Not ready,Moderately ready,Full solar system,Router
61394da0-ee9c-4621-a6a0-cd6dd6711204,anambra,nnewi_south,unubi_primary_health_centre,Full solar system only,Not ready,Moderately ready,,Router
0dd0fe66-52f6-4fdc-bbe9-d425eff8bd8b,anambra,awka_north,okukwa_amansea_primary_health_centre,Router only,Ready,Moderately ready,Solar top-up,Router
0dd0fe66-52f6-4fdc-bbe9-d425eff8bd8b,anambra,awka_north,okukwa_amansea_primary_health_centre,Full solar system only,Not ready,Moderately ready,Solar top-up,Router
e2cdaec1-d68d-4187-80dd-b0974d4e8044,niger,gurara,diko_comprehensive_primary_health_centre,FibreX only,Ready,Moderately ready,,Router
66d22377-672f-4390-a4af-0eac7d45e900,rivers,emohua,ogbakiri_primary_health_centre,Router only,Ready,Moderately ready,Solar top-up,Router
330702f8-4859-4810-982a-0249441ab89c,oyo,ori_ire,tewure_primary_health_centre,Full solar system only,Not ready,Moderately ready,,Router
50c06a44-7b43-4e7b-8dc1-ef0e22812177,kano,tarauni,tarauni_primary_health_centre,Router only,Ready,Moderately ready,Full solar system,
50c06a44-7b43-4e7b-8dc1-ef0e22812177,kano,tarauni,tarauni_primary_health_centre,Full solar system only,Not ready,Ready,Full solar system,
f21490d4-10b1-48c7-b935-b8407fcda42f,nasarawa,awe,azara_primary_health_centre,Router only,Ready,Moderately ready,Full solar system,Router
94dd6cc7-7c01-424b-9be5-22ebce2098b6,oyo,irepo,agede_primary_health_centre,Full solar system only,Not ready,Moderately ready,,Router
5a4089a2-5ac0-4663-b8b5-311a00c67740,oyo,afijo,okediji_primary_health_centre,Router only,Ready,Moderately ready,Full solar system,Router
5a4089a2-5ac0-4663-b8b5-311a00c67740,oyo,afijo,okediji_primary_health_centre,Full solar system only,Not ready,Moderately ready,Full solar system,Router
dc2f5397-ee86-422e-9f08-4489bf750d92,oyo,ibadan_north_east,ajobo_health_centre,Full solar system only,Not ready,Moderately ready,,Router
31c398e6-b8d4-4e92-b959-7c8cee133613,kano,kabo,hawadin_bango_primary_health_centre,Full solar system only,Not ready,Moderately ready,Full solar system,FibreX
c15fce87-50f8-4e2e-ab80-49f6cbf9849a,nasarawa,nasarawa,ara_ii_primary_health_centre,Full solar system only,Not ready,Moderately ready,,Router
8091096c-ce3b-48b7-881a-01f445257102,oyo,itesiwaju,okaka_primary_health_centre,Full solar system only,Not ready,Moderately ready,,Router
dbd20632-edec-4479-91e5-1bd0cdf3b48f,rivers,emohua,ogbakiri_2_primary_health_centre_mphc,Router only,Ready,Moderately ready,Full solar system,Router
74e5ea3f-0c93-4d56-b5d6-dda1a72eaed0,kano,kano_minicipal_council,gandu_model_primary_health_centre,Full solar system only,Not ready,Moderately ready,,Router
8981eea2-0303-4b8d-9553-c1ca1260ca1b,oyo,ori_ire,iluju_primary_health_centre,Router only,Ready,Moderately ready,Solar top-up,Router
7508088a-2cf1-41ac-9ad8-10f37c4bbe4d,adamawa,yola_north,luggere_ohc_primary_health_centre,Router only,Ready,Moderately ready,Full solar system,Router
0c2466c5-0b60-422c-a252-3b7fa92be1d4,niger,munya,kuchiko_health_clinic,Full solar system only,Not ready,Moderately ready,Full solar system,Router
568353a7-c593-46fe-9ccf-06ca696d8144,niger,munya,daza_primary_health_centre,Full solar system only,Not ready,Moderately ready,,Router
3e8d5877-c5dc-40b8-b578-d836f5a4a93e,kano,fagge,kwachiri_model_primary_health_centre,Full solar system only,Not ready,Moderately ready,,Router
2be7e62e-3f7b-41b5-84f0-60010cdd9b36,anambra,awka_north,ebenebe_1_ofuobi_primary_health_centre,Full solar system only,Not ready,Moderately ready,,Router
d050bd6f-87e1-429f-9134-9fb5a60a61af,kano,kabo,durun_clinic_maternal_and_child_health,Full solar system only,Not ready,Moderately ready,Full solar system,Router
0914fd5c-f012-4402-b625-1e6f7a2de5d8,niger,munya,dandaudu_primary_health_centre,Full solar system only,Not ready,Moderately ready,,Router
e58d38da-8d3f-420b-9c94-7a572e77bb06,oyo,ibadan_north_east,st_mary_health_post_primary_health_centre,Full solar system only,Not ready,Moderately ready,Full solar system,Router
61df24b4-278b-4d1b-972b-b5263e2b5011,nasarawa,nasarawa,ara_1_primary_health_centre,Router only,Ready,Moderately ready,Full solar system,Router
41396caf-fa8e-4edf-b1bf-164d88c58954,kano,kano_minicipal_council,dan_agundi_primary_health_centre,Full solar system only,Not ready,Moderately ready,,Router
3f816eab-3814-45ed-bc86-dd89256e638d,oyo,afijo,ilora_primary_health_centre,Full solar system only,Not ready,Moderately ready,,Router
0c423ec1-f3a9-4dad-9904-c5b930e3c855,anambra,awka_south,umuogbunu_primary_health_centre,Router only,Ready,Moderately ready,Solar top-up,Router
0c423ec1-f3a9-4dad-9904-c5b930e3c855,anambra,awka_south,umuogbunu_primary_health_centre,Full solar system only,Not ready,Moderately ready,Solar top-up,Router
6955c0d2-5457-4b7d-b1c5-8a6a5f7195e1,anambra,awka_south,amikwo_awka_primary_health_centre,Full solar system only,Not ready,Moderately ready,,Router
4b4c62eb-e8fe-4b94-b4cd-15038944d875,kano,fagge,yammata_health_clinic,Full solar system only,Not ready,Moderately ready,,Router
be4aed62-e5a3-4533-9d51-9171aec43f07,anambra,orumba_south,akpu_primary_health_centre,Full solar system only,Not ready,Moderately ready,Full solar system,FibreX
f3b51830-6550-472d-b429-7d794c467edb,kano,kano_minicipal_council,unguwar_gini_primary_health_centre,Router only,Ready,Moderately ready,Full solar system,Router
f3b51830-6550-472d-b429-7d794c467edb,kano,kano_minicipal_council,unguwar_gini_primary_health_centre,Full solar system only,Not ready,Moderately ready,Full solar system,Router
029d158f-66a3-4c32-a467-9223dde25abd,kano,fagge,rijiyar_lemo_maternal_and_child_health,Router only,Ready,Moderately ready,Full solar system,Router
029d158f-66a3-4c32-a467-9223dde25abd,kano,fagge,rijiyar_lemo_maternal_and_child_health,Full solar system only,Not ready,Moderately ready,Full solar system,Router
c41d7174-1b5d-4dd5-8de0-e9aa1cd2db33,adamawa,michika,kofan_sarki_primary_health_centre,Full solar system only,Not ready,Moderately ready,Full solar system,Router
525000a5-242f-4833-a2a1-1dbbd6bed1ec,bauchi,alkaleri,gar_primary_health_centre,Full solar system only,Not ready,Moderately ready,,Router
98f39c91-f318-4399-8108-243555cfc222,bauchi,alkaleri,gaji_primary_health_centre,Full solar system only,Not ready,Moderately ready,,Router
c0867a42-29bc-4be8-b0fc-7d5906e94739,bauchi,alkaleri,duguri_health_clinic,Full solar system only,Not ready,Moderately ready,,Router
813ff0c0-7ea5-458f-ba6d-0c0ca7f1a3bc,anambra,awka_south,umuzuocha_primary_health_centre,Full solar system only,Not ready,Moderately ready,,Router
0cbbf18d-10f5-4344-9488-b677cc4d72a2,anambra,awka_south,umudioka_primary_health_centre,Full solar system only,Not ready,Moderately ready,,Router
4c02cfa8-ac4d-4e94-9def-599800384da4,anambra,awka_south,ezeawulu_primary_health_centre,Full solar system only,Not ready,Moderately ready,,Router
ef56697a-e604-4d5a-af32-8e2de12af7ba,anambra,awka_south,umuokpu_primary_health_centre,Router only,Ready,Moderately ready,Solar top-up,Router
ef56697a-e604-4d5a-af32-8e2de12af7ba,anambra,awka_south,umuokpu_primary_health_centre,Full solar system only,Not ready,Moderately ready,Solar top-up,Router
1f02ab3c-3096-452b-99b2-69c62c33e2c8,kano,tsanyawa,yanganau_health_post,Full solar system only,Not ready,Moderately ready,,Router
5d99f3b9-2e7d-4406-b69e-d85f9327a669,kano,tsanyawa,gurun_model_primary_health_centre,Full solar system only,Not ready,Moderately ready,Solar top-up,FibreX
d3c65d80-7d39-44ef-945e-f02b976bfd20,kano,tsanyawa,tsanyawa_comprehensive_health_centre,Full solar system only,Not ready,Ready,,
736d27cc-daa9-48ff-b4f2-43d4e83d93fd,kano,tsanyawa,yankamaye_sabon_gari_basic_health_clinic,Full solar system only,Not ready,Ready,,
9b209c95-97b8-4624-9756-6f8d3a2e1321,adamawa,lamurde,lafiya_waja_clinic,Full solar system only,Not ready,Moderately ready,,Router
ef76027b-63eb-4416-9776-24ae7a907a41,adamawa,lamurde,rigange_primary_health_centre,Full solar system only,Not ready,Moderately ready,Full solar system,Router
d1f83438-8e8c-4067-96a6-c2afd081ab00,bauchi,dass,dass_town_maternity_centre,Full solar system only,Not ready,Moderately ready,,Router
7c875edc-a5cb-418e-9b10-b2d015563ccc,bauchi,dass,durr_primary_health_centre,Full solar system only,Not ready,Moderately ready,,Router
f58019b7-5e95-42e7-bede-1999ed994c63,bauchi,dass,lukshi_primary_health_centre,Full solar system only,Not ready,Moderately ready,,Router
b9c41bb7-c09c-4b49-9e6c-613c7fee22f8,bauchi,dass,zumbul_maternal_and_child_health,Full solar system only,Not ready,Moderately ready,,Router
1f77ffa1-eea3-46b6-86db-6c01d6a06cd5,bauchi,dass,bazali_same_as_polchi_primary_health_centre,Full solar system only,Not ready,Moderately ready,,Router
3df4d5fb-02ff-402a-a2ed-91494eb8c011,kano,tudun_wada,baburi_health_post,Router only,Ready,Moderately ready,Full solar system,Router
3df4d5fb-02ff-402a-a2ed-91494eb8c011,kano,tudun_wada,baburi_health_post,Full solar system only,Not ready,Moderately ready,Full solar system,Router
c9d591cf-6a46-4507-991a-2816c8b2b768,bauchi,darazo,sade_primary_health_centre,Full solar system only,Not ready,Moderately ready,,Router
1cad6243-3e90-4721-9cda-a8d0bd991f11,kano,doguwa,tagwaye_health_post,Full solar system only,Not ready,Ready,,
8cc41898-c4cb-4890-badb-23b8b12d7797,bauchi,bauchi,doya_primary_health_centre,Full solar system only,Not ready,Moderately ready,,Router
5a0728c8-cd5d-45b6-95a2-dc4068f11dbe,bauchi,bauchi,urban_kofar_ran_maternity_centre,Full solar system only,Not ready,Moderately ready,,Router
fa607856-5889-4eb7-a695-ba492e80a56c,bauchi,bauchi,state_low_cost_primary_health_centre,Full solar system only,Not ready,Moderately ready,,Router
8227bfce-8c7a-4713-b7ee-1bbd55a112af,kano,minjibir,wasai_health_post,Full solar system only,Not ready,Moderately ready,,Router
6933b089-1a91-4763-b9a7-c1d4291505bf,kano,minjibir,kuru_health_post,Full solar system only,Not ready,Moderately ready,,Router
60aea1d5-41ef-4166-802e-02a4d44d7e78,kano,minjibir,kunya_sambawa_primary_health_centre,Full solar system only,Not ready,Moderately ready,Full solar system,Router
985d8c84-5b1d-4a11-8d9f-d8f8ee2fe585,niger,mokwa,kpaki_basic_health_centre,Router only,Ready,Moderately ready,Full solar system,Router
985d8c84-5b1d-4a11-8d9f-d8f8ee2fe585,niger,mokwa,kpaki_basic_health_centre,Full solar system only,Not ready,Moderately ready,Full solar system,Router
dd0c7915-842e-40f6-b6e8-004b9e2e4e7a,bauchi,darazo,papa_primary_health_centre_darazo,Full solar system only,Not ready,Moderately ready,,Router
86b2ed4e-194e-42c1-8d9f-08d5f97b1ae5,nasarawa,nasarawa_eggon,kwari_eha_primary_health_centre,Full solar system only,Not ready,Moderately ready,,Router
92622619-6a31-4025-80bd-8c0c2f7c7357,nasarawa,nasarawa_eggon,mada_station_primary_health_centre,Full solar system only,Not ready,Moderately ready,,Router
b7f2ffbd-440d-4013-abaf-bb6edef3b059,nasarawa,nasarawa_eggon,iggah_primary_health_centre,Router only,Ready,Moderately ready,Full solar system,Router
b7f2ffbd-440d-4013-abaf-bb6edef3b059,nasarawa,nasarawa_eggon,iggah_primary_health_centre,Full solar system only,Not ready,Moderately ready,Full solar system,Router
cabc6c55-65af-400a-b0e2-f48db2e6feb6,kano,tudun_wada,burum_burum_primary_health_centre,Full solar system only,Not ready,Ready,,
9743e4b6-168a-4daa-9df5-a0de81446722,nasarawa,nasarawa_eggon,langalanga_primary_health_centre,Router only,Ready,Moderately ready,Full solar system,Router
9743e4b6-168a-4daa-9df5-a0de81446722,nasarawa,nasarawa_eggon,langalanga_primary_health_centre,Full solar system only,Not ready,Moderately ready,Full solar system,Router
1477c493-8d06-4fe8-a59d-69e6618e534d,bauchi,dambam,tale_health_clinic,Full solar system only,Not ready,Moderately ready,,Router
de4c4133-b2b5-481a-9aa0-f93bc0eaac36,bauchi,dambam,zaura_primary_health_centre,Full solar system only,Not ready,Moderately ready,,Router
fc38de23-e029-4eda-96d9-fcb14fc67f05,bauchi,katagum,kujuru_maternity_primary_health_centre,Full solar system only,Not ready,Moderately ready,Full solar system,Router
15d9d257-88fc-4418-9736-be4bbb61111a,niger,mokwa,kudu_basic_health_centre,Full solar system only,Not ready,Moderately ready,Full solar system,Router
1f07f06a-f439-49e2-a696-22dd2236ebe8,jigawa,roni,gora_primary_health_centre,Full solar system only,Not ready,Moderately ready,,Router
1f775836-6035-4ae4-b9ce-fb7895064218,bauchi,katagum,urban_k_kaji_maternity_centre,Full solar system only,Not ready,Moderately ready,,Router
8041e8de-d476-4f3b-8cd8-6939f8f0bbe1,bauchi,katagum,matsango_azare_primary_health_centre,Full solar system only,Not ready,Moderately ready,,Router
9fe37c4a-70c2-4859-8407-a10d6cc777ee,niger,borgu,malale_primary_health_centre,Full solar system only,Not ready,Moderately ready,Full solar system,FibreX
dff6dffc-1af2-4531-a673-0fe1a00f4e68,jigawa,yankwashi,firjin_gabas_primary_health_centre,Router only,Ready,Moderately ready,Solar top-up,Router
dff6dffc-1af2-4531-a673-0fe1a00f4e68,jigawa,yankwashi,firjin_gabas_primary_health_centre,Full solar system only,Not ready,Moderately ready,Solar top-up,Router
e71d3a34-eb5c-4f6f-8bd8-3126f15b6b39,jigawa,yankwashi,achilafiya_primary_health_centre,Full solar system only,Not ready,Moderately ready,,Router
db8523e0-123a-4bd4-8886-b95374f180d9,jigawa,yankwashi,kuda_primary_health_centre,Full solar system only,Not ready,Moderately ready,,Router
4978b663-b3ec-4d43-a6aa-4b76ff8a8d13,jigawa,yankwashi,dawan_gawo_primary_health_centre,Router only,Ready,Moderately ready,Solar top-up,Router
4978b663-b3ec-4d43-a6aa-4b76ff8a8d13,jigawa,yankwashi,dawan_gawo_primary_health_centre,Full solar system only,Not ready,Moderately ready,Solar top-up,Router
2b13909e-bdae-49da-8075-a19e3d32bff6,nasarawa,keffi,ang_jaba_primary_health_centre,FibreX only,Ready,Moderately ready,,Router
d176f58f-9b8e-4dd2-a4f2-7006ab22f75f,nasarawa,nasarawa,oversea_primary_health_centre,Full solar system only,Not ready,Moderately ready,,Router
e3738d06-f490-4052-9355-094d3b5717d2,adamawa,shelleng,bodwai_health_centre,Full solar system only,Not ready,Ready,,
2d04f7a9-d5b3-4c94-a453-51057ffab799,adamawa,shelleng,karlaje_health_centre,Router only,Ready,Moderately ready,Full solar system,Router
a8e941af-2b6c-47b1-84b0-c7d6ef1856e4,oyo,oluyole,ayetoro_primary_health_centre,Full solar system only,Not ready,Moderately ready,,Router
5449619b-6d56-45f9-9737-94a7ae2b1651,akwa_ibom,ibesikpoasutan,nung_udoe_model_health_centre,Router only,Ready,Moderately ready,Full solar system,Router
5449619b-6d56-45f9-9737-94a7ae2b1651,akwa_ibom,ibesikpoasutan,nung_udoe_model_health_centre,Full solar system only,Not ready,Moderately ready,Full solar system,Router
6f9189e3-cace-4fac-a212-4a0b5f66b0f8,oyo,saki_west,wasangare_oja_primary_health_centre,Full solar system only,Not ready,Moderately ready,,Router
803dcabc-169f-45ca-a737-8fb72e3773ec,anambra,anambra_west,iyiora_primary_health_centre,Full solar system only,Not ready,Moderately ready,,FibreX
3d978aa1-4a9f-436d-8071-941148333b4b,anambra,njikoka,oliobi_abagana_primary_health_centre,Full solar system only,Not ready,Moderately ready,Full solar system,FibreX
9d80439b-40d4-4fff-90b9-10c72bbd4c06,anambra,njikoka,uruokokwe_primary_health_centre,Full solar system only,Not ready,Moderately ready,,FibreX
085edac9-5f40-442a-b29e-bd4c236bb3cc,anambra,njikoka,ifite_nawfia_primary_health_centre,Full solar system only,Not ready,Moderately ready,,FibreX
d7bef4dc-97a6-40c2-94b8-84b5308b16b5,bauchi,darazo,lanzai_west_primary_health_centre,Full solar system only,Not ready,Moderately ready,,Router
425e8f13-b560-42de-87de-ef3112400f7e,nasarawa,nasarawa,pada_primary_health_centre,Full solar system only,Not ready,Moderately ready,,Router
9178cdec-5c1f-44be-9341-304a2a28ba38,kano,kabo,kanwa_health_post,Router only,Ready,Moderately ready,Full solar system,Router
9178cdec-5c1f-44be-9341-304a2a28ba38,kano,kabo,kanwa_health_post,Full solar system only,Not ready,Moderately ready,Full solar system,Router
987fdd47-bc35-4496-9acf-d97b1416fb20,jigawa,yankwashi,ringim_primary_health_centre,Router only,Ready,Moderately ready,Solar top-up,Router
987fdd47-bc35-4496-9acf-d97b1416fb20,jigawa,yankwashi,ringim_primary_health_centre,Full solar system only,Not ready,Moderately ready,Solar top-up,Router
782a3193-e784-4792-8082-8e5612991755,niger,gbako,rural_lemu_health_centre,Router only,Ready,Moderately ready,Solar top-up,Router
782a3193-e784-4792-8082-8e5612991755,niger,gbako,rural_lemu_health_centre,Full solar system only,Not ready,Moderately ready,Solar top-up,Router
0da5dfda-9943-4c0b-9395-bc6ced9816fb,jigawa,gagarawa,mai_aduwa_primary_health_centre,Full solar system only,Not ready,Moderately ready,,Router
d5e55feb-02e2-4328-998b-bf4191098afe,jigawa,gagarawa,maikilili_primary_health_centre,Full solar system only,Not ready,Moderately ready,,Router
af4db613-18a8-465f-8420-8a7ba4f509b4,oyo,oluyole,ayegun_primary_health_centre_oluyole,Full solar system only,Not ready,Moderately ready,,Router
82ff75cd-b6c2-4c82-9676-ae9439d76407,niger,munya,zazzaga_primary_health_centre,Full solar system only,Not ready,Moderately ready,,Router
9e34ea94-b57b-4d0f-9c55-e393affc938a,anambra,anambra_west,inoma_primary_health_centre,Full solar system only,Not ready,Ready,,
5772a42f-e217-4a2e-ae76-b50eebc2ee6c,niger,gbako,lemu_maternal_and_child_health,Full solar system only,Not ready,Moderately ready,,Router
edc93b5c-ea85-40e7-85cb-4bed90a35ccb,nasarawa,keffi,main_market_primary_health_centre,Router only,Ready,Moderately ready,Full solar system,Router
5cc40239-07e2-48ac-aba5-156f8e495331,nasarawa,keffi,ang_waje_primary_health_centre,Full solar system only,Not ready,Moderately ready,,Router
e150c246-a128-4e69-92ce-e56b72d6335f,niger,borgu,new_awuru_primary_health_centre,Full solar system only,Not ready,Moderately ready,,Router
233a6320-a189-483c-8b78-0527d4d6348f,kano,tsanyawa,harbau_basic_health_clinic,Full solar system only,Not ready,Moderately ready,Full solar system,FibreX
e742d582-63eb-4940-b36e-eb3a4ace7acf,kano,gwale,dorayi_babba_health_clinic,Router only,Ready,Moderately ready,Full solar system,Router
e742d582-63eb-4940-b36e-eb3a4ace7acf,kano,gwale,dorayi_babba_health_clinic,Full solar system only,Not ready,Moderately ready,Full solar system,Router
d9ebfecb-ff24-4c8d-92ba-0d5b768fcb7c,kano,tsanyawa,yar_gwanda_basic_health_clinic,Full solar system only,Not ready,Moderately ready,,Router
7730c89c-bd6b-4467-8375-3ba7e1cdaa27,oyo,ibadan_north_east,oje_elewa_primary_health_centre,Router only,Ready,Moderately ready,Full solar system,Router
7730c89c-bd6b-4467-8375-3ba7e1cdaa27,oyo,ibadan_north_east,oje_elewa_primary_health_centre,Full solar system only,Not ready,Moderately ready,Full solar system,Router
9136378a-2060-40be-92b4-1a92bfc57890,oyo,olorunsogo,owode_primary_health_centre_olorunsogo,Full solar system only,Not ready,Moderately ready,,Router
0edb42c0-019a-4177-8cea-40c676e2f8b1,bauchi,dambam,dagauda_mphcc_primary_health_centre,Full solar system only,Not ready,Moderately ready,,Router
cd472a4b-8056-4322-9052-f2241a788f58,adamawa,yola_south,nana_asma_u_primary_health_centre,Full solar system only,Not ready,Moderately ready,,Router
c9afaa82-a0c4-4ed1-83a6-2e6caf850723,oyo,afijo,awe_primary_health_centre,Full solar system only,Not ready,Ready,,
0a55a0d7-914b-4c15-91ab-c5ae47a852ec,jigawa,roni,yarsara_primary_health_centre,Full solar system only,Not ready,Moderately ready,,Router
6b1220ff-6982-427e-b2ad-55ebf30c98b4,kano,gwale,goron_dutse_health_post,Router only,Ready,Moderately ready,Full solar system,
6b1220ff-6982-427e-b2ad-55ebf30c98b4,kano,gwale,goron_dutse_health_post,Full solar system only,Not ready,Ready,Full solar system,
0de6c3f3-883e-4abe-9049-3dfff93283df,anambra,nnewi_south,utuh_primary_health_centre,Full solar system only,Not ready,Ready,,
5de005d6-e9d8-4f06-be3c-393f2d4d1259,nasarawa,keana,agbaragba_primary_health_centre,Router only,Ready,Moderately ready,Full solar system,Router
ff36c5cf-4f47-4bc2-81b2-910ad6f49f33,oyo,ibarapa_east,oke_oba_primary_health_centre,Full solar system only,Not ready,Moderately ready,,Router
6ac8a425-0290-455c-94c3-ca2c6340e862,oyo,ibarapa_east,new_eruwa_primary_health_centre,Router only,Ready,Moderately ready,Full solar system,Router
975d9850-7e1b-45b7-8711-8db0c95c3e28,akwa_ibom,ibesikpoasutan,ikot_nkwo_health_post,FibreX only,Ready,Moderately ready,,Router
c6586c60-a0a4-4a7e-b846-c39b62685e15,kano,ajingi,chula_health_clinic,Router only,Ready,Moderately ready,Full solar system,Router
c6586c60-a0a4-4a7e-b846-c39b62685e15,kano,ajingi,chula_health_clinic,Full solar system only,Not ready,Moderately ready,Full solar system,Router
06be9da0-654b-4dad-aff7-361aa571bde6,kano,ajingi,fagawa_health_post,Full solar system only,Not ready,Moderately ready,,Router
0f65b12b-0004-47ba-a757-b2d7ffb5aabd,oyo,itesiwaju,out_ilesan_comprehensive_health_centre,Full solar system only,Not ready,Moderately ready,,Router
251f77de-aeac-47ac-9985-c26837c0d509,kano,kibiya,saya_saya_basic_health_clinic,Full solar system only,Not ready,Ready,,
e22738cf-613c-48b3-8b59-df30da28b82d,niger,gbako,mantafien_primary_health_centre,Full solar system only,Not ready,Moderately ready,,Router
661e3d5b-7010-4d09-9861-9ef8c0c1ae1f,kano,ajingi,dundun_health_post,Full solar system only,Not ready,Moderately ready,Full solar system,Router
a159f16a-0eb0-425e-8d79-3014f566854d,adamawa,demsa,bali_primary_health_centre,Full solar system only,Not ready,Moderately ready,Full solar system,Router
407a8543-5a4e-4946-9982-59260f97def4,niger,munya,kuchi_primary_health_centre,Full solar system only,Not ready,Moderately ready,,Router
0579ad17-7d57-4adc-bc63-2be90c587aca,oyo,oluyole,agric_general_primary_health_centre,Router only,Ready,Moderately ready,Full solar system,Router
0579ad17-7d57-4adc-bc63-2be90c587aca,oyo,oluyole,agric_general_primary_health_centre,Full solar system only,Not ready,Moderately ready,Full solar system,Router
57ddbd4f-6c3a-413c-ada2-63068dab2b79,kano,tofa,gajida_health_post,Full solar system only,Not ready,Ready,Full solar system,
8afe3908-fb92-474d-ab2f-cb965f0afac5,kano,kabo,gammo_model_primary_health_centre_centre,Full solar system only,Not ready,Moderately ready,,Router
6ed0d542-b651-4c4c-bf1f-592fc3d11976,kano,rimin_gado,danshayi_health_clinic,Full solar system only,Not ready,Moderately ready,Full solar system,Router
b1069a42-b1dc-42dc-baa7-91a081e29d65,niger,borgu,wawa_basic_health_centre,Full solar system only,Not ready,Moderately ready,,Router
4a8bd2af-74b9-4435-9cc7-30b1ab6580fc,jigawa,jahun,jabarna_primary_health_centre,Full solar system only,Not ready,Moderately ready,,Router
b981a3a8-3d34-49d2-aaf7-856d157cb13c,adamawa,yola_south,bakari_mbamoi_health_centre,Router only,Ready,Moderately ready,Full solar system,Router
b981a3a8-3d34-49d2-aaf7-856d157cb13c,adamawa,yola_south,bakari_mbamoi_health_centre,Full solar system only,Not ready,Moderately ready,Full solar system,Router
ce3179b9-e449-453f-9f8e-57d1151bd91d,oyo,olorunsogo,oju_oja_primary_health_centre,Full solar system only,Not ready,Moderately ready,,Router
061b74d2-7681-40e2-b4e5-495c2c9328be,oyo,afijo,okeboda_primary_health_centre,Router only,Ready,Moderately ready,Full solar system,Router
061b74d2-7681-40e2-b4e5-495c2c9328be,oyo,afijo,okeboda_primary_health_centre,Full solar system only,Not ready,Moderately ready,Full solar system,Router
31bdb360-3438-4eb8-b0d2-36da9e78781e,oyo,ibadan_north_east,alafara_primary_health_centre,Full solar system only,Not ready,Moderately ready,,Router
a65a5938-06e8-48b5-860f-256372b87f8b,oyo,itesiwaju,ofu_ibise_primary_health_centre,Router only,Ready,Moderately ready,Solar top-up,Router
a65a5938-06e8-48b5-860f-256372b87f8b,oyo,itesiwaju,ofu_ibise_primary_health_centre,Full solar system only,Not ready,Moderately ready,Solar top-up,Router
6a34c71b-0e0e-4420-854e-472c384eee12,nasarawa,keffi,kofa_pada_primary_health_centre,Router only,Ready,Moderately ready,Full solar system,Router
ebbcee91-42e9-4721-ad8d-05f3c9d73d64,oyo,oluyole,adaramagbo_olomi_primary_health_centre,Full solar system only,Not ready,Moderately ready,,Router
3ce20ec4-e569-4b4a-b1a0-437b227161c7,niger,munya,health_centre_maternal_and_child_health_munya,Router only,Ready,Moderately ready,Solar top-up,Router
3ce20ec4-e569-4b4a-b1a0-437b227161c7,niger,munya,health_centre_maternal_and_child_health_munya,Full solar system only,Not ready,Moderately ready,Solar top-up,Router
e1bc3855-9c29-4f53-80c3-ac2c664cc365,oyo,olorunsogo,oke_abe_primary_health_centre,Full solar system only,Not ready,Moderately ready,,Router
eacff94e-3ae2-4cb3-ae21-687ac11e9d2f,kano,rimin_gado,sakaratsa_health_post,Full solar system only,Not ready,Moderately ready,Full solar system,FibreX
a4168fa1-5a8a-4305-91c8-31d54ea13f23,kano,tofa,ginsawa_health_post,Full solar system only,Not ready,Moderately ready,Full solar system,Router
90866e2c-0697-41dd-b303-49c344316e2a,kano,kibiya,kahu_health_post,Full solar system only,Not ready,Moderately ready,Full solar system,Router
9f9b3fc1-9dd0-4415-9453-814e606a820b,adamawa,yola_south,ardo_yahaya_primary_health_centre,Router only,Ready,Moderately ready,Full solar system,
d9c0e78a-f198-45ab-9311-6d82245fe0ca,niger,munya,rural_s_pawa_health_centre,Full solar system only,Not ready,Moderately ready,Full solar system,Router
51128ce1-90a8-4d71-92c6-cff7156e1e83,niger,paikoro,almajiri_kwanayi_primary_health_centre,Router only,Ready,Moderately ready,Full solar system,Router
51128ce1-90a8-4d71-92c6-cff7156e1e83,niger,paikoro,almajiri_kwanayi_primary_health_centre,Full solar system only,Not ready,Moderately ready,Full solar system,Router
5785b97a-55f5-4260-a7a0-7b34b604963f,niger,shiroro,owu_primary_health_centre,Full solar system only,Not ready,Moderately ready,Full solar system,Router
2ff8c0a5-3d33-4427-899f-ba058b5f6a22,niger,shiroro,she_basic_health_centre,Full solar system only,Not ready,Moderately ready,,Router
6f032505-0607-4293-8ae0-ada7947904d4,kano,minjibir,kunya_primary_health_centre,Router only,Ready,Moderately ready,Full solar system,Router
6f032505-0607-4293-8ae0-ada7947904d4,kano,minjibir,kunya_primary_health_centre,Full solar system only,Not ready,Moderately ready,Full solar system,Router
20eb3319-fdbc-4776-80c2-af0df7071426,niger,gbako,estu_audu_primary_health_centre,Full solar system only,Not ready,Moderately ready,,Router
e25521ad-ecca-42db-824b-9e37fa5570f8,oyo,oluyole,ifelodun_primary_health_centre,Router only,Ready,Moderately ready,Full solar system,Router
e25521ad-ecca-42db-824b-9e37fa5570f8,oyo,oluyole,ifelodun_primary_health_centre,Full solar system only,Not ready,Moderately ready,Full solar system,Router
9261aa94-2dce-491c-990e-3020fd6af2d8,kano,gwale,unguabai_primary_health_centre,Router only,Ready,Moderately ready,Full solar system,Router
9261aa94-2dce-491c-990e-3020fd6af2d8,kano,gwale,unguabai_primary_health_centre,Full solar system only,Not ready,Moderately ready,Full solar system,Router
acaf42a8-17c5-45ec-b27d-39ac1c0dc6e1,oyo,itesiwaju,komu_primary_health_centre,Full solar system only,Not ready,Moderately ready,,Router
23c981b6-6082-449b-ad19-2e5c7576fdb4,kano,kano_minicipal_council,yan_awaki_primary_health_centre,Full solar system only,Not ready,Moderately ready,,Router
e63b20b9-9e0b-4ed3-96b3-121acec5a405,kano,rimin_gado,yalwa_d_model_primary_health_centre,Full solar system only,Not ready,Ready,,
49074b49-78d8-4fcd-9f45-52820b96eb99,kano,kibiya,tarai_primary_health_centre,Full solar system only,Not ready,Ready,,
9dd8f6ed-5352-44d6-8177-d0acffed763f,oyo,oyo_west,fasola_primary_health_centre,Full solar system only,Not ready,Moderately ready,,Router
2458c79d-9af8-4af1-9254-74e0222059be,anambra,ekwusigo,iboro_primary_health_centre,Router only,Ready,Moderately ready,Full solar system,Router
2458c79d-9af8-4af1-9254-74e0222059be,anambra,ekwusigo,iboro_primary_health_centre,Full solar system only,Not ready,Moderately ready,Full solar system,Router
37133c70-be89-4238-87ff-e2687044cb18,anambra,anambra_west,obodo_o_t_u_primary_health_centre,Full solar system only,Not ready,Ready,,
81ace70f-27a4-478a-85bc-01dcc675e7ae,kano,kano_minicipal_council,mayanka_primary_health_centre_kmc,Full solar system only,Not ready,Moderately ready,,Router
0fb11850-e4bb-4a5e-b9ea-52cc201dff97,niger,paikoro,paiko_model_primary_health_centre,Full solar system only,Not ready,Moderately ready,,Router
14400663-72d8-49f0-8e44-9cdc2642cca4,anambra,aguata,nkpologwu_primary_health_centre,Router only,Ready,Moderately ready,Full solar system,Router
14400663-72d8-49f0-8e44-9cdc2642cca4,anambra,aguata,nkpologwu_primary_health_centre,Full solar system only,Not ready,Moderately ready,Full solar system,Router
df662d95-80f6-423c-a822-a904ee9e0c76,nasarawa,obi,agewu_primary_health_centre,Full solar system only,Not ready,Moderately ready,,Router
c6a74648-53cb-46eb-97cd-2bc427c233cb,oyo,oyo_west,iyaji_health_centre,Full solar system only,Not ready,Moderately ready,,Router
1bc35b53-e609-4791-b05f-d6dda80b7aa7,kano,dala,yalwa_madakingini_clinic_maternal_and_child_health,Full solar system only,Not ready,Moderately ready,,Router
38f302cf-d962-47e8-94ae-303d72e32208,niger,lapai,muye_primary_health_centre,Full solar system only,Not ready,Moderately ready,,Router
ffff9183-415e-4f98-9a7d-837c008e5b21,oyo,olorunsogo,health_is_wealth_clinic,Full solar system only,Not ready,Moderately ready,,Router
02f58a16-ef42-4e79-8bec-d5ad53e9becc,kano,dala,fuskar_arewa_primary_health_centre,Router only,Ready,Moderately ready,Solar top-up,Router
02f58a16-ef42-4e79-8bec-d5ad53e9becc,kano,dala,fuskar_arewa_primary_health_centre,Full solar system only,Not ready,Moderately ready,Solar top-up,Router
405ac122-2e99-4f3a-8705-6f9109fba3d0,oyo,ogbomosho_south,ilogbo_primary_health_centre_oyo,Full solar system only,Not ready,Moderately ready,,Router
1106993b-a9c4-48eb-b722-6e8e89d6bbad,nasarawa,lafia,ang_toni_primary_health_centre,Full solar system only,Not ready,Moderately ready,,Router
6504eb2e-4317-4e05-ac70-eb047eeb2195,nasarawa,lafia,doma_road_primary_health_centre,Full solar system only,Not ready,Moderately ready,,Router
56bc54e1-7f4f-43f1-a45e-229d7c7117a3,adamawa,toungo,toungo_i_primary_health_centre,Full solar system only,Not ready,Moderately ready,,Router
4c6fa294-ad25-4f54-b8d6-bdfdbb895156,adamawa,jada,kojoli_primary_health_centre,Full solar system only,Not ready,Moderately ready,,Router
8b0bd31d-eb89-47d6-8fbe-d1eeca5c3886,adamawa,jada,jada_2_primary_health_centre,Full solar system only,Not ready,Moderately ready,,Router
d8502ff3-1e3c-478e-b41d-c069787d9cd3,nasarawa,wamba,muggu_primary_health_centre,Full solar system only,Not ready,Moderately ready,Full solar system,Router
9afbf04e-d069-4ce2-824e-841136fa18f2,nasarawa,wamba,mararaba_gongon_primary_health_centre,Full solar system only,Not ready,Moderately ready,,Router
eca9caa9-8b44-49a6-8e76-b7c20aed2e29,nasarawa,wamba,chugbu_primary_health_centre,Full solar system only,Not ready,Moderately ready,,Router
db9b0edd-4d52-4085-bd31-73ccd72a73bc,nasarawa,wamba,ambaka_primary_health_centre,Full solar system only,Not ready,Moderately ready,,Router
ac3918d1-41f6-4f0f-bb0f-ef17759eba08,adamawa,michika,moda_health_centre,Full solar system only,Not ready,Moderately ready,Full solar system,Router
b9fa0601-09fb-490c-b690-1806406cce94,adamawa,michika,main_market_primary_health_centre_adamawa,Full solar system only,Not ready,Moderately ready,Full solar system,Router
80be801e-bf96-4e1d-a119-279d55e57a22,adamawa,michika,michika_town_health_centre,Full solar system only,Not ready,Moderately ready,Full solar system,Router
6fa6db47-17e4-4ae9-82c3-0f656cc31104,niger,kontagora,kawo_model_clinic,Full solar system only,Not ready,Moderately ready,,Router
7d0abd7f-d774-4682-814a-65d672f0bf6a,niger,kontagora,nagwamatse_primary_health_centre,Full solar system only,Not ready,Moderately ready,Full solar system,Router
034bdc8d-71ce-467d-9b86-2b084ff3013c,niger,kontagora,nigerian_army_cantonment_medical_center,Router only,Ready,Moderately ready,Full solar system,Router
034bdc8d-71ce-467d-9b86-2b084ff3013c,niger,kontagora,nigerian_army_cantonment_medical_center,Full solar system only,Not ready,Moderately ready,Full solar system,Router
8c61146e-5658-47ec-8a07-881122f57db0,jigawa,garki,kanya_primary_health_centre,Full solar system only,Not ready,Moderately ready,,Router
7feacc67-72e6-4bad-a5d2-2de61ad501ee,adamawa,maiha,lugga_babba_health_centre,Full solar system only,Not ready,Moderately ready,,Router
bb6aa287-5b95-452c-b4db-5e804331199d,adamawa,maiha,wuro_ladde_maternal_and_child_health,Full solar system only,Not ready,Moderately ready,,Router
66a6e3a4-6658-456c-a04e-94cb33672186,jigawa,garki,muku_primary_health_centre,Full solar system only,Not ready,Moderately ready,,Router
3d120d3b-6e48-4bec-b5be-916486d53d30,nasarawa,wamba,yashi_madaki_primary_health_centre,Full solar system only,Not ready,Moderately ready,,Router
da3e679e-50a1-4a1f-9349-29ec739cf23e,jigawa,babura,habun_jigawa_maternal_and_childh_primary_health_centre,Full solar system only,Not ready,Moderately ready,,Router
11792491-d1f5-499e-bf86-b5c1b7101e6a,niger,lavun,dassun_primary_health_centre,Router only,Ready,Moderately ready,Full solar system,Router
11792491-d1f5-499e-bf86-b5c1b7101e6a,niger,lavun,dassun_primary_health_centre,Full solar system only,Not ready,Moderately ready,Full solar system,Router
1c45b56e-20eb-4785-a773-c8fe62c8935a,jigawa,babura,kyambo_primary_health_centre,Full solar system only,Not ready,Moderately ready,,Router
4a4c80c9-e72a-4eae-9874-2aee7d5b7c93,jigawa,babura,gasakoli_primary_health_centre,Full solar system only,Not ready,Moderately ready,,Router
a7b7df3c-c8cb-4d39-b487-55f725bdde90,jigawa,babura,muhammad_nadoka_primary_healt_primary_health_centre,Router only,Ready,Moderately ready,Full solar system,Router
a7b7df3c-c8cb-4d39-b487-55f725bdde90,jigawa,babura,muhammad_nadoka_primary_healt_primary_health_centre,Full solar system only,Not ready,Moderately ready,Full solar system,Router
01b99ac2-e277-4d6a-b197-f7a6d5877a57,jigawa,miga,dangyatum_primary_health_centre,FibreX only,Ready,Moderately ready,,Router
6798a2fb-60f1-44b7-9b3a-3430ef66a251,jigawa,miga,takalafiya_primary_health_centre,Full solar system only,Not ready,Ready,,
888d24f0-3693-41c8-a164-e1ebe67a4f62,jigawa,miga,zareku_primary_health_centre,Full solar system only,Not ready,Moderately ready,,Router
25efdb78-2edc-4e60-b357-27ef5ba75dd1,jigawa,miga,koya_primary_health_centre,Full solar system only,Not ready,Ready,,
5b977f96-1382-475a-922b-48fe15ed2ed8,jigawa,miga,sansani_primary_health_centre,Full solar system only,Not ready,Moderately ready,,FibreX
3cc0bd00-5faa-4ffa-beaa-5974ebfcc419,anambra,nnewi_south,uboma_primary_health_centre,Router only,Ready,Moderately ready,Full solar system,Router
6e080586-e977-4719-9023-84cb19915b04,jigawa,birniwa,matamu_primary_health_centre,Full solar system only,Not ready,Moderately ready,,Router
16166665-3d88-4022-ae6c-498f3a35610a,adamawa,madagali,mildu_model_health_centre,Router only,Ready,Moderately ready,Full solar system,Router
16166665-3d88-4022-ae6c-498f3a35610a,adamawa,madagali,mildu_model_health_centre,Full solar system only,Not ready,Moderately ready,Full solar system,Router
53a8b218-86fd-41b8-aa39-252125aa73a1,jigawa,birniwa,kuka_inkiwa_primary_health_centre,Full solar system only,Not ready,Moderately ready,,Router
3242f87b-839b-4c2f-9ebb-653b4d028269,adamawa,madagali,vemgo_maternal_and_child_health,Router only,Ready,Moderately ready,Full solar system,Router
3242f87b-839b-4c2f-9ebb-653b4d028269,adamawa,madagali,vemgo_maternal_and_child_health,Full solar system only,Not ready,Moderately ready,Full solar system,Router
6f7ea4ef-4087-4a74-90f8-427ddbddb9ed,jigawa,auyo,tsidir_primary_health_centre,Router only,Ready,Moderately ready,Full solar system,Router
6f7ea4ef-4087-4a74-90f8-427ddbddb9ed,jigawa,auyo,tsidir_primary_health_centre,Full solar system only,Not ready,Moderately ready,Full solar system,Router
62f3dbeb-c20d-45da-a499-5be6143be9b9,jigawa,auyo,gatafa_primary_health_centre,Full solar system only,Not ready,Moderately ready,,Router
03ff4684-aa3f-4b09-a4b6-61f35859faa4,jigawa,auyo,auyakayi_primary_health_centre,Full solar system only,Not ready,Moderately ready,,Router
fc825116-49fc-462d-9644-5c03760966cd,jigawa,birniwa,kubuna_primary_health_centre,Full solar system only,Not ready,Moderately ready,,Router
f176d47b-0fa1-4425-8565-712e7b38024a,jigawa,birniwa,kazura_primary_health_centre,Full solar system only,Not ready,Moderately ready,,FibreX
c0df4178-910e-4c59-9d28-f9b8de1636f3,jigawa,jahun,aujara_primary_health_centre,Full solar system only,Not ready,Moderately ready,,Router
7a399c95-6a90-43cf-a7bf-272da90297a0,jigawa,jahun,kanwa_primary_health_centre,Full solar system only,Not ready,Moderately ready,,Router
2eda7489-bb7c-48ad-929b-e9b297337ac2,niger,lavun,sabon_madina_primary_health_centre,Full solar system only,Not ready,Moderately ready,Full solar system,Router
3d9f4fb3-80c6-4ffc-8ebe-38a07fcab6df,anambra,awka_south,ezi_okpalaigwe_primary_health_centre,Full solar system only,Not ready,Moderately ready,,Router
f5fe1050-59bc-4eaa-971d-220e4bea53b8,adamawa,shelleng,bakta_health_centre,Full solar system only,Not ready,Moderately ready,,Router
b605036a-6274-4d15-8948-9b3eab871b0f,adamawa,shelleng,jamali_health_centre,Full solar system only,Not ready,Moderately ready,Full solar system,Router
175db93c-4fd4-4ec3-ae19-0ee60fc3634a,anambra,anaocha,adazi_nnukwu_2_primary_health_centre,Router only,Ready,Moderately ready,Full solar system,
175db93c-4fd4-4ec3-ae19-0ee60fc3634a,anambra,anaocha,adazi_nnukwu_2_primary_health_centre,Full solar system only,Not ready,Ready,Full solar system,
9d3e787f-54f5-4c03-8e49-282e60d6408a,anambra,ekwusigo,ichi_referral_health_centre,Router only,Ready,Moderately ready,Full solar system,Router
9d3e787f-54f5-4c03-8e49-282e60d6408a,anambra,ekwusigo,ichi_referral_health_centre,Full solar system only,Not ready,Moderately ready,Full solar system,Router
514def33-39a3-4d00-bf4f-a6cd732f2e08,nasarawa,nasarawa_eggon,alogani_sorth_primary_health_centre,Router only,Ready,Moderately ready,Full solar system,Router
514def33-39a3-4d00-bf4f-a6cd732f2e08,nasarawa,nasarawa_eggon,alogani_sorth_primary_health_centre,Full solar system only,Not ready,Moderately ready,Full solar system,Router
10842d3d-9f1a-4be9-bb3b-157939313067,anambra,awka_south,mbaukwu_primary_health_centre,Full solar system only,Not ready,Moderately ready,,Router
3d670429-0163-44ad-9ff7-0a9ea52e3b13,nasarawa,nasarawa_eggon,alogani_north_primary_health_centre,Full solar system only,Not ready,Moderately ready,Full solar system,Router
24dfb13c-2dee-4a0e-932d-ad7e93b612aa,jigawa,babura,kanya_primary_health_centre,Full solar system only,Not ready,Moderately ready,,Router
d46dc615-d243-4d84-a2eb-ab290fd340b8,nasarawa,nasarawa_eggon,ashumuga_primary_health_centre,Full solar system only,Not ready,Moderately ready,Full solar system,Router
08eb4ee1-cacc-440f-a999-470f3730985f,nasarawa,nasarawa_eggon,nassarawa_eggon_primary_health_centre,Router only,Ready,Moderately ready,Full solar system,Router
08eb4ee1-cacc-440f-a999-470f3730985f,nasarawa,nasarawa_eggon,nassarawa_eggon_primary_health_centre,Full solar system only,Not ready,Moderately ready,Full solar system,Router
e380ce5b-f5e1-4dd6-9b12-c439ad46be0e,anambra,anaocha,neni_primary_health_centre,Full solar system only,Not ready,Ready,,
21254ac7-52d7-4a98-9063-55653e7241ee,adamawa,jada,jada_1_primary_health_centre,Router only,Ready,Moderately ready,Full solar system,Router
21254ac7-52d7-4a98-9063-55653e7241ee,adamawa,jada,jada_1_primary_health_centre,Full solar system only,Not ready,Moderately ready,Full solar system,Router
1b4c65c1-f00c-4357-9318-ea6dec1c753a,adamawa,toungo,toungo_ii_phccc_primary_health_centre,Full solar system only,Not ready,Moderately ready,,Router
d78e45f6-85df-425d-aaad-ea7a1154e446,adamawa,ganye,yelwa_health_centre,Router only,Ready,Moderately ready,Full solar system,Router
e7195a98-5a0a-40aa-bbea-ff2b866af7a4,adamawa,maiha,jamtari_primary_clinic_health_centre,Full solar system only,Not ready,Moderately ready,Full solar system,Router
23481544-e340-497b-ab77-b974e6d857fa,anambra,awka_south,nise_eke_afor_primary_health_centre,Full solar system only,Not ready,Moderately ready,,Router
7acd88d2-8a71-47b6-bf3b-22f9f4c9f223,anambra,anaocha,akwaeze_primary_health_centre,Full solar system only,Not ready,Ready,,
3028aa4d-4fb0-4804-a687-a4ee39d3574b,jigawa,jahun,kale_primary_health_centre,Full solar system only,Not ready,Moderately ready,,Router
8c0a288d-35ca-4b75-aae4-16d2e3149972,anambra,orumba_north,ugwu_awgbu_health_centre,Router only,Ready,Moderately ready,Full solar system,Router
8c0a288d-35ca-4b75-aae4-16d2e3149972,anambra,orumba_north,ugwu_awgbu_health_centre,Full solar system only,Not ready,Moderately ready,Full solar system,Router
0e861932-fedf-444c-ad47-63387ac5572c,anambra,ekwusigo,medical_reception_station_mrs_primary_health_centre,Router only,Ready,Moderately ready,Full solar system,Router
0e861932-fedf-444c-ad47-63387ac5572c,anambra,ekwusigo,medical_reception_station_mrs_primary_health_centre,Full solar system only,Not ready,Moderately ready,Full solar system,Router
3c0acc52-412f-4beb-a1b9-45ed7891dadf,anambra,ekwusigo,oraifite_ref_health_centre,Full solar system only,Not ready,Moderately ready,Full solar system,Router
e497c85e-9acf-45c5-9229-ccb2fde6006d,anambra,awka_south,umuawulu_primary_health_centre,Full solar system only,Not ready,Moderately ready,,Router
57e949c7-c03f-48ca-acfa-bcad812feaa4,jigawa,babura,dorawa_primary_health_centre,Full solar system only,Not ready,Moderately ready,,Router
b34e5a53-09b8-4148-9a24-663975814f47,anambra,anaocha,obeledu_primary_health_centre,FibreX only,Ready,Moderately ready,,Router
b34e5a53-09b8-4148-9a24-663975814f47,anambra,anaocha,obeledu_primary_health_centre,Full solar system only,Not ready,Moderately ready,,Router
e470fc4b-92f9-4604-b4f6-582c15dab67e,nasarawa,doma,ang_nupawa_primary_health_centre,Full solar system only,Not ready,Moderately ready,,Router
98031d77-d80d-4986-8c68-3e1c11e68900,anambra,ekwusigo,irefi_primary_health_centre,Router only,Ready,Moderately ready,Full solar system,Router
98031d77-d80d-4986-8c68-3e1c11e68900,anambra,ekwusigo,irefi_primary_health_centre,Full solar system only,Not ready,Moderately ready,Full solar system,Router
6f5ba616-c1ac-4a25-876e-faa199bc5a58,nasarawa,wamba,gwagi_primary_health_centre,Full solar system only,Not ready,Moderately ready,,Router
dcfb00ac-add7-4bbd-aad9-34b32e6454c3,niger,shiroro,beri_primary_health_centre,Full solar system only,Not ready,Moderately ready,Full solar system,Router
f9c8bbec-e611-4678-a9f9-b6f562d1e278,jigawa,jahun,harbo_tsohuwa_primary_health_centre,Full solar system only,Not ready,Moderately ready,,Router
827d8f6c-e7b7-45e6-b5ae-8948a959c4f8,nasarawa,doma,doma_town_primary_health_centre,Full solar system only,Not ready,Moderately ready,,Router
9660b1cb-0a55-4ef8-98b9-ce9a29907436,anambra,orumba_north,ugwuawgbu_primary_health_centre,Full solar system only,Not ready,Ready,Full solar system,
a42cde08-e993-467a-9b8b-f1c3e9b855f7,nasarawa,wamba,wamba_primary_health_centre_mphc,Full solar system only,Not ready,Moderately ready,,Router
0ae9174a-cd12-4156-a264-bf413806088e,nasarawa,doma,arumagye_primary_health_centre,Full solar system only,Not ready,Moderately ready,,Router
94470108-34c8-4a2d-9b7d-505ed86591ff,niger,kontagora,rafin_gora_primary_health_centre,Full solar system only,Not ready,Moderately ready,Full solar system,Router
06276be2-96b3-4abd-9017-8a17e02af8b5,nasarawa,doma,alarama_primary_health_centre,Router only,Ready,Moderately ready,Full solar system,Router
06276be2-96b3-4abd-9017-8a17e02af8b5,nasarawa,doma,alarama_primary_health_centre,Full solar system only,Not ready,Moderately ready,Full solar system,Router
1bc666b0-b409-4f0d-8444-841b2397c9e5,adamawa,mubi_north,kochifa_primary_health_centre,Full solar system only,Not ready,Moderately ready,,Router
653a78f1-8466-4981-8ab9-8d3641de66e2,nasarawa,wamba,wayo_matti_primary_health_centre,Full solar system only,Not ready,Moderately ready,,Router
85dd2be7-19fa-4aea-96d1-d56882204135,anambra,awka_south,nibo_basic_health_centre,Full solar system only,Not ready,Moderately ready,Full solar system,Router
5ce0f13d-3eef-492a-a6e5-3fbdc25ef953,anambra,ekwusigo,ihembosi_referal_health_centre,Full solar system only,Not ready,Moderately ready,Full solar system,Router
2c148d07-a0fa-44a8-84ed-259f0114133c,jigawa,jahun,harbo_sabuwa_primary_health_centre,Full solar system only,Not ready,Moderately ready,,Router
dc2488a4-a836-402b-8725-c6a51379c23e,niger,shiroro,galkogo_basic_health_centre,Full solar system only,Not ready,Moderately ready,,Router
5462007b-4789-4a69-9b08-5b5ba9abe0a2,adamawa,ganye,jaggu_primary_health_centre,Full solar system only,Not ready,Moderately ready,,Router
9b9b0c26-ef71-488d-8fc0-5dd9e2a1ad56,adamawa,ganye,bakari_gosso_primary_health_centre,Full solar system only,Not ready,Moderately ready,,Router
49ec2059-8bf9-417c-b79e-c3751b75cf1b,adamawa,toungo,gangzamanu_primary_health_centrecenter_primary_health_centre,Full solar system only,Not ready,Moderately ready,,Router
0a4a3659-9f3a-4bf8-840b-8f05261c58d8,nasarawa,wamba,wude_kurmi_primary_health_centre,Full solar system only,Not ready,Moderately ready,Full solar system,Router
0e86e8af-8a7e-4f66-91e9-e6ed265dcb51,nasarawa,wamba,gbata_primary_health_centre,Router only,Ready,Moderately ready,Full solar system,Router
0e86e8af-8a7e-4f66-91e9-e6ed265dcb51,nasarawa,wamba,gbata_primary_health_centre,Full solar system only,Not ready,Moderately ready,Full solar system,Router
6d0ecae5-5e51-4e09-8a61-89986aed15c5,jigawa,jahun,lautai_primary_health_centre,Full solar system only,Not ready,Moderately ready,,Router
45d49b67-a911-45a0-a916-46a4fbb62a1e,niger,shiroro,gurmana_primary_health_centre,Full solar system only,Not ready,Moderately ready,Full solar system,Router
ec6f8c68-c9e7-439d-96f7-aa6d5b034cf6,nasarawa,wamba,nakere_primary_health_centre,Full solar system only,Not ready,Moderately ready,,Router
7465e10a-e29a-4fdb-ad8b-20bda0272feb,anambra,anambra_east,enugwu_o_t_u_primary_health_centre_mphc,Full solar system only,Not ready,Ready,Full solar system,
745129f0-7b6e-43a7-ab74-bc8771f216c4,jigawa,auyo,bangeli_health_post,Full solar system only,Not ready,Moderately ready,Full solar system,Router
0f4d136c-1d1d-458b-be8e-820418acfece,jigawa,auyo,gamsarka_health_post,Full solar system only,Not ready,Moderately ready,Full solar system,Router
5c526a79-6473-416f-a1b3-8971376a9b00,jigawa,auyo,kalgwai_primary_health_centre,Full solar system only,Not ready,Moderately ready,,Router
7ba08bef-263b-421d-be3c-237e3073a150,jigawa,jahun,kadawawa_primary_health_centre,Router only,Ready,Moderately ready,Solar top-up,Router
1476e84f-0474-484e-af46-bb1598790fdd,niger,bosso,sabon_daga_primary_health_centre,Full solar system only,Not ready,Moderately ready,,Router
5627ffdf-ef64-4f4a-8a60-846430492f9f,niger,bosso,garatu_primary_health_centre,Full solar system only,Not ready,Moderately ready,,Router
9c75ed8d-8feb-4113-bda4-31bb2627e964,niger,rijau,larai_suleman_primary_health_centre,Full solar system only,Not ready,Moderately ready,Full solar system,Router
6b099e49-bc28-4483-925d-a67ae2e9a3d1,jigawa,birniwa,karanga_primary_health_centre,Full solar system only,Not ready,Moderately ready,,Router
b59aaeec-4dbb-4c10-ac7c-877e543b3a6d,jigawa,birniwa,kachallari_primary_health_centre,Full solar system only,Not ready,Ready,,
fe9b1f70-492e-4030-968f-8dcbd2371264,jigawa,birniwa,diginsa_primary_health_centre,Full solar system only,Not ready,Moderately ready,,Router
9e8a357b-cd71-497e-a8d7-6ebe152dbd2b,jigawa,birniwa,nguwa_primary_health_centre,Full solar system only,Not ready,Moderately ready,,Router
bf195246-ba59-4159-8b90-c360de03a984,jigawa,babura,jarmai_primary_health_centre,Full solar system only,Not ready,Moderately ready,,Router
53466e99-eb1d-4af1-93a8-0e9f6dfee438,anambra,awka_south,umueze_amawbia_primary_health_centre,Full solar system only,Not ready,Moderately ready,,Router
0aceaad6-d619-4e6d-abc5-0ec80bf92bfd,anambra,awka_south,amawbia_maternal_and_child_health,Full solar system only,Not ready,Moderately ready,,Router
32ebb99f-ed14-4a10-a737-41898f4b354e,niger,edati,sakpe_primary_health_centre,Router only,Ready,Moderately ready,Full solar system,Router
32ebb99f-ed14-4a10-a737-41898f4b354e,niger,edati,sakpe_primary_health_centre,Full solar system only,Not ready,Moderately ready,Full solar system,Router
4e7ee177-e2d5-4d34-8924-3d2b6bb27fbd,adamawa,madagali,shuwa_mission_primary_health_centre,Full solar system only,Not ready,Moderately ready,,Router
5052b86d-8e4f-4429-aba2-3545d47f0e2c,adamawa,shelleng,wuroyanka_health_centre,Router only,Ready,Moderately ready,Full solar system,Router
5052b86d-8e4f-4429-aba2-3545d47f0e2c,adamawa,shelleng,wuroyanka_health_centre,Full solar system only,Not ready,Moderately ready,Full solar system,Router
c0703e6b-ba4c-469c-9212-6c4290837ff8,kano,minjibir,tsakiya_health_post,Router only,Ready,Moderately ready,Full solar system,Router
c0703e6b-ba4c-469c-9212-6c4290837ff8,kano,minjibir,tsakiya_health_post,Full solar system only,Not ready,Moderately ready,Full solar system,Router
82f0f0ff-bc32-441b-8a84-dbf31072d643,kano,minjibir,gandurwawa_primary_health_centre,Full solar system only,Not ready,Moderately ready,,Router
8aa59b08-af07-49bd-bbb5-f25be52f44a5,adamawa,hong,uba_b_health_centre,Full solar system only,Not ready,Moderately ready,,Router
6d2a96cf-02b6-4022-aa51-cab225ce7f43,adamawa,hong,uba_a_phcc,Router only,Ready,Moderately ready,Solar top-up,Router
6d2a96cf-02b6-4022-aa51-cab225ce7f43,adamawa,hong,uba_a_phcc,Full solar system only,Not ready,Moderately ready,Solar top-up,Router
8baa8559-98ee-44cb-87a1-969f8db516f2,adamawa,hong,hildi_health_centre,Router only,Ready,Moderately ready,Full solar system,Router
8baa8559-98ee-44cb-87a1-969f8db516f2,adamawa,hong,hildi_health_centre,Full solar system only,Not ready,Moderately ready,Full solar system,Router
b3cfbdc8-cec6-47ab-a3c2-02f5e2b16400,adamawa,hong,kwarhi_health_centre,Full solar system only,Not ready,Moderately ready,,Router
a56e1830-9d48-4517-9f90-e7203d3b34c5,adamawa,hong,hong_c_health_centre,Router only,Ready,Moderately ready,Full solar system,Router
a56e1830-9d48-4517-9f90-e7203d3b34c5,adamawa,hong,hong_c_health_centre,Full solar system only,Not ready,Moderately ready,Full solar system,Router
2b9626fa-2867-4c7a-93e4-71ce4bf07c89,adamawa,hong,pella_health_centre,Full solar system only,Not ready,Moderately ready,,Router
75968ecb-c65b-4182-9350-ee1718226a3b,oyo,ogo_oluwa,lagbedu_health_facility,Full solar system only,Not ready,Moderately ready,,Router
775f5a44-95af-4595-9bd4-bda245d30996,oyo,ogo_oluwa,orileoje_health_facility,Full solar system only,Not ready,Moderately ready,,Router
3930090c-5dd4-4ad3-8dc9-9d3e2bac4c80,anambra,idemili_north,abacha_primary_health_centre,Full solar system only,Not ready,Ready,,
4e735919-d53e-462b-9c71-37bb76987e97,anambra,idemili_north,nkpor_uno_primary_health_centre,Full solar system only,Not ready,Ready,,
b0b668b3-bfeb-4779-bdfe-b632a627a70f,anambra,idemili_north,eziowelle_primary_health_centre,Full solar system only,Not ready,Ready,,
c0e444a1-2783-40d7-92e4-96ba16ca48f1,jigawa,jahun,urban_maternity_centre,Full solar system only,Not ready,Moderately ready,,Router
aadc50dd-70bd-4654-a604-7700b9cdf2a7,adamawa,lamurde,gyawana_primary_health_centre,Router only,Ready,Moderately ready,Full solar system,Router
aadc50dd-70bd-4654-a604-7700b9cdf2a7,adamawa,lamurde,gyawana_primary_health_centre,Full solar system only,Not ready,Moderately ready,Full solar system,Router
e5c25794-9ffb-418a-a0d2-dc7d9b3192c4,anambra,idemili_north,akuzor_primary_health_centre,Router only,Ready,Moderately ready,Full solar system,
e5c25794-9ffb-418a-a0d2-dc7d9b3192c4,anambra,idemili_north,akuzor_primary_health_centre,Full solar system only,Not ready,Ready,Full solar system,
220306d6-c319-4ea8-b533-0b5b9b121db3,adamawa,guyuk,boshikiri_maternal_and_child_health,Router only,Ready,Moderately ready,Full solar system,Router
f1384313-d95a-4f34-b314-363971ead305,jigawa,miga,miga_primary_health_centre,Full solar system only,Not ready,Moderately ready,,Router
0e3fad6b-85e5-4432-ae1e-cd0dd8de9067,akwa_ibom,ibiono_ibom,ikot_idaha_health_centre,Full solar system only,Not ready,Moderately ready,,Router
58d9c726-3736-4138-80f1-12c693f458be,kano,gwarzo,kwami_model_primary_health_centre,Full solar system only,Not ready,Moderately ready,,Router
2f590bd6-d707-49d5-9ba8-edeb3e483eb5,nasarawa,akwanga,aa_koto_primary_health_centre,Router only,Ready,Moderately ready,Full solar system,Router
2f590bd6-d707-49d5-9ba8-edeb3e483eb5,nasarawa,akwanga,aa_koto_primary_health_centre,Full solar system only,Not ready,Moderately ready,Full solar system,Router
38117005-22e6-48b8-ba6a-b36d2725ea69,kano,bebeji,durmawa_health_post,Full solar system only,Not ready,Ready,,
80f59005-871c-49be-8de1-6322cbc9d6be,nasarawa,akwanga,buku_health_clinic,Full solar system only,Not ready,Moderately ready,,Router
5c372cd1-4494-4a63-8930-1ad679b03e45,nasarawa,akwanga,tabu_primary_health_centre,Full solar system only,Not ready,Moderately ready,,Router
4371c654-1fb5-44ad-816e-d3e56ccf6590,oyo,saki_west,salam_salam_primary_health_centre,Full solar system only,Not ready,Moderately ready,,Router
08b3a54a-348f-43f6-9fd4-f06c3e5a8681,oyo,saki_west,challenge_primary_health_centre,Full solar system only,Not ready,Moderately ready,,Router
37b54881-3dc6-4f13-acf5-576687aae8e8,oyo,saki_west,oy_ajegunle_primary_health_centre,Full solar system only,Not ready,Moderately ready,,Router
c5d43909-e430-48ae-b80d-eb1b642f45d1,jigawa,miga,yanduna_primary_health_centre,Full solar system only,Not ready,Moderately ready,,Router
c2536d65-42b1-4ec0-9acf-a3f3f2965c05,jigawa,miga,sabon_gari_primary_health_centre,Full solar system only,Not ready,Moderately ready,,FibreX
864335d2-aa39-437f-87bb-00d855de3e57,jigawa,miga,hantsu_primary_health_centre,Full solar system only,Not ready,Moderately ready,,Router
f82a2a2d-23e3-41fc-93a1-7bcc1428349a,jigawa,miga,tsakuwawa_primary_health_centre,Full solar system only,Not ready,Moderately ready,,Router
0b02b41e-b945-4655-be4f-b20d37c5fb56,jigawa,kiyawa,maje_primary_health_centre,Full solar system only,Not ready,Moderately ready,,Router
c8d15bc9-7534-44b6-97a3-7845e3511eb0,nasarawa,akwanga,ancho_primary_health_centre,Full solar system only,Not ready,Moderately ready,,Router
a43c83c8-1882-4676-9fe8-99c2a16a08c8,nasarawa,akwanga,kwandar_primary_health_centre,Full solar system only,Not ready,Moderately ready,Full solar system,Router
bb4ba0b3-8ca8-4833-868a-e19c047af7e0,anambra,orumba_north,ndiokpalaeke_primary_health_centre,Router only,Ready,Moderately ready,Full solar system,
bb4ba0b3-8ca8-4833-868a-e19c047af7e0,anambra,orumba_north,ndiokpalaeke_primary_health_centre,Full solar system only,Not ready,Ready,Full solar system,
579ded7b-2bfd-4718-a53a-9a8bb3902022,akwa_ibom,ukanafun,afaha_odon_primary_health_centre,Full solar system only,Not ready,Moderately ready,Full solar system,Router
faf87b77-5207-44c1-bb34-a3e0c68d17f2,niger,edati,gonagi_primary_health_centre,Router only,Ready,Moderately ready,Full solar system,Router
faf87b77-5207-44c1-bb34-a3e0c68d17f2,niger,edati,gonagi_primary_health_centre,Full solar system only,Not ready,Moderately ready,Full solar system,Router
aafcfb47-8288-4e1a-a5c4-475fd3942c52,anambra,orumba_south,ndikpa_health_post,Full solar system only,Not ready,Moderately ready,Full solar system,Router
d188e34d-5954-4f49-9e4c-69fd4af72471,jigawa,kazaure,barga_mphc_primary_health_centre,Full solar system only,Not ready,Moderately ready,,Router
53b42085-c37c-4384-9822-565d861e978c,kano,minjibir,sanbauna_basic_health_clinic,Full solar system only,Not ready,Moderately ready,,Router
9eea1203-fc55-4d62-b0a7-e7a2371a311e,jigawa,gwaram,sara_primary_health_centre,Full solar system only,Not ready,Moderately ready,,Router
24e62f53-a7c3-4577-96bc-61ee3e275c09,kano,gwarzo,madadi_basic_health_clinic,Full solar system only,Not ready,Moderately ready,Full solar system,Router
f5c08c7b-8ee3-48bb-a13e-584d8d688790,akwa_ibom,eket,ikot_ukpong_health_post,Router only,Ready,Moderately ready,Full solar system,Router
cf168aba-288a-4550-a72b-04ec8ef86428,anambra,ekwusigo,amakwa_primary_health_centre,Router only,Ready,Moderately ready,Full solar system,Router
cf168aba-288a-4550-a72b-04ec8ef86428,anambra,ekwusigo,amakwa_primary_health_centre,Full solar system only,Not ready,Moderately ready,Full solar system,Router
4c6c73a3-ed31-4c30-beea-b98a63f160fa,oyo,ibadan_north_east,odo_osun_health_post,Router only,Ready,Moderately ready,Solar top-up,Router
4c6c73a3-ed31-4c30-beea-b98a63f160fa,oyo,ibadan_north_east,odo_osun_health_post,Full solar system only,Not ready,Moderately ready,Solar top-up,Router
5697436a-d720-4966-a83d-e6cbd25650c8,kano,gwarzo,sabon_layin_kara_mphc_primary_health_centre,Full solar system only,Not ready,Moderately ready,Full solar system,Router
73734e10-c33d-4fe0-a70f-5e37aac26e95,oyo,egbeda,kajerepo_primary_health_centre,Router only,Ready,Moderately ready,Full solar system,Router
73734e10-c33d-4fe0-a70f-5e37aac26e95,oyo,egbeda,kajerepo_primary_health_centre,Full solar system only,Not ready,Moderately ready,Full solar system,Router
e8f38be1-390d-4d4f-b41a-501c6e40c13b,niger,tafa,garam_model_primary_health_centre,FibreX only,Ready,Moderately ready,,Router
e8f38be1-390d-4d4f-b41a-501c6e40c13b,niger,tafa,garam_model_primary_health_centre,Full solar system only,Not ready,Moderately ready,,Router
c4bf1551-35ff-4b9c-a726-d9f771a92143,kano,ajingi,toranke_primary_health_centre,Full solar system only,Not ready,Moderately ready,,Router
3287f387-9f99-454d-9973-0b27ce754c34,jigawa,gwaram,kila_primary_health_centre,Full solar system only,Not ready,Ready,,
6b11ea20-149f-4ce4-9fe2-9b6f7ae9a198,kano,kano_minicipal_council,datti_wudila_health_clinic,Full solar system only,Not ready,Moderately ready,,Router
ccf67507-a2f5-4071-8756-ceb44ee26ac9,niger,gbako,edozhigi_primary_health_centre,Router only,Ready,Moderately ready,Full solar system,Router
ccf67507-a2f5-4071-8756-ceb44ee26ac9,niger,gbako,edozhigi_primary_health_centre,Full solar system only,Not ready,Moderately ready,Full solar system,Router
1c79b542-40ec-44ae-802f-1fac1abc8cbf,niger,gbako,biramafu_primary_health_centre,Full solar system only,Not ready,Moderately ready,,Router
39a2ac02-2dca-47e3-9af8-5063ce0e1c5f,niger,gbako,gogata_basic_health_centre,Full solar system only,Not ready,Moderately ready,,Router
a121c10a-93ba-4a14-be6d-13d6565fa413,niger,gbako,batagi_primary_health_centre,Full solar system only,Not ready,Moderately ready,,Router
54524c8e-1b19-44ea-ab86-2cd16c2df5f0,anambra,ekwusigo,ihembosi_primary_health_centre_model,Router only,Ready,Moderately ready,Full solar system,Router
54524c8e-1b19-44ea-ab86-2cd16c2df5f0,anambra,ekwusigo,ihembosi_primary_health_centre_model,Full solar system only,Not ready,Moderately ready,Full solar system,Router
e32ea24b-0412-40e5-bd71-6056cb6ea060,akwa_ibom,eket,ikot_okudomo_health_centre,Full solar system only,Not ready,Moderately ready,,Router
82c2d2c0-ee75-42e3-8b8c-293bbc0c5edf,adamawa,yola_north,rumde_clinic,Router only,Ready,Moderately ready,Full solar system,Router
82c2d2c0-ee75-42e3-8b8c-293bbc0c5edf,adamawa,yola_north,rumde_clinic,Full solar system only,Not ready,Moderately ready,Full solar system,Router
71d4d160-dfa3-4a82-972d-85ca6c1bda9f,anambra,orumba_south,nawfija_primary_health_centre,Router only,Ready,Moderately ready,Solar top-up,
71d4d160-dfa3-4a82-972d-85ca6c1bda9f,anambra,orumba_south,nawfija_primary_health_centre,Solar top-up + Network extension,Moderately ready,Ready,Solar top-up,
8ac888b7-0338-4d11-a830-e2f3a5c874a8,anambra,orumba_south,ihite_primary_health_centre,Full solar system only,Not ready,Moderately ready,Full solar system,FibreX
7c7622a3-990b-4da0-961a-39dac892a6c4,akwa_ibom,nsit_ibom,mbiokporo_1_primary_health_centre,Router only,Ready,Moderately ready,Full solar system,Router
7c7622a3-990b-4da0-961a-39dac892a6c4,akwa_ibom,nsit_ibom,mbiokporo_1_primary_health_centre,Full solar system only,Not ready,Moderately ready,Full solar system,Router
b6592d2c-65c2-4c46-8e0f-4ba400532d03,kano,ungogo,dan_rimi_health_clinic,Full solar system only,Not ready,Moderately ready,Full solar system,Router
3282e2da-a564-4ea7-ad0a-f5cd1340a2be,adamawa,mubi_north,bahuli_primary_health_centre,Full solar system only,Not ready,Moderately ready,,Router
6323fa10-c930-4eb5-b5b6-12e5490ea57d,oyo,ibadan_south_west,akuro_primary_health_centre,Router only,Ready,Moderately ready,Solar top-up,Router
6323fa10-c930-4eb5-b5b6-12e5490ea57d,oyo,ibadan_south_west,akuro_primary_health_centre,Full solar system only,Not ready,Moderately ready,Solar top-up,Router
e523ef0e-569f-479d-bd73-8e2afdb8db6c,kano,nassarawa,gidan_ruwa_basic_health_centre,Full solar system only,Not ready,Ready,,
6c1495e6-368d-42ce-8838-65857cbc99bc,kano,nassarawa,gama_primary_health_centre,Full solar system only,Not ready,Ready,,
71b50278-05f6-447d-ad93-02d2194be593,kano,nassarawa,mallam_shaibu_t_wada_medical_centre,FibreX only,Ready,Moderately ready,,Router
71b50278-05f6-447d-ad93-02d2194be593,kano,nassarawa,mallam_shaibu_t_wada_medical_centre,Full solar system only,Not ready,Moderately ready,,Router
a5b0d523-1202-4445-b839-9c9d670ad113,anambra,nnewi_south,ezeama_primary_health_centre,Full solar system only,Not ready,Moderately ready,Full solar system,FibreX
4e6eef6a-f0c1-4e2d-a8f4-be2df116ab8a,kano,kumbotso,maikalwa_health_clinic,Full solar system only,Not ready,Moderately ready,Full solar system,Router
f472e08f-2e44-4638-9b2a-4eb86d3256a4,adamawa,mubi_south,mujara_primary_health_centre,Full solar system only,Not ready,Moderately ready,,Router
f47e870c-db8e-408b-b425-9bc14195fa25,adamawa,mubi_south,dirbishi_primary_health_centre,Full solar system only,Not ready,Moderately ready,,Router
72b7f5ba-46b6-4c83-bc70-cfd60f059ee8,anambra,nnewi_south,osumenyi_primary_health_centre,Router only,Ready,Moderately ready,Full solar system,
72b7f5ba-46b6-4c83-bc70-cfd60f059ee8,anambra,nnewi_south,osumenyi_primary_health_centre,Full solar system only,Not ready,Ready,Full solar system,
402fa19c-a127-495a-ab4b-ace8ebb487ef,kano,dawakin_kudu,zogarawa_primary_health_centre,Full solar system only,Not ready,Moderately ready,Full solar system,Router
9a3936c1-17c0-4a27-a596-0875fa32d1c3,niger,kontagora,seidu_namaska_primary_health_centre,Full solar system only,Not ready,Moderately ready,Full solar system,Router
716ccf7a-2cbd-4f7b-8a1e-7d1348ab4ecd,niger,kontagora,ubandoma_primary_health_centre,Router only,Ready,Moderately ready,Solar top-up,Router
716ccf7a-2cbd-4f7b-8a1e-7d1348ab4ecd,niger,kontagora,ubandoma_primary_health_centre,Full solar system only,Not ready,Moderately ready,Solar top-up,Router
9a1da2f9-b70a-4a52-8651-f5bc033b2342,oyo,ibarapa_central,oy_idofin_ward_6_primary_health_centre,Full solar system only,Not ready,Moderately ready,Full solar system,Router
bf530ed7-070a-4d4a-af4a-fbe82b132ab2,jigawa,gwaram,tsangarwa_primary_health_centre,Full solar system only,Not ready,Moderately ready,,Router
1808c55e-4173-4643-9105-4e8552f00a59,akwa_ibom,ukanafun,ikot_udo_mbang_afaha_obo_health_centre,Full solar system only,Not ready,Moderately ready,Full solar system,Router
1d30af81-058d-4f8c-92be-30736ce4e2fc,jigawa,jahun,idanduna_primary_health_centre,Full solar system only,Not ready,Moderately ready,,Router
fed68c1c-e086-4ef6-a23f-078654bc54c4,oyo,egbeda,alakia_primary_health_centre,Full solar system only,Not ready,Moderately ready,,Router
f9ad9a99-c6bb-4bc3-9562-7c787f519856,oyo,ibadan_south_west,kososi_primary_health_centre,Router only,Ready,Moderately ready,Full solar system,Router
3120631d-bfb1-476d-8978-cfa6ee10fb52,kano,dawakin_kudu,jido_health_post,Router only,Ready,Moderately ready,Full solar system,Router
3120631d-bfb1-476d-8978-cfa6ee10fb52,kano,dawakin_kudu,jido_health_post,Full solar system only,Not ready,Moderately ready,Full solar system,Router
e480beca-67dd-43f5-9e13-685df03d57dd,niger,edati,gazhe_lati_health_clinic,Full solar system only,Not ready,Moderately ready,Full solar system,Router
3a6971fe-589d-4020-b47b-f1b5816005cf,akwa_ibom,eket,nduo_eduo_health_post,Router only,Ready,Moderately ready,Full solar system,Router
3a6971fe-589d-4020-b47b-f1b5816005cf,akwa_ibom,eket,nduo_eduo_health_post,Full solar system only,Not ready,Moderately ready,Full solar system,Router
e6a67378-543c-4e9d-9b51-81ffc5c85b7e,oyo,oyo_west,akeetan_health_centre,Full solar system only,Not ready,Moderately ready,,Router
7c38ae67-ae29-4d32-a5fe-0de64a46161a,kano,dawakin_tofa,sarkakiya_health_post,Router only,Ready,Moderately ready,Solar top-up,Router
7c38ae67-ae29-4d32-a5fe-0de64a46161a,kano,dawakin_tofa,sarkakiya_health_post,Full solar system only,Not ready,Moderately ready,Solar top-up,Router
abd9eeb9-2f10-4dff-8d1b-9f71c971df00,kano,dawakin_tofa,dawaki_health_centre,Full solar system only,Not ready,Ready,,
a2b2568a-1012-4f62-841d-a9f93089c63c,akwa_ibom,nsit_ibom,asang_primary_health_centre,Router only,Ready,Moderately ready,Full solar system,Router
a2b2568a-1012-4f62-841d-a9f93089c63c,akwa_ibom,nsit_ibom,asang_primary_health_centre,Full solar system only,Not ready,Moderately ready,Full solar system,Router
8fe05764-4247-44c3-8b49-870836811d3c,anambra,ekwusigo,obi_ozubulu_primary_health_centre,Router only,Ready,Moderately ready,Full solar system,
8fe05764-4247-44c3-8b49-870836811d3c,anambra,ekwusigo,obi_ozubulu_primary_health_centre,Full solar system only,Not ready,Ready,Full solar system,
aa9e3895-254a-4827-92dd-92621c62ed8f,akwa_ibom,nsit_atai,odot_operational_base_primary_health_centre,Router only,Ready,Moderately ready,Full solar system,
a0894eaa-1726-4119-ba0e-e8a31dc7356a,jigawa,babura,takwasa_primary_health_centre,Full solar system only,Not ready,Moderately ready,,Router
7748509b-1642-4fed-9b0e-80265c40e574,niger,tafa,ijah_gbagyi_basic_health_centre,Solar top-up + Network extension,Moderately ready,Ready,Solar top-up,Network Extension
019c789f-d200-49a5-b512-1ceb60cccffd,kano,minjibir,minjibir_health_post,Full solar system only,Not ready,Moderately ready,,Router
dd9439c5-ffa9-4dd7-bc77-e9c9ebb522c0,jigawa,gwaram,maruta_primary_health_centre,Full solar system only,Not ready,Moderately ready,,Router
d2a392f5-445e-4bda-8d1a-582493846194,kano,kano_minicipal_council,alfindiki_health_clinic,Full solar system only,Not ready,Moderately ready,,Router
80f6abf0-9110-42d7-8ad1-fdba0482fa27,adamawa,yola_north,moh_d_gambo_jimeta_health_centre,Full solar system only,Not ready,Moderately ready,,Router
9c371283-5458-4d5a-8b0c-4c7ea473aca3,kano,gwarzo,getso_maternal_and_child_primary_health_centre,Full solar system only,Not ready,Ready,Full solar system,
7bf6d61b-3c00-4e9f-aef9-9f21072a73db,kano,ajingi,gurduba_health_post,Router only,Ready,Moderately ready,Full solar system,Router
7bf6d61b-3c00-4e9f-aef9-9f21072a73db,kano,ajingi,gurduba_health_post,Full solar system only,Not ready,Moderately ready,Full solar system,Router
ecf8eea6-437f-429d-9a3b-0bb8a63015e7,akwa_ibom,ndung_uko,ukukudung_health_post,Full solar system only,Not ready,Moderately ready,Full solar system,Router
540d263c-8f15-490b-a552-c35caef94119,oyo,ibadan_south_west,isale_osi_primary_health_centre,Router only,Ready,Moderately ready,Solar top-up,Router
540d263c-8f15-490b-a552-c35caef94119,oyo,ibadan_south_west,isale_osi_primary_health_centre,Full solar system only,Not ready,Moderately ready,Solar top-up,Router
1c36414f-a536-45f3-86ce-f703d788ca2c,jigawa,kiyawa,balago_primary_health_centre,Full solar system only,Not ready,Moderately ready,,Router
7e5769a6-d719-4cce-8d76-424327b1ffe7,niger,katcha,edotsu_primary_health_centre,Router only,Ready,Moderately ready,Full solar system,Router
72261874-748d-4879-8a99-8c18873d33d8,akwa_ibom,nsit_ibom,oboetok_health_post,Router only,Ready,Moderately ready,Full solar system,Router
72261874-748d-4879-8a99-8c18873d33d8,akwa_ibom,nsit_ibom,oboetok_health_post,Full solar system only,Not ready,Moderately ready,Full solar system,Router
2f599a66-e88e-4c86-9611-0ed3e9e7af96,anambra,ekwusigo,nza_primary_health_centre,Router only,Ready,Moderately ready,Full solar system,Router
2f599a66-e88e-4c86-9611-0ed3e9e7af96,anambra,ekwusigo,nza_primary_health_centre,Full solar system only,Not ready,Moderately ready,Full solar system,Router
508191fc-1fa9-4a36-b3a4-c8c38f9fb4c7,anambra,oyi,ifite_awkuzu_primary_health_centre,Full solar system only,Not ready,Ready,,
f4a9fbf0-4295-4152-a303-902fd07b9c49,akwa_ibom,ibiono_ibom,ikot_adaidem_primary_health_centre,Router only,Ready,Moderately ready,Solar top-up,Router
f4a9fbf0-4295-4152-a303-902fd07b9c49,akwa_ibom,ibiono_ibom,ikot_adaidem_primary_health_centre,Full solar system only,Not ready,Moderately ready,Solar top-up,Router
5b754db7-6b0d-445d-a0a0-b3515e45ef6e,oyo,oyo_west,ladindin_health_centre,Router only,Ready,Moderately ready,Solar top-up,Router
5b754db7-6b0d-445d-a0a0-b3515e45ef6e,oyo,oyo_west,ladindin_health_centre,Full solar system only,Not ready,Moderately ready,Solar top-up,Router
a5d53bf8-acae-4ff0-95d3-88b0500c9f79,oyo,egbeda,wakajaye_primary_health_centre,Full solar system only,Not ready,Moderately ready,,Router
ee9524ec-62d5-449e-af01-34053c45d2e8,nasarawa,akwanga,gwanje_primary_health_centre,Router only,Ready,Moderately ready,Solar top-up,Router
ee9524ec-62d5-449e-af01-34053c45d2e8,nasarawa,akwanga,gwanje_primary_health_centre,Full solar system only,Not ready,Moderately ready,Solar top-up,Router
b9604e94-27de-4c3e-b149-547ce2de092a,anambra,anambra_east,eziagulu_o_t_u_primary_health_centre,Full solar system only,Not ready,Ready,,
8675d31c-5598-4e03-98cb-85772d3d2fc8,kano,gwarzo,sabon_birni_health_post,Full solar system only,Not ready,Ready,,
0a8a3e61-1db4-4fa4-8e4f-9026e173ef0d,kano,minjibir,gasgainu_health_post,Full solar system only,Not ready,Moderately ready,,Router
44b1beef-1143-4ea1-b173-00fb034bac7b,akwa_ibom,nsit_ibom,afaha_abia_health_centre,Full solar system only,Not ready,Moderately ready,Full solar system,Router
a06eeeef-64a8-423a-80f3-5ff80a985d48,jigawa,gwaram,zandam_tagabas_primary_health_centre,Full solar system only,Not ready,Moderately ready,,Router
e01bab0a-5b9a-485e-9284-8661fa50ac70,oyo,kajola,kajola_primary_health_centre_kajola,Full solar system only,Not ready,Moderately ready,,Router
3f830fc4-cf17-402b-9d92-9775745e17c9,kano,kano_minicipal_council,zubairiyya_health_clinic,Router only,Ready,Moderately ready,Full solar system,Router
3f830fc4-cf17-402b-9d92-9775745e17c9,kano,kano_minicipal_council,zubairiyya_health_clinic,Full solar system only,Not ready,Moderately ready,Full solar system,Router
c16084d4-44a9-4606-bff1-25547945082e,kano,minjibir,kankarawa_health_post,Full solar system only,Not ready,Moderately ready,,Router
4bc011bf-afe3-4052-a8b7-820756d0c85e,niger,shiroro,gussoro_primary_health_centre,Full solar system only,Not ready,Moderately ready,,Router
f2aeb76e-e55b-42db-8b3f-8c34f953682a,kano,ajingi,balare_primary_health_centre,Full solar system only,Not ready,Moderately ready,,Router
64da594a-549a-45f5-983c-b09809389729,nasarawa,akwanga,andaha_primary_health_centre,Full solar system only,Not ready,Moderately ready,,Router
116ec67d-510e-4118-bf79-1944303de01d,jigawa,kiyawa,fake_primary_health_centre,Full solar system only,Not ready,Moderately ready,,Router
3f1649e5-9c4e-4b0b-9e99-a444c1b2b312,anambra,ekwusigo,ozubulu_reeral_primary_health_centre,Full solar system only,Not ready,Moderately ready,Full solar system,Router
978e56c1-3b29-4dba-8935-8575319ca388,oyo,oyo_west,ladigbolu_health_centre,Router only,Ready,Moderately ready,Solar top-up,Router
978e56c1-3b29-4dba-8935-8575319ca388,oyo,oyo_west,ladigbolu_health_centre,Full solar system only,Not ready,Moderately ready,Solar top-up,Router
121b5fcd-a204-4e17-bb00-d5f8c9cb94c5,oyo,kajola,elero_primary_health_centre,Full solar system only,Not ready,Moderately ready,Full solar system,Router
fa8fe468-64d4-4499-8833-521db404d49f,akwa_ibom,eket,afaha_atai_health_post,Router only,Ready,Moderately ready,Full solar system,Router
fa8fe468-64d4-4499-8833-521db404d49f,akwa_ibom,eket,afaha_atai_health_post,Full solar system only,Not ready,Moderately ready,Full solar system,Router
7eef9afd-cfdc-4d7c-9a53-de3f19c5d629,nasarawa,akwanga,bayan_dutse_primary_health_centre,Full solar system only,Not ready,Moderately ready,,Router
da00ec86-69e0-47e1-8333-85a5aefc5b88,jigawa,gumel,duhuwa_primary_health_centre,Full solar system only,Not ready,Moderately ready,,Router
fb6aef6e-6039-4654-994a-af5656ba058a,niger,katcha,essa_primary_health_centre,Router only,Ready,Moderately ready,Full solar system,Router
fb6aef6e-6039-4654-994a-af5656ba058a,niger,katcha,essa_primary_health_centre,Full solar system only,Not ready,Moderately ready,Full solar system,Router
70afdb78-f01c-415d-b45d-0a5a3682b7a0,jigawa,gwaram,gwaram_primary_health_centre,Full solar system only,Not ready,Moderately ready,,Router
6ac8053f-4b9c-494b-a9f1-963e0eef13e2,kano,gwarzo,koya_health_post,Full solar system only,Not ready,Moderately ready,,Router
0b68517d-5cf1-4284-ab0c-e4c7f5db3fb9,oyo,kajola,agbagi_primary_health_centre,Full solar system only,Not ready,Moderately ready,,Router
d2563840-8e6a-4a4f-a658-712c6f460818,anambra,orumba_south,ugwuaro_primary_health_centre,Full solar system only,Not ready,Moderately ready,Full solar system,FibreX
3d54b1c1-302a-4552-8a28-780fb5d45638,kano,kano_minicipal_council,emirs_palace_health_clinic,Full solar system only,Not ready,Moderately ready,,Router
2e2dc8dc-d6a0-4a85-9957-7921ba81f110,oyo,ibadan_north_east,atipe_primary_health_centre,Router only,Ready,Moderately ready,Full solar system,Router
cd3ab469-6c56-466a-a579-7a5d876ccd71,nasarawa,lafia,shabu_maternal_and_child_health_centre,Router only,Ready,Moderately ready,Solar top-up,Router
cd3ab469-6c56-466a-a579-7a5d876ccd71,nasarawa,lafia,shabu_maternal_and_child_health_centre,Full solar system only,Not ready,Moderately ready,Solar top-up,Router
f5ed545b-92e7-4a4c-bb56-6846bd79f594,jigawa,kiyawa,tsirma_primary_health_centre,Full solar system only,Not ready,Moderately ready,Full solar system,Router
000f89aa-a784-47e6-bf41-afa3d7b7bf6c,anambra,ekwusigo,egbema_primary_health_centre,Full solar system only,Not ready,Moderately ready,,Router
f215a617-6473-4449-a31c-c0715f1f2b06,nasarawa,akwanga,nunku_primary_health_centre,Full solar system only,Not ready,Moderately ready,,Router
65283717-fb37-4f8c-8704-d976ab2a3a32,adamawa,madagali,pallam_maternal_and_child_health,Full solar system only,Not ready,Moderately ready,,Router
bf4f03ec-6c2b-4bbb-9e3c-9cb84df33bc9,adamawa,madagali,duhu_health_centre,Router only,Ready,Moderately ready,Full solar system,Router
bf4f03ec-6c2b-4bbb-9e3c-9cb84df33bc9,adamawa,madagali,duhu_health_centre,Full solar system only,Not ready,Moderately ready,Full solar system,Router
f8bfc822-0bab-4eb2-96e5-0850e36088fd,jigawa,babura,giginya_primary_health_centre,Full solar system only,Not ready,Moderately ready,Full solar system,Router
8a25daaa-6c8a-475f-9e65-e38fe2d19179,jigawa,babura,garu_primary_health_centre,Full solar system only,Not ready,Moderately ready,,Router
04dee7db-2e42-4062-898c-add84be5d9da,niger,rijau,warari_basic_health_centre,Router only,Ready,Moderately ready,Full solar system,Router
04dee7db-2e42-4062-898c-add84be5d9da,niger,rijau,warari_basic_health_centre,Full solar system only,Not ready,Moderately ready,Full solar system,Router
370a79a0-02dc-410c-8248-119d57242676,niger,rijau,cphc_shambo_primary_health_centre,Full solar system only,Not ready,Moderately ready,Full solar system,Router
5e51847c-91a6-41a0-ab37-98a1827a42de,adamawa,hong,munga_health_centre,Router only,Ready,Moderately ready,Full solar system,Router
5e51847c-91a6-41a0-ab37-98a1827a42de,adamawa,hong,munga_health_centre,Full solar system only,Not ready,Moderately ready,Full solar system,Router
e4c78cf5-756c-40a9-90b9-5595e65d5e5d,adamawa,hong,garaha_maternal_and_child_health,Full solar system only,Not ready,Moderately ready,,Router
a956f04b-ec99-4cf2-8d6d-3e49b99040ae,adamawa,hong,kala_a_primary_health_centre,Full solar system only,Not ready,Moderately ready,Full solar system,Router
81a1ed8b-f73c-4fa9-b8ea-ba349acbb2a3,adamawa,hong,kwakwaah_health_centre,Router only,Ready,Moderately ready,Full solar system,Router
81a1ed8b-f73c-4fa9-b8ea-ba349acbb2a3,adamawa,hong,kwakwaah_health_centre,Full solar system only,Not ready,Moderately ready,Full solar system,Router
c463c68b-bde2-4a66-8ed6-4582468fbc29,adamawa,hong,dilwachira_primary_health_centre,Full solar system only,Not ready,Moderately ready,Full solar system,Router
6f6e2298-b948-4874-9ded-49cf208b4c10,niger,katcha,ekugi_primary_health_centre,Router only,Ready,Moderately ready,Full solar system,Router
6f6e2298-b948-4874-9ded-49cf208b4c10,niger,katcha,ekugi_primary_health_centre,Full solar system only,Not ready,Moderately ready,Full solar system,Router
c02745a1-3f62-4de3-ae29-d63c068615c8,niger,agaie,magaji_primary_health_centre,Router only,Ready,Moderately ready,Full solar system,Router
76d043eb-a841-4f80-a588-76359af19144,kano,gezawa,gofaro_model_primary_health_centre,Full solar system only,Not ready,Moderately ready,,Router
7c79a0b7-3ec8-4492-a5ea-baa76fb19cc5,anambra,nnewi_south,ebe_primary_health_centre,Router only,Ready,Moderately ready,Full solar system,Router
93bc4f10-d37f-4afc-a033-53775a7fb30c,adamawa,shelleng,kiri_maternal_and_child_health,Router only,Ready,Moderately ready,Full solar system,Router
93bc4f10-d37f-4afc-a033-53775a7fb30c,adamawa,shelleng,kiri_maternal_and_child_health,Full solar system only,Not ready,Moderately ready,Full solar system,Router
320bbe31-4fc5-4f5b-a84a-ce11877512a2,jigawa,gwaram,fagam_primary_health_centre,Full solar system only,Not ready,Moderately ready,,Router
e85c2ca1-8a89-4c9a-ab9f-2047aa5ee701,jigawa,guri,kadira_primary_health_centre,Full solar system only,Not ready,Moderately ready,,Router
210d019d-f0cf-4ee9-89f6-42bcfadc2052,jigawa,guri,garbagal_primary_health_centre,Full solar system only,Not ready,Moderately ready,,Router
9584091c-2d10-487a-aeac-fd040a45d213,jigawa,guri,lafiya_primary_health_centre,Full solar system only,Not ready,Moderately ready,,Router
3b7c8840-21ae-4178-8784-9cc039cc5241,jigawa,guri,adiyani_primary_health_centre,Full solar system only,Not ready,Moderately ready,,Router
da5b3e19-de76-477f-8ae1-bd8e0995253b,jigawa,guri,margadu_primary_health_centre,Full solar system only,Not ready,Moderately ready,,Router
ecaa1a6d-16aa-4a97-ba45-5cb9f3342e5e,jigawa,kiyawa,garko_primary_health_centre,Full solar system only,Not ready,Moderately ready,,Router
55c234e5-aef3-42d4-b058-593060a0ccda,adamawa,mayo_belwa,mayo_belwa_primary_health_centre,Router only,Ready,Moderately ready,Full solar system,Router
55c234e5-aef3-42d4-b058-593060a0ccda,adamawa,mayo_belwa,mayo_belwa_primary_health_centre,Full solar system only,Not ready,Moderately ready,Full solar system,Router
65bf2997-a951-4e1b-b9c5-dec63c0bced4,adamawa,mayo_belwa,ndikong_primary_health_centre,Full solar system only,Not ready,Moderately ready,,Router
f1a7dc0c-d918-43b9-9ba1-b1c266004937,kano,bebeji,rahama_a_basic_health_centre,Full solar system only,Not ready,Ready,,
2363f2ab-f52a-417c-b04c-a6089a9421e7,kano,bebeji,gargai_health_post,Router only,Ready,Moderately ready,Full solar system,
c9f2e952-0e79-4098-986b-0effd06a6222,jigawa,kiyawa,katuka_primary_health_centre,Full solar system only,Not ready,Moderately ready,,Router
a56789b1-857a-454d-b3a1-b5f55a72a42b,jigawa,kiyawa,kwanda_primary_health_centre,Full solar system only,Not ready,Moderately ready,Full solar system,Router
2a6e0438-15b3-4e64-a371-56f19cdd2415,jigawa,auyo,gamafoi_primary_health_centre,Full solar system only,Not ready,Moderately ready,,Router
90074503-d9b2-4890-887c-e461c9e356db,kano,kiru,bargoni_health_post,Full solar system only,Not ready,Moderately ready,,FibreX
96afedca-ac99-4d4b-a142-c4b30bf9dc44,jigawa,gwiwa,firjin_yamma_primary_health_centre,Full solar system only,Not ready,Moderately ready,,Router
966eb41a-65ba-4a06-b2b9-23225cc07afe,jigawa,gwiwa,yola_primary_health_centre,Router only,Ready,Moderately ready,Full solar system,Router
966eb41a-65ba-4a06-b2b9-23225cc07afe,jigawa,gwiwa,yola_primary_health_centre,Full solar system only,Not ready,Moderately ready,Full solar system,Router
2ec62384-ae84-40ba-a00e-939fb6b7129e,jigawa,gwiwa,zauma_primary_health_centre,Full solar system only,Not ready,Moderately ready,,Router
35cd630b-fb73-4df8-a8c1-347ec5d36e52,nasarawa,kokona,amba_primary_health_centre,Full solar system only,Not ready,Moderately ready,,Router
66eefedd-8687-4036-9c71-a530344e9f81,akwa_ibom,eket,ebana_health_centre,Router only,Ready,Moderately ready,Solar top-up,Router
66eefedd-8687-4036-9c71-a530344e9f81,akwa_ibom,eket,ebana_health_centre,Full solar system only,Not ready,Moderately ready,Solar top-up,Router
3a829f58-68f2-4322-9f02-b72f0308d85c,jigawa,guri,zugo_primary_health_centre,Full solar system only,Not ready,Ready,Full solar system,
ac199618-b0df-40ec-a8da-8213b3b53689,jigawa,guri,dawa_primary_health_centre,Full solar system only,Not ready,Moderately ready,,Router
01d95536-778b-48f0-a4dc-678ac11dde6b,nasarawa,kokona,baissa_primary_health_centre,Router only,Ready,Moderately ready,Solar top-up,Router
01d95536-778b-48f0-a4dc-678ac11dde6b,nasarawa,kokona,baissa_primary_health_centre,Full solar system only,Not ready,Moderately ready,Solar top-up,Router
ce803672-1c03-4566-9135-ae89490f9884,kano,gwarzo,yarkasuwa_health_post,Full solar system only,Not ready,Moderately ready,Full solar system,Router
2f9b3597-b9a9-466c-bbe0-0ec3b46a41d3,adamawa,mubi_south,mugulbu_health_centre,Full solar system only,Not ready,Moderately ready,,Router
fc22a095-3429-441f-8579-4118ca2d25cb,kano,gabasawa,yama_health_post,Full solar system only,Not ready,Moderately ready,Full solar system,FibreX
8597ee26-d00d-497f-81b5-bc64f318587c,jigawa,auyo,gandun_kadir_primary_health_centre,Full solar system only,Not ready,Moderately ready,Full solar system,Router
17f55646-58eb-4fbf-9db0-c9638a8fca54,kano,gabasawa,yandake_health_post,Full solar system only,Not ready,Moderately ready,Full solar system,Router
70f129ea-faad-4700-9a6e-1144756a5a3e,kano,gabasawa,yumbu_health_post,Full solar system only,Not ready,Moderately ready,Full solar system,Router
bf8140d6-8386-46de-94fb-da02a02120ce,akwa_ibom,ibiono_ibom,ikot_esen_model_health_centre,Full solar system only,Not ready,Moderately ready,,Router
0d9373d0-66bc-40da-88d4-cafce95d3440,akwa_ibom,ibiono_ibom,okopedi_use_health_centre,Full solar system only,Not ready,Moderately ready,,Router
36efd219-17ad-444f-95c2-5a802e69cfff,jigawa,kiyawa,andaza_primary_health_centre,Full solar system only,Not ready,Moderately ready,,Router
89ec8642-3813-405c-9499-25c44bc0f4e4,anambra,idemili_north,uru_ogidi_primary_health_centre,Full solar system only,Not ready,Ready,Full solar system,
2c3a1c4a-8870-4069-ade8-28c8bbd60468,anambra,aguata,akpo_primary_health_centre,Full solar system only,Not ready,Moderately ready,,Router
3344c692-09fd-4f5d-95c3-4e6e4c2ebcec,anambra,idemili_north,umuoji_primary_health_centre,Full solar system only,Not ready,Moderately ready,Solar top-up,FibreX
b86e7ed6-e0df-4aca-937a-525508d2953f,anambra,idemili_north,uke_primary_health_centre,Full solar system only,Not ready,Ready,,
67eac0f5-0989-4cf0-94cd-a1e8de243398,anambra,idemili_south,ojoto_uno_primary_health_centre,Full solar system only,Not ready,Moderately ready,,FibreX
10fb9c68-5f14-4ad9-a58c-6819dc5a9173,kano,ungogo,zaura_babba_primary_health_centre,Full solar system only,Not ready,Moderately ready,Full solar system,Router
7112847b-1662-4e9c-8a38-d313062aea1b,kano,garun_malam,yanaba_health_post,Router only,Ready,Moderately ready,Full solar system,
7112847b-1662-4e9c-8a38-d313062aea1b,kano,garun_malam,yanaba_health_post,Full solar system only,Not ready,Ready,Full solar system,
5b2023aa-b753-4095-8727-1265f831c7d8,jigawa,gwaram,galambi_primary_health_centre,Full solar system only,Not ready,Moderately ready,,Router
0108f6ff-4947-4172-8927-e1433729df54,akwa_ibom,uyo,ikot_ebo_health_centre_uyo,Router only,Ready,Moderately ready,Full solar system,Router
0108f6ff-4947-4172-8927-e1433729df54,akwa_ibom,uyo,ikot_ebo_health_centre_uyo,Full solar system only,Not ready,Moderately ready,Full solar system,Router
7bde8bcb-ef4b-4e16-b34a-e7cd3885f8f3,kano,nassarawa,hotoro_north_primary_health_centre,Full solar system only,Not ready,Ready,,
605b8be8-f645-4c17-9d1c-a2512aac3904,kano,gezawa,tsamiya_babba_primary_health_centre,Router only,Ready,Moderately ready,Full solar system,Router
605b8be8-f645-4c17-9d1c-a2512aac3904,kano,gezawa,tsamiya_babba_primary_health_centre,Full solar system only,Not ready,Moderately ready,Full solar system,Router
a6e3e059-ac22-4e77-b768-27047e194180,anambra,orumba_north,okpeze_primary_health_centre,Full solar system only,Not ready,Moderately ready,Full solar system,FibreX
029e6197-65ff-48b9-be0e-cefd16c964c0,jigawa,auyo,gasanya_primary_health_centre,Full solar system only,Not ready,Moderately ready,Full solar system,Router
a7c6d799-4102-44ac-a078-32059513ff3f,adamawa,fufore,pariya_health_centre,Full solar system only,Not ready,Moderately ready,,Router
138fb6ac-af39-4485-b8e4-fb8862797843,kano,ungogo,sabon_garin_rangaza_health_clinic,Full solar system only,Not ready,Moderately ready,Solar top-up,FibreX
87b8a5b5-575d-48e4-bfd4-b569066797b3,niger,bida,bangbara_primary_health_centre,Full solar system only,Not ready,Moderately ready,,Router
bafd39cb-e4ac-4dc2-ab80-eb64dc6da253,anambra,nnewi_south,akwaihedi_primary_health_centre,Full solar system only,Not ready,Ready,Full solar system,
cf8424bc-5753-497b-988a-6761f6bd3e9f,jigawa,gumel,bekarya_primary_health_centre,Full solar system only,Not ready,Moderately ready,,Router
989461ac-81e0-4123-b74f-a8acab30eff6,oyo,ibadan_north_west,ogunpa_primary_health_centre,Full solar system only,Not ready,Moderately ready,,Router
43641b51-9504-4b54-806e-8acb86ebb707,adamawa,maiha,pakka_health_centre,Full solar system only,Not ready,Moderately ready,,Router
738484f0-f1d2-45fc-8261-816d71f3b426,kano,bichi,danzabuwa_model_primary_health_centre,Full solar system only,Not ready,Moderately ready,Solar top-up,FibreX
a57dbfe8-9818-4789-b727-71c87e1f40cf,jigawa,taura,ajaura_primary_health_centre,Full solar system only,Not ready,Moderately ready,,Router
511c9075-33f4-44ee-b44d-c99d357b2a57,jigawa,taura,chakwaikwaiwa_primary_health_centre,Full solar system only,Not ready,Moderately ready,,Router
c7d2baa7-da00-404e-8861-fd00b0b36350,akwa_ibom,nsit_ibom,ikot_nya_health_post,Full solar system only,Not ready,Moderately ready,Full solar system,Router
ae6cd9d2-9807-46dc-8e62-41b04eb0078c,nasarawa,keana,gidan_dogo_primaryhealth_clinic,Full solar system only,Not ready,Moderately ready,Full solar system,Router
6b6f67ad-02cf-4504-8884-3448a7a71ac3,kano,garun_malam,garun_babba_primary_health_centre,Full solar system only,Not ready,Ready,,
1b2e2e74-9322-463e-9050-0c1942e49216,niger,tafa,angwan_hausawa_primary_health_centre,FibreX only,Ready,Moderately ready,,Router
1b2e2e74-9322-463e-9050-0c1942e49216,niger,tafa,angwan_hausawa_primary_health_centre,Full solar system only,Not ready,Moderately ready,,Router
275de167-e976-4fd9-aacf-ba4f3b9ece30,kano,rimin_gado,doka_dawa_health_post,Full solar system only,Not ready,Ready,,
e10caf5b-4a07-4e09-a4d3-bd6e30cd1873,kano,gezawa,abasawa_basic_health_clinic,Full solar system only,Not ready,Moderately ready,,Router
fae6e200-b656-4c0a-b916-e4d4853a6778,adamawa,fufore,wuro_bokki_health_centre,Full solar system only,Not ready,Moderately ready,,Router
eacb60fc-6b21-4c55-9e98-1cdd800c20f1,kano,ungogo,dantamashe_primary_health_centre,Full solar system only,Not ready,Ready,Full solar system,
3dd7ee2d-5ed1-4b83-931d-cba4bc5ebcd9,niger,agaie,loguma_primary_health_centre,Router only,Ready,Moderately ready,Full solar system,Router
3dd7ee2d-5ed1-4b83-931d-cba4bc5ebcd9,niger,agaie,loguma_primary_health_centre,Full solar system only,Not ready,Moderately ready,Full solar system,Router
68b59a59-ccbb-41b5-aee5-2871becc6e57,niger,mashegu,bakwai_bakwai_primary_health_centre,Router only,Ready,Moderately ready,Solar top-up,Router
68b59a59-ccbb-41b5-aee5-2871becc6e57,niger,mashegu,bakwai_bakwai_primary_health_centre,Full solar system only,Not ready,Moderately ready,Solar top-up,Router
a6e0ff7a-8dde-4954-ad26-7d2c2a3490f7,niger,mashegu,rh_sahonrami_primary_health_centre,Router only,Ready,Moderately ready,Solar top-up,Router
a6e0ff7a-8dde-4954-ad26-7d2c2a3490f7,niger,mashegu,rh_sahonrami_primary_health_centre,Full solar system only,Not ready,Moderately ready,Solar top-up,Router
c519f438-b63a-49f8-a922-dc2c246a15fc,anambra,anambra_east,nsugbe_primary_health_centre,Router only,Ready,Moderately ready,Full solar system,Router
c519f438-b63a-49f8-a922-dc2c246a15fc,anambra,anambra_east,nsugbe_primary_health_centre,Full solar system only,Not ready,Moderately ready,Full solar system,Router
5a73204e-0790-49af-a8a6-d91a9cf627d5,oyo,kajola,ayetoro_oke_primary_health_centre,Full solar system only,Not ready,Moderately ready,,Router
a3e628e8-0a6e-44dd-93dd-a2fc4e63e8a3,oyo,atisbo,tede_primary_health_centre,Full solar system only,Not ready,Moderately ready,,Router
214173c5-fe33-446f-9976-88f509b93bca,oyo,saki_west,ogidigbo_primary_health_centre,Router only,Ready,Moderately ready,Full solar system,Router
214173c5-fe33-446f-9976-88f509b93bca,oyo,saki_west,ogidigbo_primary_health_centre,Full solar system only,Not ready,Moderately ready,Full solar system,Router
9a149bae-8df7-48e3-899f-817d63c0891f,akwa_ibom,ikot_abasi,ikot_akan_primary_health_centre,Full solar system only,Not ready,Moderately ready,,Router
fe74bc70-20cf-4d50-83f5-da7dcc146a8f,adamawa,mayo_belwa,ribadu_primary_health_centre_mayo,Router only,Ready,Moderately ready,Full solar system,Router
fe74bc70-20cf-4d50-83f5-da7dcc146a8f,adamawa,mayo_belwa,ribadu_primary_health_centre_mayo,Full solar system only,Not ready,Moderately ready,Full solar system,Router
028e280f-c3b7-46ee-8222-f2f915c14ef4,kano,warawa,alitini_health_post,Router only,Ready,Moderately ready,Solar top-up,Router
028e280f-c3b7-46ee-8222-f2f915c14ef4,kano,warawa,alitini_health_post,Full solar system only,Not ready,Moderately ready,Solar top-up,Router
e3dbb898-6fa4-411f-aacb-0a044d5a4968,kano,warawa,amarawa_health_post,Router only,Ready,Moderately ready,Full solar system,Router
e3dbb898-6fa4-411f-aacb-0a044d5a4968,kano,warawa,amarawa_health_post,Full solar system only,Not ready,Moderately ready,Full solar system,Router
5e2cb325-dc6f-40ef-917a-312b63e8e9de,akwa_ibom,nsit_ibom,mbiaso_primary_health_centre,Router only,Ready,Moderately ready,Full solar system,Router
5e2cb325-dc6f-40ef-917a-312b63e8e9de,akwa_ibom,nsit_ibom,mbiaso_primary_health_centre,Full solar system only,Not ready,Moderately ready,Full solar system,Router
3b7c5c25-8a00-42f0-a0b1-8e3607a6b643,kano,warawa,imawa_health_post_warawa,Full solar system only,Not ready,Moderately ready,Full solar system,Router
34a7101a-2a01-444c-a9d0-9172a7fcc869,niger,bida,gbogbontigi_primary_health_centre,Full solar system only,Not ready,Moderately ready,Full solar system,FibreX
79a93a8e-7d39-4b33-8101-1c6e8988a82d,niger,bida,n_abubakar_primary_health_centre,Router only,Ready,Moderately ready,Full solar system,
79a93a8e-7d39-4b33-8101-1c6e8988a82d,niger,bida,n_abubakar_primary_health_centre,Full solar system only,Not ready,Ready,Full solar system,
e12bb043-b832-42f9-8105-939e507eea64,niger,bida,kpotu_manko_primary_health_centre,Router only,Ready,Moderately ready,Full solar system,
e12bb043-b832-42f9-8105-939e507eea64,niger,bida,kpotu_manko_primary_health_centre,Full solar system only,Not ready,Ready,Full solar system,
93bd412e-94eb-4002-9ef0-7344b9a9705b,niger,bida,kangi_primary_health_centre,Router only,Ready,Moderately ready,Full solar system,
93bd412e-94eb-4002-9ef0-7344b9a9705b,niger,bida,kangi_primary_health_centre,Full solar system only,Not ready,Ready,Full solar system,
dee7957d-8567-4769-8483-fe2eb112e4b0,niger,bida,efulubasa_primary_health_centre,Full solar system only,Not ready,Moderately ready,Full solar system,FibreX
609aae70-e722-4a41-b801-4f85f51f897a,jigawa,kafin_hausa,kwatalo_primary_health_centre,Full solar system only,Not ready,Moderately ready,,Router
83a22f17-69af-4da5-b9a1-49df150264b9,jigawa,kafin_hausa,jabo_primary_health_centre,Full solar system only,Not ready,Moderately ready,,Router
b1c07792-75c1-4f03-910d-60d219469ec9,oyo,lagelu,molunkan_health_centre,Router only,Ready,Moderately ready,Solar top-up,Router
b1c07792-75c1-4f03-910d-60d219469ec9,oyo,lagelu,molunkan_health_centre,Full solar system only,Not ready,Moderately ready,Solar top-up,Router
719d6fb6-accb-4007-96a7-6b4684f745d5,kano,nassarawa,giginyu_basic_health_clinic,Full solar system only,Not ready,Moderately ready,,Router
9975efda-8c92-4d08-89c7-10e5d45f9804,anambra,orumba_north,ajali_maternal_and_child_health,Full solar system only,Not ready,Moderately ready,Full solar system,Router
7c9968ec-b825-4744-a0ad-8bce7dda7b2c,kano,kiru,kyarana_health_post,Router only,Ready,Moderately ready,Full solar system,Router
7c9968ec-b825-4744-a0ad-8bce7dda7b2c,kano,kiru,kyarana_health_post,Full solar system only,Not ready,Moderately ready,Full solar system,Router
002519f2-f9ac-47a0-b61e-dd8de0776d3f,akwa_ibom,eket,esit_urua_health_post,Full solar system only,Not ready,Moderately ready,Full solar system,Router
bce53b79-509f-4811-a5df-af1fdf15529a,akwa_ibom,eket,mkpok_model_health_centre,Full solar system only,Not ready,Moderately ready,,Router
c10e6aeb-79b0-4e8b-87d0-470995060804,jigawa,gwaram,kondiko_primary_health_centre,Full solar system only,Not ready,Moderately ready,,FibreX
173db2fc-ecab-49b3-abd4-25ac179be09a,niger,lapai,saminaka_primary_health_centre,Router only,Ready,Moderately ready,Full solar system,Router
173db2fc-ecab-49b3-abd4-25ac179be09a,niger,lapai,saminaka_primary_health_centre,Full solar system only,Not ready,Moderately ready,Full solar system,Router
092e37c1-1f71-4f07-9e3a-792a52801ea6,kano,ungogo,gayawa_basic_health_clinic,Full solar system only,Not ready,Ready,,
1b12426c-d646-4508-ad27-f6fe61a017a1,kano,garun_malam,kadawa_ciki_health_post,Full solar system only,Not ready,Moderately ready,Full solar system,Router
0a296414-4a17-47bf-984e-a6abc7df9de3,niger,bosso,maitumbi_child_health_primary_health_centre_maternity_centre,Full solar system only,Not ready,Moderately ready,,Router
c958abfc-ce44-43d8-bb3d-cc21c704ac91,akwa_ibom,uyo,mbak_etoi_health_centre,Router only,Ready,Moderately ready,Full solar system,Router
c958abfc-ce44-43d8-bb3d-cc21c704ac91,akwa_ibom,uyo,mbak_etoi_health_centre,Full solar system only,Not ready,Moderately ready,Full solar system,Router
fba89bb5-4763-4969-b9e3-e25a3fd23679,adamawa,mayo_belwa,genle_primary_health_centre,Router only,Ready,Moderately ready,Full solar system,Router
fba89bb5-4763-4969-b9e3-e25a3fd23679,adamawa,mayo_belwa,genle_primary_health_centre,Full solar system only,Not ready,Moderately ready,Full solar system,Router
bac30ca4-76c3-4ef6-b1cf-e42d34360c32,niger,lavun,kotugi_dadi_primary_health_centre,Router only,Ready,Moderately ready,Full solar system,Router
bac30ca4-76c3-4ef6-b1cf-e42d34360c32,niger,lavun,kotugi_dadi_primary_health_centre,Full solar system only,Not ready,Moderately ready,Full solar system,Router
4216b506-d6dd-415c-8522-79cfd6446fb5,oyo,kajola,isemi_ile_primary_health_centre,Full solar system only,Not ready,Moderately ready,,Router
76816b3e-57a8-4348-b217-28284b5e334d,oyo,akinyele,oy_aroro_primary_health_centre,Full solar system only,Not ready,Moderately ready,,Router
2e958d74-3f47-42e0-8d75-cf5156e63202,kano,gezawa,babawa_model_primary_health_centre,Full solar system only,Not ready,Moderately ready,,Router
7342aa89-0502-49a4-87ca-029dc2ed64ac,oyo,ibarapa_central,idere_primary_health_centre,Full solar system only,Not ready,Moderately ready,,Router
7bdfd98d-a085-4317-989f-841edfaeac23,nasarawa,obi,kyakale_primary_health_centre,Full solar system only,Not ready,Moderately ready,,Router
be089d88-33ec-4345-83e8-328df7019eb7,anambra,orumba_north,awa_primary_health_centre_mphc,Full solar system only,Not ready,Moderately ready,Full solar system,Router
c9d8447e-e7bd-467c-bc9b-afccb9f4a918,oyo,ibadan_north_west,koseunti_primary_health_centre,Router only,Ready,Moderately ready,Full solar system,Router
0e99eadd-90b3-4c79-b54f-bb4ff6f48bdd,jigawa,babura,kuzunzumi_primary_health_centre,Full solar system only,Not ready,Moderately ready,,Router
fdff902d-36ea-4844-8c81-dfed0bf8f2d8,kano,madobi,akilu_memorial_primary_health_centre,Full solar system only,Not ready,Moderately ready,,FibreX
c3b0588b-6b14-467b-af8b-f633e73c7623,kano,garun_malam,jobawa_sabon_gari_health_post,Full solar system only,Not ready,Moderately ready,Full solar system,FibreX
bcc91524-e34e-4416-97e1-8adefe543278,niger,tafa,karfe_primary_health_centre,Router only,Ready,Moderately ready,Full solar system,Router
bcc91524-e34e-4416-97e1-8adefe543278,niger,tafa,karfe_primary_health_centre,Full solar system only,Not ready,Moderately ready,Full solar system,Router
7f428379-4102-408e-b632-363d6956a122,kano,ungogo,panisau_health_clinic,Full solar system only,Not ready,Ready,Full solar system,
705fe038-7e5f-4c0d-8f2b-b9ba0a6adfc8,akwa_ibom,ukanafun,ikot_oku_usung_health_post,Router only,Ready,Moderately ready,Full solar system,Router
705fe038-7e5f-4c0d-8f2b-b9ba0a6adfc8,akwa_ibom,ukanafun,ikot_oku_usung_health_post,Full solar system only,Not ready,Moderately ready,Full solar system,Router
08e6f409-8c54-465c-ba90-60ea1826770b,akwa_ibom,ukanafun,utu_nsekhe_health_centre,Router only,Ready,Moderately ready,Full solar system,Router
08e6f409-8c54-465c-ba90-60ea1826770b,akwa_ibom,ukanafun,utu_nsekhe_health_centre,Full solar system only,Not ready,Moderately ready,Full solar system,Router
a1e43feb-7efc-4220-8324-9c56b4a67751,niger,agaie,fogbe_primary_health_centre,Full solar system only,Not ready,Moderately ready,,Router
4bfb3137-9b56-4ecb-80c0-8ee51e055006,nasarawa,keana,giza_primary_health_centre,Full solar system only,Not ready,Moderately ready,,Router
08cf7f8b-37ab-4076-bd4c-45eb2a3a3da1,jigawa,gumel,hammado_primary_health_centre,Full solar system only,Not ready,Moderately ready,Full solar system,Router
6e07d3a4-8df1-4028-942e-691d66b9384c,kano,bagwai,abbas_primary_health_centre,Full solar system only,Not ready,Moderately ready,,Router
95bc793e-fdf3-4efb-bcf3-bf3eb15a8080,kano,nassarawa,sauna_kawaji_primary_health_centre,Full solar system only,Not ready,Moderately ready,,Router
785a6a42-2803-46ce-b291-98b89652fb29,anambra,aguata,oye_achina_primary_health_centre,Router only,Ready,Moderately ready,Full solar system,Router
785a6a42-2803-46ce-b291-98b89652fb29,anambra,aguata,oye_achina_primary_health_centre,Full solar system only,Not ready,Moderately ready,Full solar system,Router
af1a4d7a-08b6-4e04-a63c-e5d87d112a4d,jigawa,gwaram,basirka_primary_health_centre,Full solar system only,Not ready,Moderately ready,,Router
8f9f479e-c988-4f7e-a25d-4917b24684f8,niger,bosso,bosso_primary_health_centre,Full solar system only,Not ready,Moderately ready,,Router
7a63a239-1c38-4493-97f7-345f70aa2309,kano,ungogo,ungogo_primary_health_centre,Full solar system only,Not ready,Moderately ready,,FibreX
c6161fb3-2a8e-45a1-8059-56df84b29ee4,akwa_ibom,uyo,aka_offot_health_centre,Router only,Ready,Moderately ready,Full solar system,Router
c6161fb3-2a8e-45a1-8059-56df84b29ee4,akwa_ibom,uyo,aka_offot_health_centre,Full solar system only,Not ready,Moderately ready,Full solar system,Router
c38ae8e7-e624-4b73-9ad9-f0b4ff629367,niger,shiroro,kuta_maternal_and_child_health,FibreX only,Ready,Moderately ready,,Router
c38ae8e7-e624-4b73-9ad9-f0b4ff629367,niger,shiroro,kuta_maternal_and_child_health,Full solar system only,Not ready,Moderately ready,,Router
0262b28c-c631-41c3-ac02-986a3250ea36,kano,kabo,malam_gajere_primary_health_centre,Full solar system only,Not ready,Ready,,
c29f946d-386c-4470-98e3-069ba87ae68b,nasarawa,lafia,mararaba_akunza_primary_health_centre,Router only,Ready,Moderately ready,Full solar system,Router
c29f946d-386c-4470-98e3-069ba87ae68b,nasarawa,lafia,mararaba_akunza_primary_health_centre,Full solar system only,Not ready,Moderately ready,Full solar system,Router
73d4c963-aaff-47bd-8d28-0961e2dbcf41,anambra,orumba_north,umunebo_ufuma_primary_health_centre,Full solar system only,Not ready,Moderately ready,,Router
655bb5ef-9026-411d-9cc6-12c3a08dccd9,nasarawa,akwanga,wamba_road_primary_health_centre,Full solar system only,Not ready,Moderately ready,,Router
2550d62a-42c5-4929-bf8a-315a5511bd70,oyo,kajola,gbonje_primary_health_centre,Full solar system only,Not ready,Moderately ready,,Router
7c86c71e-0c4d-4a16-ae5e-0497942f3ff7,oyo,ogbomosho_south,aromole_model_primary_health_centre,Full solar system only,Not ready,Moderately ready,,Router
96ddca97-8a68-4914-a31e-4e1446acc885,kano,rimin_gado,butu_butu_model_primary_health_centre,Full solar system only,Not ready,Ready,,
a5fb07e6-8bf5-4ca3-ad19-3c7748d0efac,kano,madobi,gora_health_post,Full solar system only,Not ready,Moderately ready,,FibreX
663c6c75-aac3-4f44-bbf6-7cc1a97ec750,anambra,anaocha,adazi_nnukwu_1_primary_health_centre,Full solar system only,Not ready,Ready,,
ad870352-7cd2-4146-a45d-e593d137268d,akwa_ibom,etinan,iwo_etor_health_centre,Full solar system only,Not ready,Moderately ready,Full solar system,Router
53851583-7127-44c9-a543-5afa66769e20,kano,bagwai,wuro_bagga_model_primary_health_centre,Full solar system only,Not ready,Moderately ready,,Router
b4528a8b-73fb-4440-acab-82c8da257b36,kano,garun_malam,garun_malan_basic_health_clinic,Router only,Ready,Moderately ready,Full solar system,
b4528a8b-73fb-4440-acab-82c8da257b36,kano,garun_malam,garun_malan_basic_health_clinic,Full solar system only,Not ready,Ready,Full solar system,
2220c234-5ed3-407b-9a41-c71c6c630f96,kano,ungogo,kadawa_basic_health_clinic,Full solar system only,Not ready,Ready,Full solar system,
fbe76560-d747-4d50-b0b0-a358cc5f54c3,anambra,orumba_south,umunebo_ogbunka_primary_health_centre,Full solar system only,Not ready,Ready,,
32dd9972-862d-4c35-b6da-df6d7c39e5ea,adamawa,guyuk,dangir_primary_health_centre,Router only,Ready,Moderately ready,Full solar system,Router
32dd9972-862d-4c35-b6da-df6d7c39e5ea,adamawa,guyuk,dangir_primary_health_centre,Full solar system only,Not ready,Moderately ready,Full solar system,Router
ebeecbac-7af9-416c-979c-1a7eb5bdb2fc,adamawa,fufore,farang_health_centre,Full solar system only,Not ready,Moderately ready,,Router
e2dbe72a-ce42-4c70-aa08-3dce9fc237ba,kano,bichi,waire_health_post,Full solar system only,Not ready,Ready,,
f955bc67-2850-4a16-90f3-d6fb85a53da1,oyo,lagelu,apatere_primary_health_centre,Router only,Ready,Moderately ready,Solar top-up,Router
f955bc67-2850-4a16-90f3-d6fb85a53da1,oyo,lagelu,apatere_primary_health_centre,Full solar system only,Not ready,Moderately ready,Solar top-up,Router
3da9d5c2-a2a1-4840-9528-52159125aaaa,kano,garun_malam,yadakwari_basic_health_clinic,Full solar system only,Not ready,Moderately ready,Full solar system,FibreX
32509967-afe9-4cd0-b571-8f451cd75f1c,niger,tafa,gauraka_model_primary_health_centre,FibreX only,Ready,Moderately ready,,Router
32509967-afe9-4cd0-b571-8f451cd75f1c,niger,tafa,gauraka_model_primary_health_centre,Full solar system only,Not ready,Moderately ready,,Router
320b54a0-6b3c-47e3-ae10-d5fc6707cfc4,kano,madobi,kafin_agur_basic_health_clinic,Full solar system only,Not ready,Moderately ready,,FibreX
212bca76-70cd-4363-8391-d0a7ebdb186b,oyo,ibarapa_central,kondo_health_centre,Full solar system only,Not ready,Moderately ready,Full solar system,Router
ed0c162f-4dd6-4b41-9473-3f5639ffb4e1,nasarawa,obi,angwan_sule_primary_health_centre,Router only,Ready,Moderately ready,Full solar system,Router
ed0c162f-4dd6-4b41-9473-3f5639ffb4e1,nasarawa,obi,angwan_sule_primary_health_centre,Full solar system only,Not ready,Moderately ready,Full solar system,Router
a4bd0bb3-4e1d-45d8-a0bc-a6219a021056,kano,nassarawa,dawakin_dakata_primary_health_centre,Full solar system only,Not ready,Moderately ready,,Router
5346c3fb-f424-49a3-b4f8-6a46182b50c0,kano,rimin_gado,rimin_gado_comprehensive_health_centre,Full solar system only,Not ready,Ready,,
1c41a4d7-3752-4f54-bbec-e70bbe3906a6,jigawa,dutse,wurma_primary_health_centre,Full solar system only,Not ready,Moderately ready,,Router
670785f3-22f6-465f-9bd3-565f2030d50b,oyo,kajola,bode_primary_health_centre_kajola,Full solar system only,Not ready,Moderately ready,,Router
1c02a742-1050-455a-bcde-d3f1a8802742,oyo,ibadan_south_east,owode_primary_health_centre_se,Router only,Ready,Moderately ready,Full solar system,Router
1c02a742-1050-455a-bcde-d3f1a8802742,oyo,ibadan_south_east,owode_primary_health_centre_se,Full solar system only,Not ready,Moderately ready,Full solar system,Router
9336ce8d-ecad-4dea-9b68-e50e5b6cef50,adamawa,guyuk,bodeno_health_centre,Router only,Ready,Moderately ready,Solar top-up,Router
9336ce8d-ecad-4dea-9b68-e50e5b6cef50,adamawa,guyuk,bodeno_health_centre,Full solar system only,Not ready,Moderately ready,Solar top-up,Router
26ab90d9-370b-4ada-86a8-a764ff65d784,akwa_ibom,uruan,ibikpe_health_post,Router only,Ready,Moderately ready,Solar top-up,Router
26ab90d9-370b-4ada-86a8-a764ff65d784,akwa_ibom,uruan,ibikpe_health_post,Full solar system only,Not ready,Moderately ready,Solar top-up,Router
25f8a0dd-23eb-469d-a8f0-86ce8d9af167,kano,ungogo,bachirawa_basic_health_clinic,Full solar system only,Not ready,Ready,Full solar system,
8b8ced24-4a8f-4dab-bf80-4ea0b67b9d04,anambra,orumba_north,enugu_abo_primary_health_centre,Router only,Ready,Moderately ready,Full solar system,Router
8b8ced24-4a8f-4dab-bf80-4ea0b67b9d04,anambra,orumba_north,enugu_abo_primary_health_centre,Full solar system only,Not ready,Moderately ready,Full solar system,Router
e2aa0af9-c969-4924-8309-7b01f7b85dfe,anambra,orumba_south,ogbunka_primary_health_centre,Full solar system only,Not ready,Ready,,
29073392-a3ca-4ca0-a735-96e269cd5512,jigawa,gwaram,rabadi_primary_health_centre,Full solar system only,Not ready,Moderately ready,,FibreX
31618148-b939-4165-9ba6-83ebc4fff002,niger,chanchaga,dutsen_k_gwari_primary_health_centre,Router only,Ready,Moderately ready,Full solar system,Router
31618148-b939-4165-9ba6-83ebc4fff002,niger,chanchaga,dutsen_k_gwari_primary_health_centre,Full solar system only,Not ready,Moderately ready,Full solar system,Router
c5e99369-45b2-41cd-83a4-b893307116dc,oyo,ogbomosho_north,osupa_primary_health_centre,Full solar system only,Not ready,Moderately ready,,Router
bded42b2-c9bf-44ea-8b85-4ec995138dda,akwa_ibom,uruan,ifianyong_obot_health_post,Full solar system only,Not ready,Moderately ready,Full solar system,Router
7f151492-4736-4772-b9df-792e4109c18f,oyo,oyo_west,pakoyi_health_centre,Full solar system only,Not ready,Moderately ready,,Router
8763cbe2-58f7-4651-af98-52d8daeae1e0,nasarawa,toto,gadabuke_town_primary_health_centre,Full solar system only,Not ready,Moderately ready,,Router
db9a852c-0c98-4d05-bf66-d10dc2716f14,niger,lavun,jima_primary_health_centre,Full solar system only,Not ready,Moderately ready,,Router
e5ab25d4-8de5-4c02-854a-4e0bddd0f537,kano,kiru,bauda_health_post,Router only,Ready,Moderately ready,Full solar system,
3a6f5fd0-596f-4255-8c64-38a48841c020,niger,kontagora,central_primary_health_centre,Router only,Ready,Moderately ready,Full solar system,Router
f4b3fe0e-7133-47b5-b1c3-9b6d04264a2f,niger,kontagora,mai_dubu_primary_health_centre,FibreX only,Ready,Moderately ready,,Router
f4b3fe0e-7133-47b5-b1c3-9b6d04264a2f,niger,kontagora,mai_dubu_primary_health_centre,Full solar system only,Not ready,Moderately ready,,Router
ae42fee4-5342-486b-ad4e-1e6c84ed913e,niger,kontagora,tukura_primary_health_centre,Router only,Ready,Moderately ready,Full solar system,Router
ae42fee4-5342-486b-ad4e-1e6c84ed913e,niger,kontagora,tukura_primary_health_centre,Full solar system only,Not ready,Moderately ready,Full solar system,Router
04fbacd7-c5b3-4d31-8e2a-224c1b2478da,nasarawa,akwanga,rinze_primary_health_centre,Full solar system only,Not ready,Moderately ready,,Router
a2b75e93-32c4-450d-8057-b8e27f2b3fd2,nasarawa,obi,obi_2_primary_health_centre,Router only,Ready,Moderately ready,Full solar system,Router
a2b75e93-32c4-450d-8057-b8e27f2b3fd2,nasarawa,obi,obi_2_primary_health_centre,Full solar system only,Not ready,Moderately ready,Full solar system,Router
aded3965-9c74-4670-8074-a80325c5119e,jigawa,babura,batali_primary_health_centre,Full solar system only,Not ready,Moderately ready,,Router
ea7a2d40-c6eb-4ff1-a198-b7b36762eef0,kano,ungogo,tudun_fulani_primary_health_centre,Full solar system only,Not ready,Moderately ready,,FibreX
441f6a06-983c-4842-9101-987700a3b296,adamawa,mayo_belwa,bajama_primary_health_centre,Router only,Ready,Moderately ready,Full solar system,Router
441f6a06-983c-4842-9101-987700a3b296,adamawa,mayo_belwa,bajama_primary_health_centre,Full solar system only,Not ready,Moderately ready,Full solar system,Router
01e490bf-ac45-46d3-b1ee-b44bc997f557,kano,bunkure,gafan_health_post,Full solar system only,Not ready,Moderately ready,Full solar system,Router
6aeaceb0-3637-409b-9efc-c0ba9b53fb63,anambra,aguata,amesi_primary_health_centre,Router only,Ready,Moderately ready,Full solar system,Router
6aeaceb0-3637-409b-9efc-c0ba9b53fb63,anambra,aguata,amesi_primary_health_centre,Full solar system only,Not ready,Moderately ready,Full solar system,Router
3085d97a-a8bd-481c-98cd-c41817472529,kano,gaya,gamarya_health_clinic,Router only,Ready,Moderately ready,Full solar system,Router
3085d97a-a8bd-481c-98cd-c41817472529,kano,gaya,gamarya_health_clinic,Full solar system only,Not ready,Moderately ready,Full solar system,Router
3dc42047-34be-4ec1-be2a-db8175de0b75,oyo,kajola,ijo_primary_health_centre,Full solar system only,Not ready,Moderately ready,,Router
d42ffa3f-db6c-4841-9e06-c1813f070ffa,jigawa,gumel,zango_primary_health_centre,Full solar system only,Not ready,Moderately ready,,Router
e333ac32-eb1a-4b6c-888c-937b01c94541,kano,nassarawa,gwagwarwa_primary_health_centre,Full solar system only,Not ready,Ready,,
213c0974-3a39-4249-9aae-5dd081e36cbc,kano,ungogo,rijiyar_zaki_basic_health_clinic,Full solar system only,Not ready,Moderately ready,,FibreX
080fdc88-9372-406e-8f9d-6a67273fb164,jigawa,kiyawa,shuwarin_primary_health_centre,Full solar system only,Not ready,Moderately ready,,Router
9c1b1f0c-e800-4f20-af1c-fbc9c9ec7ba4,adamawa,guyuk,bobini_model_health_centre,Full solar system only,Not ready,Moderately ready,Full solar system,Router
a7634746-6532-47b2-9a29-e6bf866b1d9c,nasarawa,keana,kpalev_primary_health_centre,Full solar system only,Not ready,Moderately ready,,Router
9b3d668f-d333-47b0-b543-219a5af647b6,oyo,ibadan_north_west,onireke_primary_health_centre,Router only,Ready,Moderately ready,Full solar system,Router
c398a136-e639-470b-b6cb-73c6373b3976,kano,dala,kurna_primary_health_centre,Router only,Ready,Moderately ready,Full solar system,
c398a136-e639-470b-b6cb-73c6373b3976,kano,dala,kurna_primary_health_centre,Full solar system only,Not ready,Ready,Full solar system,
5689cdf6-0073-4982-9bd5-5d95c7d444ed,nasarawa,keana,kwara_primary_health_centre,Full solar system only,Not ready,Moderately ready,,Router
a4bd98e2-891b-4854-973c-41c6812b92db,kano,gezawa,wangara_basic_health_clinic,Full solar system only,Not ready,Moderately ready,Full solar system,Router
8048c959-c71e-4c06-8448-01e859cdafda,kano,kura,sani_marshal_memorial_centre_maternity_centre,Full solar system only,Not ready,Moderately ready,,Router
6b72e79e-eb4f-4ea5-9377-57bae3fc0292,akwa_ibom,eket,ikot_usoekong_health_post,Router only,Ready,Moderately ready,Full solar system,Router
6b72e79e-eb4f-4ea5-9377-57bae3fc0292,akwa_ibom,eket,ikot_usoekong_health_post,Full solar system only,Not ready,Moderately ready,Full solar system,Router
938eb1f6-7756-4abb-bb10-ffe96811b365,nasarawa,toto,araba_primary_health_centre,Full solar system only,Not ready,Moderately ready,,Router
190acc64-1038-4e47-b62b-065ec64c7fb2,oyo,oyo_west,ajokidero_health_post,Full solar system only,Not ready,Moderately ready,,Router
a3190da7-5804-431f-ad9f-1cc22dfa0d6a,kano,bagwai,gadanya_basic_health_clinic,Full solar system only,Not ready,Ready,,
f50ac75d-dc7f-4b8d-b680-ebcf90b64182,anambra,nnewi_south,isoke_primary_health_centre,Full solar system only,Not ready,Ready,Full solar system,
43a2dd35-de66-40a4-800d-0796cfee9745,oyo,ogbomosho_north,baaki_primary_health_centre,Full solar system only,Not ready,Moderately ready,,Router
794cdc26-9b3f-4e93-b58e-3c3d73c183d8,nasarawa,akwanga,moroa_primary_health_centre,Router only,Ready,Moderately ready,Solar top-up,Router
794cdc26-9b3f-4e93-b58e-3c3d73c183d8,nasarawa,akwanga,moroa_primary_health_centre,Full solar system only,Not ready,Moderately ready,Solar top-up,Router
777c9273-80b6-46e5-952e-28d04d6c4b84,anambra,aguata,achalla_umuchu_primary_health_centre,Router only,Ready,Moderately ready,Full solar system,Router
777c9273-80b6-46e5-952e-28d04d6c4b84,anambra,aguata,achalla_umuchu_primary_health_centre,Full solar system only,Not ready,Moderately ready,Full solar system,Router
fd1ef8ae-a29f-43c4-9522-39fd5db73817,jigawa,babura,insharuwa_primary_health_centre,Full solar system only,Not ready,Moderately ready,,Router
934fcddb-f8e8-48e6-a5bb-37037d77bb97,oyo,oyo_west,kolobo_primary_health_centre,Full solar system only,Not ready,Moderately ready,,Router
08ae1fbe-384c-456a-939c-a8f0c15b8dfd,adamawa,mayo_belwa,bura_primary_health_centre_mayo_belwa,Full solar system only,Not ready,Moderately ready,Full solar system,Router
2239234e-8990-479a-b4bb-119732f60d09,kano,bagwai,dangada_model_primary_health_centre,Full solar system only,Not ready,Moderately ready,,Router
68bfe7f3-005e-4234-ab5f-65531b9a1839,kano,gaya,yan_audu_health_post,Full solar system only,Not ready,Moderately ready,,Router
40f61ebd-f62f-4bf7-8d14-bb9a8d97893b,kano,gwale,fuskar_yamma_health_post,Router only,Ready,Moderately ready,Full solar system,Router
40f61ebd-f62f-4bf7-8d14-bb9a8d97893b,kano,gwale,fuskar_yamma_health_post,Full solar system only,Not ready,Moderately ready,Full solar system,Router
f8b7fa59-1f23-4ec9-9d31-4e5a7a0fa2ce,kano,dala,dandinshe_mphc_primary_health_centre,Full solar system only,Not ready,Moderately ready,,Router
4c502b89-c2be-4bc6-a299-85a556fc6d7d,niger,chanchaga,old_airport_road_primary_health_centre,Full solar system only,Not ready,Moderately ready,,Router
904f2f6d-2e4f-41a0-9e12-fcfc12508e1d,niger,lapai,lapai_comprehensive_health_centre,FibreX only,Ready,Moderately ready,,Router
4c5db35e-46c9-49ba-bf49-85878cad803e,nasarawa,akwanga,gudi_primary_health_centre,Router only,Ready,Moderately ready,Full solar system,Router
4c5db35e-46c9-49ba-bf49-85878cad803e,nasarawa,akwanga,gudi_primary_health_centre,Full solar system only,Not ready,Moderately ready,Full solar system,Router
c881cdac-e9c0-4fff-a575-65261ab1f1e3,adamawa,ganye,sugu_health_centre,Full solar system only,Not ready,Moderately ready,,Router
df8c069d-ff85-471b-b8d1-b41028aa07d3,adamawa,ganye,sangasumi_health_centre,Full solar system only,Not ready,Moderately ready,,Router
fc30c5a0-97e8-468e-9e16-895831093d98,jigawa,birnin_kudu,lafiya_primary_health_centre,Full solar system only,Not ready,Moderately ready,,Router
22140398-0dc6-498f-a0b2-a20bc2c6b34b,anambra,oyi,awkuzu_primary_health_centre,Full solar system only,Not ready,Ready,,
7b4c62a5-df9a-482a-b04f-dfff48163bed,anambra,oyi,igbu_primary_health_centre,Router only,Ready,Moderately ready,Full solar system,
7b4c62a5-df9a-482a-b04f-dfff48163bed,anambra,oyi,igbu_primary_health_centre,Full solar system only,Not ready,Ready,Full solar system,
a4547ac0-364b-4b09-bab2-6d8c41388979,anambra,dunukofia,nawgu_primary_health_centre,Full solar system only,Not ready,Moderately ready,Full solar system,Router
b910e35a-6062-494d-92ed-fd579f8630bd,adamawa,guyuk,chikila_maternal_and_child_health,Full solar system only,Not ready,Moderately ready,,Router
1ec9e70a-8c5a-4775-a2f5-a9321f6679bc,adamawa,guyuk,lokoro_health_centre,Router only,Ready,Moderately ready,Full solar system,Router
1ec9e70a-8c5a-4775-a2f5-a9321f6679bc,adamawa,guyuk,lokoro_health_centre,Full solar system only,Not ready,Moderately ready,Full solar system,Router
4f79d76e-6375-4832-a6ec-52e5f0147bd5,adamawa,guyuk,kola_maternal_and_child_health,Full solar system only,Not ready,Moderately ready,Full solar system,Router
5f591536-dc99-4cc0-89bd-396eed2a2623,anambra,dunukofia,isiekwulu_primary_health_centre,Full solar system only,Not ready,Moderately ready,Full solar system,Router
e3902571-391e-4698-a6e5-37d4cae40b42,anambra,dunukofia,umuanugwo_primary_health_centre,Router only,Ready,Moderately ready,Full solar system,Router
e3902571-391e-4698-a6e5-37d4cae40b42,anambra,dunukofia,umuanugwo_primary_health_centre,Full solar system only,Not ready,Moderately ready,Full solar system,Router
e72a0975-feaa-4a6d-916d-0842d764a964,anambra,dunukofia,ukpommili_primary_health_centre,Full solar system only,Not ready,Moderately ready,,Router
91a90605-0d48-439f-b783-874584872ebd,anambra,dunukofia,nagbana_primary_health_centre,Full solar system only,Not ready,Moderately ready,,Router
41aad436-fc1f-4962-9643-e58c563b27b0,anambra,dunukofia,umudioka_primary_health_centre_du,Full solar system only,Not ready,Moderately ready,,Router
d9473150-2156-429d-8924-3fccdadb5fa6,anambra,orumba_north,amaokpala_primary_health_centre,Full solar system only,Not ready,Moderately ready,Full solar system,FibreX
d383c9b9-a12d-4b34-92b8-c4ba5e679779,nasarawa,kokona,1_garaku_primary_health_centre,Full solar system only,Not ready,Moderately ready,,Router
b5156362-a690-4681-86fa-7253d1a178ac,kano,bebeji,ranka_health_post,Full solar system only,Not ready,Ready,Full solar system,
8ffb1b46-18e9-410e-8656-8caec7392541,kano,bebeji,baguda_health_post,Full solar system only,Not ready,Ready,Full solar system,
a4f383e4-19f0-4e60-ae87-6d395b05c7cf,kano,bebeji,tariwa_basic_health_clinic,Full solar system only,Not ready,Ready,,
0feb7eec-d93f-4c32-b555-8871263138f8,kano,bebeji,rantan_health_post,Router only,Ready,Moderately ready,Full solar system,
1d1b645b-14b5-4cbf-8620-11c3213ec39f,jigawa,sule_tankarkar,jeke_primary_health_centre,Full solar system only,Not ready,Moderately ready,,Router
5a38740b-4921-4e80-aa4a-117225806578,anambra,anambra_east,umuoba_anam_primary_health_centre,Full solar system only,Not ready,Moderately ready,Solar top-up,FibreX
9ab952e3-9581-4822-8bae-df26f0ac80e2,kano,kiru,yako_primary_health_centre,Full solar system only,Not ready,Moderately ready,,Router
86dea4e2-66c3-4c03-8383-a1cde4b1cb6e,niger,katcha,dzwafu_primary_health_centre,Router only,Ready,Moderately ready,Full solar system,Router
9c15d91b-f461-449c-b9b9-04132dbd7817,nasarawa,doma,iwashi_primary_health_centre,Full solar system only,Not ready,Moderately ready,Full solar system,Router
b26dafd9-225e-48a7-9e62-573deba333f5,nasarawa,kokona,kokona_primary_health_centre,Full solar system only,Not ready,Moderately ready,,Router
db9136ee-0fee-40c6-8d8a-f7960fe35df0,akwa_ibom,eastern_obolo,okoroette_primary_health_centre,Full solar system only,Not ready,Moderately ready,Full solar system,Router
97802d6b-adf8-48cb-b498-c4e18d2d8bec,nasarawa,kokona,kofar_gwari_primary_health_centre,Full solar system only,Not ready,Moderately ready,,Router
74103514-dc7f-4a0c-a95f-95cd3eed5264,jigawa,gwiwa,indirawa_primary_health_centre,Full solar system only,Not ready,Moderately ready,,Router
6bb4a619-1e5a-4e94-b5e9-e19d8d961676,jigawa,gwiwa,korayal_primary_health_centre,Full solar system only,Not ready,Moderately ready,,Router
841cf02d-003d-4262-8c65-099594336c1a,adamawa,guyuk,purakayo_health_centre,Router only,Ready,Moderately ready,Full solar system,Router
841cf02d-003d-4262-8c65-099594336c1a,adamawa,guyuk,purakayo_health_centre,Full solar system only,Not ready,Moderately ready,Full solar system,Router
d2659790-c5e8-4b2b-8537-5066761cca53,adamawa,guyuk,guyuk_maternal_and_child_health,Router only,Ready,Moderately ready,Full solar system,Router
d2659790-c5e8-4b2b-8537-5066761cca53,adamawa,guyuk,guyuk_maternal_and_child_health,Full solar system only,Not ready,Moderately ready,Full solar system,Router
b2453faf-5412-42ba-96e7-2f3ad6654269,adamawa,guyuk,banjiram_health_centre,Router only,Ready,Moderately ready,Full solar system,Router
b2453faf-5412-42ba-96e7-2f3ad6654269,adamawa,guyuk,banjiram_health_centre,Full solar system only,Not ready,Moderately ready,Full solar system,Router
2c0fafc5-bb5e-4a4c-b6ac-b5d37bee286a,oyo,surulere,oy_oko_model_primary_health_centre,Full solar system only,Not ready,Moderately ready,,Router
f24b0915-65c7-4b51-8cd6-429b02a37e8e,nasarawa,kokona,kana_apawu_primary_health_centre,Full solar system only,Not ready,Moderately ready,,Router
cf27de72-6e5f-4117-8896-3bd3b132b431,anambra,dunukofia,akpom_primary_health_centre,Full solar system only,Not ready,Moderately ready,,Router
88bf05f0-c9eb-4f7d-bb20-e80895929fb5,jigawa,gwiwa,dabi_primary_health_centre,Full solar system only,Not ready,Moderately ready,,Router
e4f0cd7d-e843-4bfa-801b-21a3085ad9ab,kano,kiru,kogo_model_primary_health_centre,Router only,Ready,Moderately ready,Full solar system,
e4f0cd7d-e843-4bfa-801b-21a3085ad9ab,kano,kiru,kogo_model_primary_health_centre,Full solar system only,Not ready,Ready,Full solar system,
7309a77d-bc88-4e05-aae2-b6021a4451fa,anambra,dunukofia,iruzu_primary_health_centre,Router only,Ready,Moderately ready,Full solar system,Router
7309a77d-bc88-4e05-aae2-b6021a4451fa,anambra,dunukofia,iruzu_primary_health_centre,Full solar system only,Not ready,Moderately ready,Full solar system,Router
f9aa955b-a3b6-4b7d-928c-d68adac5a026,jigawa,hadejia,fantai_basic_health_centre,Full solar system only,Not ready,Moderately ready,,Router
63f85aa1-d4bd-44e9-a92d-8ebb71afec9e,anambra,nnewi_south,azuigbo_primary_health_centre,Router only,Ready,Moderately ready,Full solar system,Router
6f72d7ae-bb22-46da-acb5-55160690e2ab,kano,gabasawa,mekiya_health_post,Router only,Ready,Moderately ready,Full solar system,
14f351d0-bbc9-42d9-8842-248d286e8a5c,adamawa,maiha,manjekin_primary_health_centre,Full solar system only,Not ready,Moderately ready,,Router
330b116b-4719-46a6-84d1-e5c8e424d1b0,jigawa,birnin_kudu,magajin_gari_primary_health_centre,Full solar system only,Not ready,Moderately ready,,Router
c6a48c65-8d7b-4d0b-9fbd-b887a6ec0686,akwa_ibom,eket,effoi_health_centre,FibreX only,Ready,Moderately ready,,Router
c6a48c65-8d7b-4d0b-9fbd-b887a6ec0686,akwa_ibom,eket,effoi_health_centre,Full solar system only,Not ready,Moderately ready,,Router
82b248ee-3573-40ba-b12b-ecaeb02d9f86,jigawa,kafin_hausa,ramfa_primary_health_centre,Full solar system only,Not ready,Moderately ready,,Router
25c5eff9-b119-4439-b347-bd023106fd68,jigawa,kafin_hausa,shakato_primary_health_centre,Full solar system only,Not ready,Moderately ready,,Router
1fae2f0a-c3c1-4428-8cb6-7fa306eb7cc1,jigawa,kafin_hausa,sarawa_primary_health_centre,Full solar system only,Not ready,Moderately ready,,FibreX
c145f36a-1b1e-4cec-8429-5cc08c2a381f,jigawa,hadejia,majema_primary_health_centre,Router only,Ready,Moderately ready,Full solar system,Router
c145f36a-1b1e-4cec-8429-5cc08c2a381f,jigawa,hadejia,majema_primary_health_centre,Full solar system only,Not ready,Moderately ready,Full solar system,Router
027c0d0c-2e98-4862-b1fa-6c8dfc21e27a,akwa_ibom,eket,idung_iniang_health_centre,Router only,Ready,Moderately ready,Full solar system,Router
027c0d0c-2e98-4862-b1fa-6c8dfc21e27a,akwa_ibom,eket,idung_iniang_health_centre,Full solar system only,Not ready,Moderately ready,Full solar system,Router
ee196903-83e5-4c12-b35d-e45643a4e703,akwa_ibom,eket,ikot_ebok_poly_operational_base_clinic,FibreX only,Ready,Moderately ready,,Router
ee196903-83e5-4c12-b35d-e45643a4e703,akwa_ibom,eket,ikot_ebok_poly_operational_base_clinic,Full solar system only,Not ready,Moderately ready,,Router
c7bffeb8-11e3-4d39-a107-af657e762450,adamawa,gombi,gombi_a_primary_health_centre,FibreX only,Ready,Moderately ready,,Router
c7bffeb8-11e3-4d39-a107-af657e762450,adamawa,gombi,gombi_a_primary_health_centre,Full solar system only,Not ready,Moderately ready,,Router
e2602f8d-947d-4bde-a2c4-64e1d97a39b3,kano,bichi,chiromawa_basic_health_clinic,Router only,Ready,Moderately ready,Full solar system,
e2602f8d-947d-4bde-a2c4-64e1d97a39b3,kano,bichi,chiromawa_basic_health_clinic,Full solar system only,Not ready,Ready,Full solar system,
e0838226-e7fc-4f02-a3be-e76b64f595f6,jigawa,dutse,dundubus_primary_health_centre,Full solar system only,Not ready,Moderately ready,,Router
8c8f09d8-4e0a-4c89-846c-33f46421fc20,anambra,orumba_north,nanka_1_primary_health_centre,Router only,Ready,Moderately ready,Full solar system,Router
8c8f09d8-4e0a-4c89-846c-33f46421fc20,anambra,orumba_north,nanka_1_primary_health_centre,Full solar system only,Not ready,Moderately ready,Full solar system,Router
8eb89a4e-c227-4ea6-ba07-acdacda4627c,anambra,orumba_south,eziagu_primary_health_centre,Full solar system only,Not ready,Moderately ready,Full solar system,Router
ef5b19b5-6eff-49dd-ba57-4245b0e58c0d,jigawa,buji,kukuma_primary_health_centre,Full solar system only,Not ready,Moderately ready,,Router
1c274404-8a08-4215-a0a8-bc946425fae0,jigawa,gwiwa,maraganta_primary_health_centre,Full solar system only,Not ready,Moderately ready,,Router
09a5f71c-d59f-49f7-a14b-b51813a4c877,jigawa,gwiwa,shafe_primary_health_centre,Full solar system only,Not ready,Moderately ready,,Router
a68a5c1d-d24e-45c5-b2b5-ee06c8448a35,jigawa,kiri_kasamma,jarmari_primary_health_centre,Full solar system only,Not ready,Ready,,
e4ce2f0b-d56a-4ca0-94c2-6b230dab0df5,jigawa,kiri_kasamma,turabu_primary_health_centre,Full solar system only,Not ready,Moderately ready,,Router
d29b8713-880f-4949-9f48-cacfd60e274d,akwa_ibom,uyo,ewet_offot_health_post,Full solar system only,Not ready,Moderately ready,,Router
faf96f28-173a-4701-98b4-a467ef933963,anambra,oyi,oyelu_primary_health_centre,Full solar system only,Not ready,Moderately ready,,Router
69f0da30-3e57-4bca-9c81-2bf2af83d863,akwa_ibom,esit_eket,etebi_idung_assan_health_centre,Router only,Ready,Moderately ready,Full solar system,Router
69f0da30-3e57-4bca-9c81-2bf2af83d863,akwa_ibom,esit_eket,etebi_idung_assan_health_centre,Full solar system only,Not ready,Moderately ready,Full solar system,Router
ac310580-d625-48bd-9671-acba9a5279b5,kano,bichi,malikawar_garu_primary_health_centre,Full solar system only,Not ready,Ready,,
1b656c5f-13e8-4af5-8934-0a0d587fc9ed,akwa_ibom,nsit_ibom,afaha_offiong_operational_base_primary_health_centre,Full solar system only,Not ready,Moderately ready,,Router
cf87d1f5-6e76-4359-8f96-126d2fc5c683,kano,bunkure,gurjiya_primary_health_centre_bunkure,Full solar system only,Not ready,Moderately ready,Full solar system,FibreX
bf874a0e-fb37-4c77-81d7-207b183ab0c4,jigawa,buji,lelen_kudu_primary_health_centre,Full solar system only,Not ready,Moderately ready,,Router
08ce28ef-6bde-46d9-8f3d-51c3208e6e12,jigawa,buji,yayarin_tukur_primary_health_centre,Full solar system only,Not ready,Moderately ready,,Router
f4fb965f-6787-4789-a76b-be7b1967fbfe,adamawa,fufore,fufore_health_centre,Full solar system only,Not ready,Moderately ready,,Router
293785e4-a273-4ffd-9683-d107ae9ad785,oyo,ibadan_north_east,o_bori_efon_primary_health_centre,Full solar system only,Not ready,Moderately ready,,Router
ac363225-249a-4d83-b220-2037bb99eacc,jigawa,birnin_kudu,bamaina_primary_health_centre,Full solar system only,Not ready,Ready,,
7209e86f-f7e5-407e-9f25-d41d463c33ec,anambra,anaocha,adazi_enu_primary_health_centre,Full solar system only,Not ready,Moderately ready,,FibreX
32ab61d3-b2ea-41ee-9668-0edbc5e64a02,anambra,anaocha,adazi_ani_2_primary_health_centre,Router only,Ready,Moderately ready,Full solar system,
32ab61d3-b2ea-41ee-9668-0edbc5e64a02,anambra,anaocha,adazi_ani_2_primary_health_centre,Full solar system only,Not ready,Ready,Full solar system,
1055c7a0-15d8-449a-84e7-73089baa33ee,kano,kiru,zuwo_health_post,Full solar system only,Not ready,Moderately ready,,FibreX
236f2c70-b896-468e-a414-ef5df379a25f,niger,bida,laruta_primary_health_centre,Router only,Ready,Moderately ready,Full solar system,Router
1e5fa43a-197c-4dcc-98c4-6d07db3646c5,kano,madobi,chinkoso_health_post,Full solar system only,Not ready,Moderately ready,Full solar system,FibreX
938956cc-8971-4677-ae2e-64a52ed84a8e,anambra,orumba_north,ndiowu_primary_health_centre_mphc,Full solar system only,Not ready,Ready,Full solar system,
80bde512-0b81-424d-9881-9a5cd9994d20,akwa_ibom,etinan,ikot_obio_inyang_health_centre,Router only,Ready,Moderately ready,Full solar system,Router
80bde512-0b81-424d-9881-9a5cd9994d20,akwa_ibom,etinan,ikot_obio_inyang_health_centre,Full solar system only,Not ready,Moderately ready,Full solar system,Router
1ca4ad47-16ea-460d-ba31-632b97c01cdf,kano,bichi,lamba_health_post,Full solar system only,Not ready,Moderately ready,Full solar system,Router
eb1cde2e-9b8c-45fd-aa50-69179fbb0a60,anambra,onitsha_north,st_mark_primary_health_centre,Full solar system only,Not ready,Ready,,
9dc5b95d-937a-4f1e-93f6-54f369fc1aed,anambra,aguata,ifite_ezinitite_primary_health_centre,Router only,Ready,Moderately ready,Solar top-up,Router
9dc5b95d-937a-4f1e-93f6-54f369fc1aed,anambra,aguata,ifite_ezinitite_primary_health_centre,Full solar system only,Not ready,Moderately ready,Solar top-up,Router
7aec16cc-007f-4f72-a77e-53ae8948d6ee,niger,kontagora,m_c_h_clinic,Router only,Ready,Moderately ready,Full solar system,Router
7aec16cc-007f-4f72-a77e-53ae8948d6ee,niger,kontagora,m_c_h_clinic,Full solar system only,Not ready,Moderately ready,Full solar system,Router
c35aa348-d431-4b87-8a61-f7e3bc6c4ab8,niger,kontagora,nasarawa_primary_health_centre,Router only,Ready,Moderately ready,Full solar system,Router
c35aa348-d431-4b87-8a61-f7e3bc6c4ab8,niger,kontagora,nasarawa_primary_health_centre,Full solar system only,Not ready,Moderately ready,Full solar system,Router
5a21bbb9-fafe-4828-9aeb-08f90ff2c3a6,nasarawa,doma,alagye_primary_health_centre,Full solar system only,Not ready,Moderately ready,,Router
e599719e-6186-4142-894f-b04a211e83eb,nasarawa,doma,idadu_primary_health_centre,Router only,Ready,Moderately ready,Full solar system,Router
e599719e-6186-4142-894f-b04a211e83eb,nasarawa,doma,idadu_primary_health_centre,Full solar system only,Not ready,Moderately ready,Full solar system,Router
29deb100-c02d-4246-b1d7-dd73b4880466,nasarawa,doma,okpatta_primary_health_centre,Router only,Ready,Moderately ready,Solar top-up,Router
29deb100-c02d-4246-b1d7-dd73b4880466,nasarawa,doma,okpatta_primary_health_centre,Full solar system only,Not ready,Moderately ready,Solar top-up,Router
0099bfec-48c3-4323-81bf-da85bfd1832d,niger,bida,etsu_yahaya_primary_health_centre,FibreX only,Ready,Moderately ready,,Router
0099bfec-48c3-4323-81bf-da85bfd1832d,niger,bida,etsu_yahaya_primary_health_centre,Full solar system only,Not ready,Moderately ready,,Router
32323bac-ad4c-4764-9b34-b42b63973f86,oyo,iwajowa,elekokan_primary_health_centre,Full solar system only,Not ready,Moderately ready,,Router
79e2dd88-635b-4806-867c-bcdd5953c23c,kano,kiru,galadimawa_health_post,Router only,Ready,Moderately ready,Solar top-up,
79e2dd88-635b-4806-867c-bcdd5953c23c,kano,kiru,galadimawa_health_post,Full solar system only,Not ready,Moderately ready,Solar top-up,
09c3590c-f8a0-4952-8e28-a7635f593740,akwa_ibom,etinan,oniong_primary_health_centre,Full solar system only,Not ready,Moderately ready,Full solar system,Router
007df097-acc2-413b-addf-693e6d66d153,oyo,ibarapa_central,oy_isale_oba_ward_8_primary_health_centre,Full solar system only,Not ready,Moderately ready,,Router
20fb1913-9cd7-433f-a754-f7af057db793,anambra,oyi,umunya_primary_health_centre,Full solar system only,Not ready,Moderately ready,Full solar system,Router
9f8c7ffa-bfe9-46d8-b28d-a33fad23122d,akwa_ibom,eastern_obolo,iko_primary_health_centre,Router only,Ready,Moderately ready,Full solar system,Router
9f8c7ffa-bfe9-46d8-b28d-a33fad23122d,akwa_ibom,eastern_obolo,iko_primary_health_centre,Full solar system only,Not ready,Moderately ready,Full solar system,Router
e90cef7d-738a-4f65-94ce-63635c779864,anambra,orumba_south,isulo_primary_health_centre,Router only,Ready,Moderately ready,Full solar system,Router
e90cef7d-738a-4f65-94ce-63635c779864,anambra,orumba_south,isulo_primary_health_centre,Full solar system only,Not ready,Moderately ready,Full solar system,Router
05c2426c-1c8e-465f-b403-46472068d287,anambra,orumba_south,ezira_primary_health_centre_os,Full solar system only,Not ready,Ready,,
3152495b-5f55-4f61-8e2a-3ebf0f264bd1,nasarawa,obi,tudun_adabu_primary_health_centre,Full solar system only,Not ready,Moderately ready,,Router
09ce2b33-27de-487a-b5bb-a473854eb9f6,nasarawa,obi,obi_1_primary_health_centre,Full solar system only,Not ready,Ready,,
f3167b57-8999-4388-82a0-4a1f684e5888,nasarawa,obi,deddere_primary_health_centre,Full solar system only,Not ready,Moderately ready,,Router
2cbcd5d3-986b-4498-857a-0e43899c7770,jigawa,buji,ahoto_primary_health_centre,Full solar system only,Not ready,Moderately ready,,Router
d31b34f7-956e-4b8f-a257-d7c1cf780432,jigawa,auyo,ganuwar_kaka_health_post,Full solar system only,Not ready,Moderately ready,Full solar system,Router
3d6b3188-d17e-4953-9e84-737ef41eeb63,akwa_ibom,eastern_obolo,okorombokho_health_post,Full solar system only,Not ready,Moderately ready,Full solar system,Router
dddcb3e3-c9b5-46c6-80b6-6f5102c073ae,kano,madobi,rikadawa_health_post,Router only,Ready,Moderately ready,Full solar system,
dddcb3e3-c9b5-46c6-80b6-6f5102c073ae,kano,madobi,rikadawa_health_post,Full solar system only,Not ready,Ready,Full solar system,
473dd201-b922-4982-9b80-54525e7b96af,akwa_ibom,etinan,ikot_esen_oku_health_centre,Full solar system only,Not ready,Moderately ready,Full solar system,Router
f04668c8-4f3c-478f-97b2-9e4cda8afb7e,adamawa,yola_south,toungo_health_centre,Router only,Ready,Moderately ready,Full solar system,Router
f04668c8-4f3c-478f-97b2-9e4cda8afb7e,adamawa,yola_south,toungo_health_centre,Full solar system only,Not ready,Moderately ready,Full solar system,Router
bcd1023d-29e0-4aa9-a689-c308a715867d,nasarawa,doma,rukubi_primary_health_centre,Router only,Ready,Moderately ready,Full solar system,Router
bcd1023d-29e0-4aa9-a689-c308a715867d,nasarawa,doma,rukubi_primary_health_centre,Full solar system only,Not ready,Moderately ready,Full solar system,Router
3a5272f3-00a3-4759-be36-e61be2e129cd,anambra,onitsha_north,st_mary_s_primary_health_centre,Full solar system only,Not ready,Moderately ready,,FibreX
99d386fe-d886-4ec6-974f-26d0502aaff2,akwa_ibom,esit_eket,edor_health_centre,Full solar system only,Not ready,Moderately ready,,Router
f1f05b5a-a1ab-48e1-88a1-e65de3f228af,oyo,saki_west,adabo_primary_health_centre,Router only,Ready,Moderately ready,Full solar system,Router
f1f05b5a-a1ab-48e1-88a1-e65de3f228af,oyo,saki_west,adabo_primary_health_centre,Full solar system only,Not ready,Moderately ready,Full solar system,Router
c4a1eee8-bea7-4bd5-a2a5-5167490f78dd,niger,bida,makwalla_primary_health_centre,Router only,Ready,Moderately ready,Full solar system,Router
c6717a0b-dc6e-48eb-aee6-ed1457e0396e,oyo,ibarapa_central,oy_oke_odo_ward_10_primary_health_centre,Full solar system only,Not ready,Moderately ready,,Router
0273bb69-d175-4406-a277-2f584fb8f73a,adamawa,maiha,mayo_nguli_maternal_and_child_health,Full solar system only,Not ready,Moderately ready,,Router
20f8410c-8613-4c68-9ccc-13b02a9aa2bd,kano,madobi,kubarachi_health_post,Router only,Ready,Moderately ready,Full solar system,
20f8410c-8613-4c68-9ccc-13b02a9aa2bd,kano,madobi,kubarachi_health_post,Full solar system only,Not ready,Ready,Full solar system,
8b62b983-b66d-4638-8559-631827a98e0c,nasarawa,karu,gora_primary_health_centre_nasarawa,Full solar system only,Not ready,Moderately ready,,Router
364b25fb-e6e5-4033-b05d-4d9a82b1d235,jigawa,dutse,madobi_primary_health_centre,Full solar system only,Not ready,Moderately ready,,Router
44c438e4-2ffa-455b-bf31-8263cd210a62,akwa_ibom,uruan,ikot_otoinyie_health_centre,Router only,Ready,Moderately ready,Full solar system,Router
44c438e4-2ffa-455b-bf31-8263cd210a62,akwa_ibom,uruan,ikot_otoinyie_health_centre,Full solar system only,Not ready,Moderately ready,Full solar system,Router
37703842-e6ee-4401-80e0-42eb0132e6dd,kano,gwale,kwamitin_makota_health_post,Full solar system only,Not ready,Moderately ready,,FibreX
d9d794ac-d6c0-4ff9-aa07-ab250c9c0719,oyo,ibadan_south_east,boluwaji_primary_health_centre,Full solar system only,Not ready,Moderately ready,,Router
d36ba29b-2c32-4db0-b326-975be016828f,anambra,anaocha,adazi_ani_1_primary_health_centre,Full solar system only,Not ready,Moderately ready,,FibreX
1e678f8f-ca56-4826-93b1-5b8b56912d65,anambra,aguata,nkwo_uga_primary_health_centre,Full solar system only,Not ready,Moderately ready,,Router
ad72dcac-4aa3-45da-b97f-aebda58432a4,akwa_ibom,ibiono_ibom,ibiaku_health_centre,Full solar system only,Not ready,Moderately ready,,Router
a4818cc3-eac6-4a6c-8443-69c91b1d8df3,oyo,lagelu,ejioku_primary_health_centre,Full solar system only,Not ready,Moderately ready,,Router
582f4ca1-ce36-481b-bb27-2d7047a01dc0,anambra,aguata,ula_ekwuloba_primary_health_centre,Full solar system only,Not ready,Moderately ready,,Router
4e2475b6-82d0-4f9b-96c7-ea9951d1e6c5,kano,kumbotso,riga_fada_health_post,Full solar system only,Not ready,Moderately ready,Full solar system,FibreX
4a65213b-e05b-4d5c-890b-26a6601a28bf,niger,lavun,gaba_primary_health_centre,FibreX only,Ready,Moderately ready,,Router
4a65213b-e05b-4d5c-890b-26a6601a28bf,niger,lavun,gaba_primary_health_centre,Full solar system only,Not ready,Moderately ready,,Router
cffe43e1-e7f4-4c80-8c37-f7627bee6dd3,oyo,iwajowa,sabiganna_health_post,Full solar system only,Not ready,Moderately ready,,Router
9f4c9234-7769-4a94-9bd2-7b9a7b86f393,anambra,anambra_east,otuocha_primary_health_centre,Full solar system only,Not ready,Moderately ready,,FibreX
a26e04a7-39b3-4324-996d-02972ea69dc6,adamawa,yola_south,lamido_aliyu_health_centre,Full solar system only,Not ready,Ready,,
721aa1cf-fa03-4826-812d-508056119680,niger,chanchaga,tayi_primary_health_centre,Full solar system only,Not ready,Moderately ready,,Router
7829a8a9-15f2-46bb-aaaa-04802e420858,akwa_ibom,etinan,ikot_udo_oto_primary_health_centre,Router only,Ready,Moderately ready,Full solar system,Router
7829a8a9-15f2-46bb-aaaa-04802e420858,akwa_ibom,etinan,ikot_udo_oto_primary_health_centre,Full solar system only,Not ready,Moderately ready,Full solar system,Router
3a4c6982-2f5f-4f86-99e5-b39d32abf0bb,kano,madobi,daburau_primary_health_centre,Full solar system only,Not ready,Moderately ready,Full solar system,FibreX
659296f1-42f4-4d58-9eca-8d8754a34006,kano,kiru,tsaudawa_health_post,Router only,Ready,Moderately ready,Full solar system,
659296f1-42f4-4d58-9eca-8d8754a34006,kano,kiru,tsaudawa_health_post,Full solar system only,Not ready,Ready,Full solar system,
0f7bb855-1445-44c4-8197-79880c5c3944,akwa_ibom,uruan,ekpene_ibia_health_centre,Router only,Ready,Moderately ready,Full solar system,Router
0f7bb855-1445-44c4-8197-79880c5c3944,akwa_ibom,uruan,ekpene_ibia_health_centre,Full solar system only,Not ready,Moderately ready,Full solar system,Router
e388e89a-7594-4cdd-9c31-1aede2f1af0a,niger,shiroro,gunu_basic_health_centre,FibreX only,Ready,Moderately ready,,Router
e388e89a-7594-4cdd-9c31-1aede2f1af0a,niger,shiroro,gunu_basic_health_centre,Full solar system only,Not ready,Moderately ready,,Router
6430b249-5922-4945-8ce7-158fe46768b6,jigawa,buji,madabe_primary_health_centre,Full solar system only,Not ready,Ready,,
ef1617a2-5f02-4a44-b251-015d8bf1624e,kano,bunkure,barkum_health_post,Full solar system only,Not ready,Moderately ready,,Router
474db2d2-9978-4639-a98f-2da8011d048d,kano,bichi,dutsen_karya_health_post,Router only,Ready,Moderately ready,Full solar system,
474db2d2-9978-4639-a98f-2da8011d048d,kano,bichi,dutsen_karya_health_post,Full solar system only,Not ready,Ready,Full solar system,
8b44c1d7-1831-4d6e-9918-de8c48d8b170,akwa_ibom,essien_udim,odoro_ikot_1_health_centre,Full solar system only,Not ready,Moderately ready,,Router
9db12234-05c5-454b-8cc0-5d8c524505d2,adamawa,fufore,chigari_health_centre,Full solar system only,Not ready,Moderately ready,,Router
aae4bb78-6a3d-49b7-a629-0d9e402c1f3c,anambra,aguata,aguata_primary_health_centre,Full solar system only,Not ready,Moderately ready,,Router
b71789e3-b29d-4bfb-a6df-a103d7940f2b,anambra,onitsha_north,basic_court_road_primary_health_centre,Full solar system only,Not ready,Ready,,
32f9b452-1764-4153-8b43-0d5d363907b4,niger,bida,dokodza_primary_health_centre,FibreX only,Ready,Moderately ready,,Router
32f9b452-1764-4153-8b43-0d5d363907b4,niger,bida,dokodza_primary_health_centre,Full solar system only,Not ready,Moderately ready,,Router
25188110-9a83-4639-b67c-e2e8f6775f95,kano,albasu,faragai_health_post,Full solar system only,Not ready,Moderately ready,,FibreX
80036f30-3b4c-481e-8ffc-a710e90bb1fb,kano,albasu,saya_saya_primary_health_centre,Router only,Ready,Moderately ready,Solar top-up,Router
80036f30-3b4c-481e-8ffc-a710e90bb1fb,kano,albasu,saya_saya_primary_health_centre,Full solar system only,Not ready,Moderately ready,Solar top-up,Router
8d6b186a-acf1-49dd-84d7-30d364553b82,jigawa,dutse,kudai_primary_health_centre,Full solar system only,Not ready,Moderately ready,,Router
1e9d5c10-6f8c-4dc2-9fb8-cdb46b16f6b6,anambra,oyi,ikenja_nteje_primary_health_centre,Full solar system only,Not ready,Moderately ready,,Router
10011461-bce0-4551-9908-9cb7fb78c3b1,niger,suleja,talba_clinic,Router only,Ready,Moderately ready,Full solar system,Router
10011461-bce0-4551-9908-9cb7fb78c3b1,niger,suleja,talba_clinic,Full solar system only,Not ready,Moderately ready,Full solar system,Router
1e2bf7c2-cc2b-426b-a4d9-d4dad75165c8,anambra,anambra_east,otuocha_maternal_and_child_health,FibreX only,Ready,Moderately ready,,Router
1e2bf7c2-cc2b-426b-a4d9-d4dad75165c8,anambra,anambra_east,otuocha_maternal_and_child_health,Full solar system only,Not ready,Moderately ready,,Router
dd3fb665-62d0-476a-aecb-baa8ed47c730,anambra,aguata,awalasi_uga_health_post,Full solar system only,Not ready,Moderately ready,Full solar system,Router
becbc0f5-5fa1-42b5-9672-e44545d9ba2f,oyo,lagelu,lalupon_primary_health_centre,Full solar system only,Not ready,Moderately ready,,Router
52ff7f5c-19e0-4f10-b43f-75d0eb55ab28,jigawa,birnin_kudu,wurno_primary_health_centre,Full solar system only,Not ready,Moderately ready,,Router
33c8c30c-4343-4754-b106-039820e8c3da,oyo,atiba,boroboro_health_clinic,Full solar system only,Not ready,Moderately ready,,Router
a7056fd5-f593-41e5-a0ca-24d16b5fc833,kano,gwale,kabuga_primary_health_centre,Full solar system only,Not ready,Moderately ready,,Router
bbfe0634-1358-410a-8430-7aacbfc2c27a,kano,bunkure,kumurya_basic_health_clinic,Full solar system only,Not ready,Moderately ready,,Router
1c8571ce-14cd-4c19-a453-ca6e8802463c,jigawa,maigatari,kuka_yasku_babba_primary_health_centre,Full solar system only,Not ready,Moderately ready,,Router
b9242dec-aa86-4d55-a046-c9b1181514dd,jigawa,maigatari,bosuwa_primary_health_centre,Full solar system only,Not ready,Moderately ready,,Router
6c83f20f-abf6-4010-8342-04b696754e0f,oyo,ibarapa_north,alabi_primary_health_centre,Full solar system only,Not ready,Moderately ready,,Router
54a96c21-88c5-4d8e-b6a7-a5abaaf405b3,jigawa,maigatari,madana_primary_health_centre,Full solar system only,Not ready,Moderately ready,,Router
8389a256-bf95-47b6-857b-ad66a0c990ed,adamawa,fufore,dasin_primary_health_centre,Full solar system only,Not ready,Ready,,
fb6365f2-0eae-4f64-8327-856b3a9a91b7,kano,gwarzo,kutama_model_primary_health_centre,Full solar system only,Not ready,Moderately ready,,Router
ebeeb7e9-3a34-49f8-920a-df3adbce9561,anambra,aguata,umuoru_uga_primary_health_centre,Full solar system only,Not ready,Moderately ready,,Router
c870c9b6-e8a0-4bf9-9d6f-436a5cfb81c5,kano,madobi,kauran_mata_primary_health_centre,Full solar system only,Not ready,Moderately ready,Solar top-up,FibreX
116a570d-564d-42ee-8ea2-d6cbc483c38a,jigawa,birnin_kudu,kwangwara_primary_health_centre,Full solar system only,Not ready,Moderately ready,,Router
cf768698-9857-4f6d-b322-520164015b85,oyo,iwajowa,iwere_ile_primary_health_centre,Full solar system only,Not ready,Moderately ready,,Router
4a1639ba-59dc-45b1-b08b-4361dc7517aa,niger,suleja,pangamu_mdgs_facility,Router only,Ready,Moderately ready,Full solar system,Router
4a1639ba-59dc-45b1-b08b-4361dc7517aa,niger,suleja,pangamu_mdgs_facility,Full solar system only,Not ready,Moderately ready,Full solar system,Router
1eece291-9365-49e0-b41e-4737e692364d,kano,kiru,dashi_health_post,Full solar system only,Not ready,Moderately ready,,FibreX
fb0ee103-c10f-474d-bcb1-44ef956baa13,nasarawa,toto,kanyehu_primary_health_centre,Router only,Ready,Moderately ready,Full solar system,Router
f0bde98b-6e96-4751-932a-92467d06b0da,akwa_ibom,essien_udim,afaha_ikot_ebak_primary_health_centre,Router only,Ready,Moderately ready,Full solar system,Router
f0bde98b-6e96-4751-932a-92467d06b0da,akwa_ibom,essien_udim,afaha_ikot_ebak_primary_health_centre,Full solar system only,Not ready,Moderately ready,Full solar system,Router
1c7fac68-5fee-4cc3-bfcd-c85cc6e9350b,anambra,aguata,aku_ezinifite_primary_health_centre,Full solar system only,Not ready,Ready,Full solar system,
f2d083c6-199f-44df-9523-ba1841a6576b,oyo,atiba,oke_olola_primary_health_centre,Full solar system only,Not ready,Moderately ready,,Router
82759161-a716-42fc-b315-211125fe129f,jigawa,hadejia,gabari_primary_health_centre,Full solar system only,Not ready,Moderately ready,,Router
a3624b7d-77a5-4a9a-bf29-e05de42f6804,adamawa,fufore,choli_health_centre,Full solar system only,Not ready,Moderately ready,Full solar system,Router
9b057df8-6073-4b15-b053-36fd9b92660d,jigawa,dutse,jaudi_primary_health_centre,Full solar system only,Not ready,Moderately ready,,Router
e30a86eb-a196-473f-a259-bb8c0626182c,kano,dala,dogon_nama_primary_health_centre,Router only,Ready,Moderately ready,Full solar system,Router
e30a86eb-a196-473f-a259-bb8c0626182c,kano,dala,dogon_nama_primary_health_centre,Full solar system only,Not ready,Moderately ready,Full solar system,Router
fe1725af-4ff2-417c-8716-0ddd6c6945cd,anambra,oyi,obinetiti_primary_health_centre,Full solar system only,Not ready,Moderately ready,Full solar system,Router
b4c13214-fd64-419d-ae96-0723ff6a81c8,kano,madobi,galinja_health_post,Full solar system only,Not ready,Moderately ready,Full solar system,FibreX
6176d5ad-bd9e-477b-a778-c776e74b92fe,kano,gaya,yan_kau_primary_health_centre,Router only,Ready,Moderately ready,Solar top-up,Router
6176d5ad-bd9e-477b-a778-c776e74b92fe,kano,gaya,yan_kau_primary_health_centre,Full solar system only,Not ready,Moderately ready,Solar top-up,Router
e9d00603-366c-4f4f-b1e4-c3c78fa0ae81,kano,rogo,ruwan_bago_health_post,Full solar system only,Not ready,Moderately ready,,FibreX
4d8cab95-1c49-43df-8a80-04908361ddec,kano,rogo,karshi_health_clinic,Full solar system only,Not ready,Moderately ready,Full solar system,Router
453b7879-f5bb-4395-85db-9f6599450abe,niger,suleja,maama_gambo_basic_health_centre,Router only,Ready,Moderately ready,Full solar system,Router
453b7879-f5bb-4395-85db-9f6599450abe,niger,suleja,maama_gambo_basic_health_centre,Full solar system only,Not ready,Moderately ready,Full solar system,Router
6a1889c3-5ccd-47c6-9148-3aa4bd4e4439,oyo,ogbomosho_north,jagun_primary_health_centre,Full solar system only,Not ready,Moderately ready,,Router
dfe263ca-8225-4424-b84b-faca24304eb8,jigawa,hadejia,k_arewa_clinic_maternal_and_child_health,Full solar system only,Not ready,Moderately ready,,Router
835aa881-33f5-4d8e-8208-2f2ffbf40d23,anambra,anambra_east,enugwu_aguleri_primary_health_centre,Router only,Ready,Moderately ready,Full solar system,
835aa881-33f5-4d8e-8208-2f2ffbf40d23,anambra,anambra_east,enugwu_aguleri_primary_health_centre,Full solar system only,Not ready,Ready,Full solar system,
8933fdf0-990d-4f02-84c8-285402432533,kano,dala,madigawa_health_clinic,Full solar system only,Not ready,Moderately ready,,Router
8a9fc45f-9484-4f08-8bb5-c305b3674df3,akwa_ibom,uruan,use_health_centre,Full solar system only,Not ready,Moderately ready,Full solar system,Router
45244245-1886-4152-95af-e07ca3a1708f,oyo,ogbomosho_north,masifa_primary_health_centre,Full solar system only,Not ready,Moderately ready,Full solar system,Router
28236050-5ad4-4f59-b684-f6bf580b7e7a,kano,gaya,kademi_primary_health_centre,Full solar system only,Not ready,Moderately ready,,Router
220b5e59-24bc-41aa-b78f-1fba4a0422b0,kano,gaya,nafisatu_health_clinic,Full solar system only,Not ready,Moderately ready,,Router
23e95bfa-6b74-4c00-b179-be85814ff3f0,jigawa,birnin_kudu,sundumina_primary_health_centre,Full solar system only,Not ready,Moderately ready,,Router
b71158d5-f382-43c2-b02b-8ea1acb357b3,jigawa,birnin_kudu,kangire_primary_health_centre,Full solar system only,Not ready,Moderately ready,,Router
34c89ee3-b092-42cf-914c-fac4dab1eb9b,anambra,aguata,ikenga_primary_health_centre,Router only,Ready,Moderately ready,Solar top-up,Router
34c89ee3-b092-42cf-914c-fac4dab1eb9b,anambra,aguata,ikenga_primary_health_centre,Full solar system only,Not ready,Moderately ready,Solar top-up,Router
6647bdd6-7f94-41c9-9952-0be8d5942c54,jigawa,dutse,sakwaya_primary_health_centre,Full solar system only,Not ready,Moderately ready,,Router
9880000000000000000,oyo,ogbomosho_north,saja_isaleora_primary_health_centre,Full solar system only,Not ready,Moderately ready,,Router
d5f44ead-1e11-4e1e-a11e-a2b2d417bc19,akwa_ibom,nsit_atai,ikot_itie_udung_health_centre,Router only,Ready,Moderately ready,Full solar system,Router
d5f44ead-1e11-4e1e-a11e-a2b2d417bc19,akwa_ibom,nsit_atai,ikot_itie_udung_health_centre,Full solar system only,Not ready,Moderately ready,Full solar system,Router
57f0ccf1-d006-41b3-b1b0-f70fe1ddb15b,kano,kumbotso,ahmad_ado_bayero_primary_health_centre,Full solar system only,Not ready,Moderately ready,,FibreX
935d95c9-0641-434d-a584-900798d64306,kano,kumbotso,na_ibawa_gabas_health_post,Full solar system only,Not ready,Moderately ready,Full solar system,FibreX
7b772beb-9b9e-429c-b669-1fd452c363fe,kano,kumbotso,guringawa_model_primary_health_centre,Router only,Ready,Moderately ready,Full solar system,
7b772beb-9b9e-429c-b669-1fd452c363fe,kano,kumbotso,guringawa_model_primary_health_centre,Full solar system only,Not ready,Ready,Full solar system,
6426c5ab-7ac2-4a65-8303-fc00cea6992d,anambra,dunukofia,nawgu_2_primary_health_centre,Full solar system only,Not ready,Moderately ready,,Router
9d21d48e-0bbe-4453-b29c-91769a1f7dd6,kano,kumbotso,shekar_barde_primary_health_centre,Full solar system only,Not ready,Ready,,
e144ac37-1fd1-46f9-8a31-96a2ecf63af4,jigawa,auyo,kafur_primary_health_centre,Full solar system only,Not ready,Moderately ready,,Router
689de837-9cc9-4ba8-9e63-98ca4aaf002f,jigawa,auyo,ayan_primary_health_centre,Full solar system only,Not ready,Moderately ready,,Router
2554b4a4-4f21-4e3f-9010-155991126ea9,jigawa,auyo,kaban_health_post,Full solar system only,Not ready,Moderately ready,Full solar system,Router
f885440b-3f64-446a-9a5c-2f142252a965,jigawa,auyo,shiyo_health_post,Full solar system only,Not ready,Moderately ready,Full solar system,Router
5ffebc1b-da67-419a-93c1-940c9dc550bd,jigawa,auyo,unik_basic_health_primary_health_centre,Full solar system only,Not ready,Moderately ready,Full solar system,Router
f97b6aad-1b6f-4af7-a7ab-bb77b12fbbc4,kano,kura,hadejia_jamaare_primary_health_centre,Full solar system only,Not ready,Moderately ready,Full solar system,Router
2fe34444-b66e-429d-826b-c9b5cd247ad0,akwa_ibom,uyo,mbiabong_anyanya_health_post,Router only,Ready,Moderately ready,Full solar system,Router
2fe34444-b66e-429d-826b-c9b5cd247ad0,akwa_ibom,uyo,mbiabong_anyanya_health_post,Full solar system only,Not ready,Moderately ready,Full solar system,Router
9e4c52ef-1b7c-493d-a10e-ef87271bf809,kano,kura,tanawa_health_post,Full solar system only,Not ready,Moderately ready,,Router
fddd4d4e-43be-42ae-b203-8a3e8c0420fc,kano,kura,alkalawa_health_post,Full solar system only,Not ready,Moderately ready,,FibreX
5700b75f-434c-4e6d-a99a-2e691a787545,jigawa,auyo,guyu_health_post,Full solar system only,Not ready,Moderately ready,Full solar system,Router
828586ad-7395-4f62-99cc-9f002b1776d8,kano,rogo,tudun_magaji_health_post,Full solar system only,Not ready,Moderately ready,Full solar system,Router
daf83d33-a755-41f0-af50-485c58badb9b,kano,rogo,fulatan_basic_health_clinic,Full solar system only,Not ready,Ready,,
b9173f13-388a-40ed-91c7-77647a83b1c2,kano,rogo,kauyen_liman_health_clinic,Full solar system only,Not ready,Ready,,
911b9557-4374-4fa5-838f-4b0a6257fe60,anambra,ogbaru,okpoko_3_primary_health_centre,Router only,Ready,Moderately ready,Full solar system,
911b9557-4374-4fa5-838f-4b0a6257fe60,anambra,ogbaru,okpoko_3_primary_health_centre,Full solar system only,Not ready,Ready,Full solar system,
56df8652-1559-4c8d-9837-aae754fa7048,anambra,ogbaru,akili_ozizor_primary_health_centre,Full solar system only,Not ready,Moderately ready,,Router
03e533bd-b183-44c9-9259-3782d1749c79,anambra,ogbaru,okpoko_6_primary_health_centre,Full solar system only,Not ready,Moderately ready,,Router
5709d7c5-7658-44f2-aef9-ae523dfe1c8d,anambra,ogbaru,okpoko_4_primary_health_centre,Full solar system only,Not ready,Moderately ready,,Router
3422bf62-becc-409e-bd45-050a338cade3,niger,katcha,sidi_saba_primary_health_centre,Router only,Ready,Moderately ready,Full solar system,Router
3422bf62-becc-409e-bd45-050a338cade3,niger,katcha,sidi_saba_primary_health_centre,Full solar system only,Not ready,Moderately ready,Full solar system,Router
468c9b43-7339-4d7a-8d38-07515b906b8c,jigawa,auyo,shinge_gabas_primary_health_centre,Router only,Ready,Moderately ready,Full solar system,Router
468c9b43-7339-4d7a-8d38-07515b906b8c,jigawa,auyo,shinge_gabas_primary_health_centre,Full solar system only,Not ready,Moderately ready,Full solar system,Router
945a166a-34bd-4b6d-b4fe-5ea9e2e752e5,kano,doguwa,dadin_kowa_health_post,Router only,Ready,Moderately ready,Full solar system,
945a166a-34bd-4b6d-b4fe-5ea9e2e752e5,kano,doguwa,dadin_kowa_health_post,Full solar system only,Not ready,Ready,Full solar system,
c2de76e4-b30f-4daa-924c-940140c84487,jigawa,kafin_hausa,tuminjira_primary_health_centre,Full solar system only,Not ready,Moderately ready,,Router
6a04d6a2-7412-4964-ac0e-1ebe77f858e6,jigawa,kafin_hausa,shamakeri_primary_health_centre,Full solar system only,Not ready,Moderately ready,,Router
02e59f0a-5284-433f-afce-8bc5fc3fcd92,jigawa,kafin_hausa,ruba_primary_health_centre,Full solar system only,Not ready,Moderately ready,,FibreX
47636bf6-550b-4b26-ad16-54f02d7a44c6,kano,kiru,kafin_maiyaki_primary_health_centre,Full solar system only,Not ready,Moderately ready,,Router
9f91a2e3-8d54-4eab-bc2b-ccf61c08c7a6,oyo,ibarapa_north,ayete_primary_health_centre,Router only,Ready,Moderately ready,Solar top-up,Router
9f91a2e3-8d54-4eab-bc2b-ccf61c08c7a6,oyo,ibarapa_north,ayete_primary_health_centre,Full solar system only,Not ready,Moderately ready,Solar top-up,Router
8e4b58a0-99af-4a01-8ba0-d00cac789d13,jigawa,gwiwa,rorau_primary_health_centre,Router only,Ready,Moderately ready,Full solar system,Router
8e4b58a0-99af-4a01-8ba0-d00cac789d13,jigawa,gwiwa,rorau_primary_health_centre,Full solar system only,Not ready,Moderately ready,Full solar system,Router
2f739b7b-3f9c-4032-91f3-2be61250f9ec,oyo,surulere,oy_iresaapa_primary_health_centre,Full solar system only,Not ready,Moderately ready,,Router
d2e5399a-15eb-464b-a6b3-55b2c7a017fb,jigawa,gwiwa,buntusu_primary_health_centre,Full solar system only,Not ready,Moderately ready,,Router
3d508c31-fb8d-4ec9-bdfe-149d224fe5d6,anambra,aguata,ora_eri_primary_health_centre,Router only,Ready,Moderately ready,Full solar system,Router
3d508c31-fb8d-4ec9-bdfe-149d224fe5d6,anambra,aguata,ora_eri_primary_health_centre,Full solar system only,Not ready,Moderately ready,Full solar system,Router
af7f75b2-ecbe-40e4-9948-902e02ff3f9d,oyo,ibarapa_north,tapa_primary_health_centre,Full solar system only,Not ready,Moderately ready,Full solar system,Router
13d9d978-00b1-4599-8e40-810318da0ead,adamawa,fufore,ribadu_primary_health_centre,Full solar system only,Not ready,Moderately ready,,Router
9a3a25b5-9732-4c3a-9add-165a575e89da,kano,gabasawa,zakirai_primary_health_centre,Full solar system only,Not ready,Ready,,
703dcc8b-2f23-4ab5-b10f-a065685312bb,kano,gabasawa,tarauni_health_post,Full solar system only,Not ready,Moderately ready,Full solar system,FibreX
53528f87-869d-457b-a801-503fe54fe039,oyo,ibarapa_north,tapa_6_bed_hospital,Router only,Ready,Moderately ready,Full solar system,Router
53528f87-869d-457b-a801-503fe54fe039,oyo,ibarapa_north,tapa_6_bed_hospital,Full solar system only,Not ready,Moderately ready,Full solar system,Router
6becbe65-ec9f-4a66-94fc-6e824c1245c0,kano,kiru,kiru_comprehensive_health_centre,Router only,Ready,Moderately ready,Solar top-up,Router
6becbe65-ec9f-4a66-94fc-6e824c1245c0,kano,kiru,kiru_comprehensive_health_centre,Full solar system only,Not ready,Moderately ready,Solar top-up,Router
48756ab5-7c7c-450b-9d15-2dd68c3aa719,kano,kiru,dangora_basic_health_clinic,Full solar system only,Not ready,Moderately ready,Full solar system,Router
44a046dd-4a14-466f-afa2-81002da979dd,jigawa,kiri_kasamma,saleri_primary_health_centre,Full solar system only,Not ready,Ready,,
b71cab83-ef28-489e-b140-8366c5b1d604,jigawa,kiri_kasamma,madachi_primary_health_centre,Full solar system only,Not ready,Moderately ready,,Router
e444d2b5-9c44-4d7d-a2b0-2f2fca675bda,jigawa,kiri_kasamma,marma_primary_health_centre,Full solar system only,Not ready,Moderately ready,,Router
c4bc4694-245c-4237-aff7-e812855e3309,jigawa,kiri_kasamma,tasheguwa_primary_health_centre,Full solar system only,Not ready,Moderately ready,,Router
bf65ef0f-12ee-451b-b3d4-cf33bd838fcd,anambra,aguata,ifite_igboukwu_primary_health_centre,Full solar system only,Not ready,Moderately ready,Full solar system,Router
6e6d1992-c2c2-4a10-b2ac-08d3347b139a,kano,gezawa,tumbau_health_post,Router only,Ready,Moderately ready,Full solar system,Router
6e6d1992-c2c2-4a10-b2ac-08d3347b139a,kano,gezawa,tumbau_health_post,Full solar system only,Not ready,Moderately ready,Full solar system,Router
256f36ee-ab48-4610-ac6d-7d05c8195816,kano,shanono,shakogi_health_post,Router only,Ready,Moderately ready,Full solar system,Router
256f36ee-ab48-4610-ac6d-7d05c8195816,kano,shanono,shakogi_health_post,Full solar system only,Not ready,Moderately ready,Full solar system,Router
1983dae9-85af-4511-9fa5-7a4a2ae7b7dc,akwa_ibom,ika,nto_uso_health_centre,Full solar system only,Not ready,Moderately ready,Full solar system,Router
c4d4a423-76d5-4468-9437-c10cbf739b1e,jigawa,buji,gantsa_primary_health_centre,Full solar system only,Not ready,Moderately ready,,Router
0eb86b40-932d-4e3f-b747-ac6bffb45916,oyo,iwajowa,idiko_ago_primary_health_centre,Router only,Ready,Moderately ready,Solar top-up,Router
0eb86b40-932d-4e3f-b747-ac6bffb45916,oyo,iwajowa,idiko_ago_primary_health_centre,Full solar system only,Not ready,Moderately ready,Solar top-up,Router
2980e3a3-8ab1-4ee1-93ad-9246dec985e3,adamawa,gombi,fotta_primary_health_centre,Router only,Ready,Moderately ready,Full solar system,Router
2980e3a3-8ab1-4ee1-93ad-9246dec985e3,adamawa,gombi,fotta_primary_health_centre,Full solar system only,Not ready,Moderately ready,Full solar system,Router
1204e5da-5468-4270-a273-3437d8f5f157,nasarawa,karu,kodope_primary_health_centre,Router only,Ready,Moderately ready,Full solar system,Router
cae0ee72-3b99-4e99-95ae-6e0f8d1b5945,oyo,ona_ara,ajia_primary_health_centre,Full solar system only,Not ready,Moderately ready,,Router
aea26fa3-f80e-4b04-a3f2-4a15b979732a,akwa_ibom,oron,uya_oron_health_post,Full solar system only,Not ready,Moderately ready,Full solar system,Router
27dcd1f5-8b17-413e-96e2-9b89a8693b22,adamawa,gombi,ga_anda_primary_health_centre,Full solar system only,Not ready,Moderately ready,Full solar system,Router
a6601d21-b367-4a5a-ad04-f325dfba7944,jigawa,gumel,daurawa_primary_health_centre,Full solar system only,Not ready,Moderately ready,,Router
dbfe899c-0eb5-4c66-91b4-686ea2880d54,oyo,ibadan_south_east,oritaperin_health_centre,Router only,Ready,Moderately ready,Full solar system,Router
9c2e51b0-3fb5-4e24-9137-127bef27ccf4,akwa_ibom,ika,achan_ika_health_centre,Full solar system only,Not ready,Moderately ready,Full solar system,Router
93151d40-99c4-464a-85ed-b05877e58100,akwa_ibom,ika,ikot_udom_health_centre,Router only,Ready,Moderately ready,Solar top-up,Router
93151d40-99c4-464a-85ed-b05877e58100,akwa_ibom,ika,ikot_udom_health_centre,Full solar system only,Not ready,Moderately ready,Solar top-up,Router
c0843056-642d-40e6-8086-87a48bd66596,oyo,surulere,oy_iresaadu_comprehensive_health_centre,Full solar system only,Not ready,Moderately ready,,Router
0ba0d1ca-5bab-434c-a233-48614b234328,kano,gezawa,jogana_primary_health_centre,Full solar system only,Not ready,Moderately ready,,Router
01a41eaf-3281-4c75-90fc-92bdbc3901e5,anambra,anaocha,nri_1_primary_health_centre,Full solar system only,Not ready,Moderately ready,,FibreX
836b3e08-919c-4b27-be11-5763fc9a5e12,kano,shanono,kokiya_health_post,Router only,Ready,Moderately ready,Full solar system,Router
39b8274b-e71e-4690-a1d3-210243ba27f0,anambra,orumba_north,ndikelionwu_primary_health_centre,Full solar system only,Not ready,Moderately ready,Full solar system,Router
f27fcde7-8745-46fb-a615-491c1d449895,jigawa,dutse,yina_primary_health_centre,Full solar system only,Not ready,Moderately ready,,Router
c0dbc553-3661-400d-941e-ee757df86b0b,anambra,onitsha_north,woliwo_primary_health_centre,Full solar system only,Not ready,Ready,,
cf9fd3b1-8f30-4d50-b5b3-169b396df079,jigawa,birnin_kudu,kantoga_primary_health_centre,Full solar system only,Not ready,Moderately ready,,Router
7b140dbe-5177-4ad0-b418-3f304e6833cc,niger,suleja,late_gambo_basic_health_centre,Full solar system only,Not ready,Moderately ready,,Router
928127ab-069c-4734-926e-7201907baf34,jigawa,gumel,gusau_primary_health_centre,Full solar system only,Not ready,Moderately ready,,Router
69412fba-5902-4d12-b9ab-41d8f30449ab,akwa_ibom,oron,esin_ufot_primary_health_centre,Full solar system only,Not ready,Moderately ready,Full solar system,Router
14d6acdc-86c2-4ad6-aed3-a16e2857153d,akwa_ibom,esit_eket,ikpa_health_centre,Full solar system only,Not ready,Moderately ready,,Router
21291f5d-3964-41c6-a95d-1239db60525d,kano,bagwai,romo_health_clinic,Full solar system only,Not ready,Ready,,
4aa58477-cdf8-4c62-9172-c78d563b2ad8,jigawa,maigatari,jajeri_primary_health_centre,Full solar system only,Not ready,Moderately ready,,Router
abef8832-1f24-48c8-929b-40843825e3eb,oyo,ogbomosho_north,taraa_primary_health_centre,Full solar system only,Not ready,Moderately ready,,Router
e648da6b-6478-440c-ae58-8de3c62b4cc8,anambra,aguata,umuona_primary_health_centre,Router only,Ready,Moderately ready,Full solar system,Router
e648da6b-6478-440c-ae58-8de3c62b4cc8,anambra,aguata,umuona_primary_health_centre,Full solar system only,Not ready,Moderately ready,Full solar system,Router
058f34d8-6db3-424f-851a-ae115bacb7af,kano,bagwai,kwajale_health_post,Full solar system only,Not ready,Ready,,
fb6f5572-bb5b-446e-918f-02ff5fd8d9aa,akwa_ibom,ika,efen_ikot_udonya_health_post,FibreX only,Ready,Moderately ready,,Router
fb6f5572-bb5b-446e-918f-02ff5fd8d9aa,akwa_ibom,ika,efen_ikot_udonya_health_post,Full solar system only,Not ready,Moderately ready,,Router
ec71c0d5-96bd-44af-8938-5e240532196a,kano,danbatta,gwarabjawa_health_post,Full solar system only,Not ready,Moderately ready,,Router
6838b912-7aae-4ae0-99b9-0cb8def73be1,akwa_ibom,uruan,nung_ikono_ufok_health_post,Full solar system only,Not ready,Moderately ready,Full solar system,Router
507b9f75-23af-46ad-9144-afaaac968db2,akwa_ibom,uruan,ibiaku_issiet_health_centre,Router only,Ready,Moderately ready,Full solar system,Router
507b9f75-23af-46ad-9144-afaaac968db2,akwa_ibom,uruan,ibiaku_issiet_health_centre,Full solar system only,Not ready,Moderately ready,Full solar system,Router
9355e73a-938f-4ad9-ac86-49863db3fbfd,adamawa,mayo_belwa,binkola_primary_health_centre,Router only,Ready,Moderately ready,Solar top-up,Router
9355e73a-938f-4ad9-ac86-49863db3fbfd,adamawa,mayo_belwa,binkola_primary_health_centre,Full solar system only,Not ready,Moderately ready,Solar top-up,Router
2d083700-d5ef-4e12-a578-d3680ba10743,kano,bagwai,rimin_dako_health_post,Full solar system only,Not ready,Ready,Full solar system,
2d69e62e-c57f-4ab4-b376-5ebda214978b,kano,bichi,muntsira_health_post,Full solar system only,Not ready,Ready,,
3ee57ebf-aea6-45b4-9f1f-a2492152d83a,jigawa,buji,falgeri_primary_health_centre,Full solar system only,Not ready,Ready,,
8e864f4a-8e29-4a3a-aa70-2d56004594b6,jigawa,maigatari,kukayaskun_kalu_primary_health_centre,Router only,Ready,Moderately ready,Solar top-up,Router
4ba033ac-e705-4774-bffc-d934485e0ff4,akwa_ibom,essien_udim,ukana_ikot_ideh_health_centre,Router only,Ready,Moderately ready,Full solar system,Router
ae96850f-b9b7-42d3-9af7-076bb3f2fddd,akwa_ibom,abak,utu_ikot_ebak_health_post,Full solar system only,Not ready,Moderately ready,Full solar system,Router
90cdbb99-fc15-443c-94a4-7ce1d20a7757,akwa_ibom,abak,ibanang_ediene_health_centre,Full solar system only,Not ready,Moderately ready,,Router
5bb5c158-e7d7-470c-a9a7-f1d5cd44cb27,akwa_ibom,ndung_uko,eyofin_primary_health_centre,FibreX only,Ready,Moderately ready,,Router
5bb5c158-e7d7-470c-a9a7-f1d5cd44cb27,akwa_ibom,ndung_uko,eyofin_primary_health_centre,Full solar system only,Not ready,Moderately ready,,Router
147e627a-f3a9-4692-af7d-3e36eb11a983,jigawa,gumel,mayanka_primary_health_centre,Full solar system only,Not ready,Moderately ready,,Router
be8a8cb0-ec9f-4407-9805-75239bedd564,akwa_ibom,esit_eket,base_uquo_primary_health_centre,Full solar system only,Not ready,Moderately ready,,Router
41ac1fd4-510d-4e3a-8a01-d46788a26e23,kano,gwale,aisami_health_clinic,Full solar system only,Not ready,Moderately ready,Full solar system,Router
cf4cad1b-dc2c-4cd4-ab6e-29f9538ffb88,anambra,anaocha,nri_2_primary_health_centre,Full solar system only,Not ready,Moderately ready,Full solar system,Router
4e4a1cd8-949f-4455-a41d-593607a4858d,jigawa,maigatari,daguma_primary_health_centre,Router only,Ready,Moderately ready,Solar top-up,Router
4e4a1cd8-949f-4455-a41d-593607a4858d,jigawa,maigatari,daguma_primary_health_centre,Full solar system only,Not ready,Moderately ready,Solar top-up,Router
1bb9d739-47b9-4a8d-9744-df07c9987e07,kano,gezawa,gezawa_health_post,Full solar system only,Not ready,Moderately ready,Full solar system,Router
9dbbb611-0de9-460f-b52c-7c4b1a15537f,kano,gezawa,sararin_geazawa_health_post,Full solar system only,Not ready,Moderately ready,Full solar system,Router
8d68bb46-1147-4528-a539-e895b30c1c50,akwa_ibom,oron,idua_assang_health_post,Full solar system only,Not ready,Moderately ready,Full solar system,Router
248ff988-0c7c-49bb-8918-cd78b1a7e66e,kano,gezawa,imamu_wali_primary_health_centre,Router only,Ready,Moderately ready,Full solar system,Router
248ff988-0c7c-49bb-8918-cd78b1a7e66e,kano,gezawa,imamu_wali_primary_health_centre,Full solar system only,Not ready,Moderately ready,Full solar system,Router
e269a5c7-25da-4c94-b4c2-d6db761ef207,kano,danbatta,ajumawa_health_post,Full solar system only,Not ready,Moderately ready,,Router
8cb33ed1-f2bc-4886-b7a3-143dbb7dc00d,oyo,ogbomosho_north,okelerin_primary_health_centre,Router only,Ready,Moderately ready,Solar top-up,Router
8cb33ed1-f2bc-4886-b7a3-143dbb7dc00d,oyo,ogbomosho_north,okelerin_primary_health_centre,Full solar system only,Not ready,Moderately ready,Solar top-up,Router
f6e917d7-eea4-4e87-94c1-484da35063a2,kano,albasu,duja_health_clinic,Router only,Ready,Moderately ready,Solar top-up,Router
f6e917d7-eea4-4e87-94c1-484da35063a2,kano,albasu,duja_health_clinic,Full solar system only,Not ready,Moderately ready,Solar top-up,Router
a794a8be-fdcb-4aa5-b432-5e35b49f368a,anambra,aguata,obiuno_igboukwu_primary_health_centre,Full solar system only,Not ready,Moderately ready,,Router
173c59a9-1d51-49ae-864d-6f9bea6e585c,anambra,anambra_east,nnenyi_umueri_primary_health_centre,Full solar system only,Not ready,Moderately ready,,Router
74bca4b0-c120-4367-9598-7e555f28fb7f,oyo,ona_ara,gbedun_primary_health_centre,Full solar system only,Not ready,Moderately ready,,Router
e8e43712-0be3-4b67-8a21-61311471c897,nasarawa,toto,toto_primary_health_centre_mphc,Full solar system only,Not ready,Moderately ready,,Router
069f8dca-3b12-4f43-a165-f628e5a941f5,oyo,iwajowa,idiko_ile_primary_health_centre,Router only,Ready,Moderately ready,Solar top-up,Router
069f8dca-3b12-4f43-a165-f628e5a941f5,oyo,iwajowa,idiko_ile_primary_health_centre,Full solar system only,Not ready,Moderately ready,Solar top-up,Router
36a15753-4e58-4926-b85e-e49d2c8f5e1d,kano,shanono,dutsen_bakoshi_health_post,Full solar system only,Not ready,Moderately ready,Full solar system,Router
c2a70e38-379c-46b5-bdee-92f0db4819dc,adamawa,fufore,gurin_health_centre,Router only,Ready,Moderately ready,Full solar system,Router
c2a70e38-379c-46b5-bdee-92f0db4819dc,adamawa,fufore,gurin_health_centre,Full solar system only,Not ready,Moderately ready,Full solar system,Router
24056cb2-4893-4487-bff4-b9cf83471981,kano,gabasawa,karmami_maternal_and_child_health,Full solar system only,Not ready,Moderately ready,,FibreX
42c07ae5-b790-4f9c-b21c-95455f347d78,kano,warawa,danlassan_primary_health_centre,Full solar system only,Not ready,Ready,,
611dd715-9ad3-492d-a3cf-9fc3f3d9bfb5,akwa_ibom,ndung_uko,eyo_okponung_primary_health_centre,FibreX only,Ready,Moderately ready,,Router
611dd715-9ad3-492d-a3cf-9fc3f3d9bfb5,akwa_ibom,ndung_uko,eyo_okponung_primary_health_centre,Full solar system only,Not ready,Moderately ready,,Router
8aebba0d-0340-41fb-b6fd-b65387048e99,anambra,oyi,umuzu_primary_health_centre,Full solar system only,Not ready,Moderately ready,,Router
068b0090-d318-4ee8-b020-a662d797415f,kano,gwale,mangwarori_health_clinic,Full solar system only,Not ready,Moderately ready,,Router
e4d2f6cb-3a57-4534-accc-b591abb8a154,jigawa,gumel,dan_ama_primary_health_centre,Full solar system only,Not ready,Moderately ready,,Router
87b15d56-7dfd-401e-8444-79399ddbf22c,jigawa,hadejia,agumau_primary_health_centre,Router only,Ready,Moderately ready,Full solar system,
87b15d56-7dfd-401e-8444-79399ddbf22c,jigawa,hadejia,agumau_primary_health_centre,Full solar system only,Not ready,Ready,Full solar system,
0ca79f91-cca5-4d93-aa56-71898364f562,oyo,ogbomosho_north,ibrahim_taiwo_primary_health_centre,Full solar system only,Not ready,Moderately ready,,Router
6d9180e8-2126-4f48-980c-2207e4a5d01a,anambra,orumba_north,oko_primary_health_centre,Full solar system only,Not ready,Moderately ready,Full solar system,Router
ffb39066-83db-40eb-8097-e8fbbc9987ea,anambra,dunukofia,umugama_primary_health_centre,Full solar system only,Not ready,Moderately ready,,Router
4a924691-44af-4461-b238-a3dfe6cd296e,jigawa,birnin_kudu,unguwar_ya_primary_health_centre,Full solar system only,Not ready,Moderately ready,,Router
55ea0677-f321-4671-896e-6dfe8bd536ed,kano,gaya,balan_model_primary_health_centre,Full solar system only,Not ready,Moderately ready,,Router
de4e3750-a982-4da9-8d06-3638c910170d,jigawa,buji,buji_primary_health_centre,Full solar system only,Not ready,Moderately ready,,Router
0a2a4208-c8db-406b-9a9e-5c350e3fe9d4,adamawa,fufore,malabu_primary_health_centre,Full solar system only,Not ready,Ready,Full solar system,
0ec6002b-5c98-4f7f-860a-a381b9c7e5ad,niger,katcha,chcc_bakeko_primary_health_centre,Router only,Ready,Moderately ready,Full solar system,Router
0ec6002b-5c98-4f7f-860a-a381b9c7e5ad,niger,katcha,chcc_bakeko_primary_health_centre,Full solar system only,Not ready,Moderately ready,Full solar system,Router
bc31ee29-0606-42a2-8688-65db0c2bc929,akwa_ibom,etinan,edem_ekpat_primary_health_centre,Router only,Ready,Moderately ready,Full solar system,Router
6fba560d-ca8d-4206-8f84-60830918cbb3,anambra,anaocha,nneogidi_primary_health_centre,Full solar system only,Not ready,Moderately ready,,Router
027cda5b-f345-4a09-a431-c7327f543bb2,anambra,dunukofia,ukwulu_primary_health_centre,Router only,Ready,Moderately ready,Solar top-up,Router
027cda5b-f345-4a09-a431-c7327f543bb2,anambra,dunukofia,ukwulu_primary_health_centre,Full solar system only,Not ready,Moderately ready,Solar top-up,Router
745a74fe-a8fc-433a-a61a-f8b196152a83,anambra,oyi,ifite_nteje_primary_health_centre,Full solar system only,Not ready,Moderately ready,,Router
5acadaed-5814-4c4c-904a-798eebaf4df4,kano,warawa,yan_dalla_health_post,Full solar system only,Not ready,Moderately ready,Full solar system,FibreX
c11a87bb-384a-45d5-9aeb-f7a66d1dc341,kano,albasu,bataiya_primary_health_centre,Router only,Ready,Moderately ready,Full solar system,Router
c11a87bb-384a-45d5-9aeb-f7a66d1dc341,kano,albasu,bataiya_primary_health_centre,Full solar system only,Not ready,Moderately ready,Full solar system,Router
9fc06648-b1ab-420a-978f-9c13a35908a6,kano,albasu,hungu_primary_health_centre,Full solar system only,Not ready,Moderately ready,,Router
b64fa6f5-1d0e-40a9-9d7f-a6b61bc487b0,kano,albasu,fanda_model_primary_health_centre,Full solar system only,Not ready,Moderately ready,,Router
3a404098-ee79-4a9c-b9f9-f4fbe1a3114e,anambra,orumba_north,oko_2_primary_health_centre,Router only,Ready,Moderately ready,Full solar system,Router
3a404098-ee79-4a9c-b9f9-f4fbe1a3114e,anambra,orumba_north,oko_2_primary_health_centre,Full solar system only,Not ready,Moderately ready,Full solar system,Router
b9ff50f4-67ea-4be6-9327-da84e4bcd782,akwa_ibom,ndung_uko,eyonsek_health_centre,FibreX only,Ready,Moderately ready,,Router
b9ff50f4-67ea-4be6-9327-da84e4bcd782,akwa_ibom,ndung_uko,eyonsek_health_centre,Full solar system only,Not ready,Moderately ready,,Router
a99955ba-6e80-4d5a-993f-8a6a80945d2b,kano,bunkure,chirin_health_clinic,Full solar system only,Not ready,Moderately ready,Full solar system,Router
ae53245f-65a0-4745-ae0c-17513edc8bea,nasarawa,toto,shafan_kwotto_primary_health_centre,Full solar system only,Not ready,Moderately ready,,Router
30fc34a9-22f6-4b28-b2ff-9af84b123851,akwa_ibom,oron,oron_ija_primary_health_centre,Full solar system only,Not ready,Moderately ready,,Router
af9965e6-3688-4a9f-ab41-dbd0eeaf4c3f,kano,gwale,garangamawa_primary_health_centre,Full solar system only,Not ready,Moderately ready,,FibreX
178c0fa7-a9e0-455f-b450-b1c058b7f2d6,kano,shanono,kadamu_model_primary_health_centre,Full solar system only,Not ready,Ready,,
f5299601-b22e-46ff-a31b-c66121242fd2,kano,warawa,garun_dau_health_post,Full solar system only,Not ready,Moderately ready,Full solar system,FibreX
f6f383d7-0c6f-4d97-a806-421a621ad1bb,akwa_ibom,etinan,ikot_ekan_health_post,Full solar system only,Not ready,Moderately ready,Full solar system,Router
726e0bb3-36cb-46be-b7aa-4c1b8b3a11f2,akwa_ibom,ika,ikot_inyang_ese_health_post,Full solar system only,Not ready,Moderately ready,Full solar system,Router
f526f596-b395-414f-9760-d5b27fb9c2f2,akwa_ibom,ndung_uko,uboro_isong_inyang_health_post,Full solar system only,Not ready,Moderately ready,Full solar system,Router
aa212faf-984f-4727-9f5d-960e78bc3072,kano,dala,kofar_mazugal_health_post,Router only,Ready,Moderately ready,Full solar system,Router
223e6457-2db4-463d-bce4-93314ab974c7,kano,gaya,dr_rabiu_musa_kwankwaso_health_clinic,Full solar system only,Not ready,Moderately ready,,Router
512f260e-d762-4865-a864-b36bf8451c9a,kano,bunkure,kulluwa_health_clinic,Full solar system only,Not ready,Moderately ready,Full solar system,Router
18ad6c51-da1e-4bfc-a378-b719e8208394,akwa_ibom,oron,eyo_abasi_health_post,Full solar system only,Not ready,Moderately ready,Full solar system,Router
73ba1289-8a81-42dc-a165-90718d9a1801,niger,katcha,katcha_primary_health_centre,Router only,Ready,Moderately ready,Full solar system,Router
73ba1289-8a81-42dc-a165-90718d9a1801,niger,katcha,katcha_primary_health_centre,Full solar system only,Not ready,Moderately ready,Full solar system,Router
4e7f3bde-3a1f-4747-b8d5-145dcd91ef03,oyo,ona_ara,kehinsi_primary_health_centre,Full solar system only,Not ready,Moderately ready,Full solar system,Router
2ba98a7a-94a6-4e0e-a25d-2f2f5806ca4e,oyo,atiba,okeoroki_health_clinic,Full solar system only,Not ready,Moderately ready,,Router
84d60a2e-1258-408a-807d-f049edc0d57a,anambra,orumba_north,nanka_2_primary_health_centre,FibreX only,Ready,Moderately ready,,Router
84d60a2e-1258-408a-807d-f049edc0d57a,anambra,orumba_north,nanka_2_primary_health_centre,Full solar system only,Not ready,Moderately ready,,Router
311a6108-25b1-4d77-a6bc-45f8aa89ea14,jigawa,birnin_kudu,babaldu_primary_health_centre,Full solar system only,Not ready,Moderately ready,Full solar system,Router
5c97fd43-27d4-415d-8556-2d70c1d294d8,kano,dala,adakawa_health_post,Full solar system only,Not ready,Moderately ready,,Router
6ca5d9c9-4cbf-4c56-8722-4eede3a08b2f,kano,shanono,alajawa_health_post,Full solar system only,Not ready,Moderately ready,Full solar system,Router
e345d5f5-f095-438b-a4f5-ea2d4a391533,jigawa,maigatari,galadi_primary_health_centre,Router only,Ready,Moderately ready,Solar top-up,Router
e345d5f5-f095-438b-a4f5-ea2d4a391533,jigawa,maigatari,galadi_primary_health_centre,Full solar system only,Not ready,Moderately ready,Solar top-up,Router
2bc1cd58-0eb0-4cc8-95e1-52e85ee76d61,jigawa,auyo,auyo_primary_health_centre,Full solar system only,Not ready,Moderately ready,,Router
83e4af1f-7a05-4d4f-bd2b-ffcd4c6435a6,kano,tofa,yanoko_health_post,Full solar system only,Not ready,Moderately ready,Full solar system,Router
0373ebb5-e61c-40b2-8164-c4d8f383c166,kano,tofa,tofa_comprehensive_health_centre,Router only,Ready,Moderately ready,Full solar system,
0373ebb5-e61c-40b2-8164-c4d8f383c166,kano,tofa,tofa_comprehensive_health_centre,Full solar system only,Not ready,Ready,Full solar system,
bb3217bd-3b90-43cc-98d9-53e665791570,adamawa,mayo_belwa,mayo_farang_primary_health_centre,Full solar system only,Not ready,Ready,,
8ba2c87a-b9dc-4aba-a12e-ac5307b737c6,kano,kura,danhassan_primary_health_centre,Full solar system only,Not ready,Moderately ready,,Router
7cbdf193-b6a1-449c-963a-158358596d9f,kano,doguwa,burji_primary_health_centre,Full solar system only,Not ready,Moderately ready,,FibreX
9b7d0124-e295-4fc6-bd1e-1008fad6fc77,kano,rogo,kaleku_primary_health_centre,Router only,Ready,Moderately ready,Solar top-up,
9b7d0124-e295-4fc6-bd1e-1008fad6fc77,kano,rogo,kaleku_primary_health_centre,Full solar system only,Not ready,Moderately ready,Solar top-up,
9b7d0124-e295-4fc6-bd1e-1008fad6fc77,kano,rogo,kaleku_primary_health_centre,Solar top-up + Network extension,Moderately ready,Ready,Solar top-up,
ff593d3f-2e2b-4461-9a4b-f5bbf33d8978,kano,rogo,falgore_model_primary_health_centre_rogo,Full solar system only,Not ready,Moderately ready,,Router
7e26eddf-7981-445b-9080-bacf8128a872,kano,rogo,beli_basic_health_clinic,Full solar system only,Not ready,Ready,,
5cfad3ac-7b2e-4576-9694-85cef5f4bdf3,jigawa,sule_tankarkar,shabaru_primary_health_centre,Router only,Ready,Moderately ready,Full solar system,Router
5cfad3ac-7b2e-4576-9694-85cef5f4bdf3,jigawa,sule_tankarkar,shabaru_primary_health_centre,Full solar system only,Not ready,Moderately ready,Full solar system,Router
e76cd019-0eec-4b46-84e2-707d1a472b2b,jigawa,sule_tankarkar,albasu_primary_health_centre,Full solar system only,Not ready,Moderately ready,,Router
3a78fdb4-5868-47cf-99f6-53ded1751879,jigawa,sule_tankarkar,yandamo_primary_health_centre,Full solar system only,Not ready,Moderately ready,,Router
3d78f805-6f52-4018-b58f-ea72d3121685,jigawa,sule_tankarkar,amanga_primary_health_centre,Full solar system only,Not ready,Moderately ready,,Router
539a38a7-3aae-4691-b0d5-ad6e96c119a1,jigawa,kafin_hausa,dumadumin_toka_primary_health_centre,Full solar system only,Not ready,Moderately ready,,Router
85981ebf-b961-412f-aea0-029c2d34ad18,jigawa,kafin_hausa,kanzan_primary_health_centre,Router only,Ready,Moderately ready,Solar top-up,Router
85981ebf-b961-412f-aea0-029c2d34ad18,jigawa,kafin_hausa,kanzan_primary_health_centre,Full solar system only,Not ready,Moderately ready,Solar top-up,Router
b6d94b3c-09a0-45a4-83b2-a8a774cc86f7,jigawa,kafin_hausa,kwazalewa_primary_health_centre,Full solar system only,Not ready,Moderately ready,,Router
1de66492-c672-4fe9-9859-d363d8fb90fa,jigawa,maigatari,s_maja_primary_health_centre,Full solar system only,Not ready,Moderately ready,,Router
4563f775-f3b7-4e39-a823-d37671098b8b,kano,rogo,tsohuwar_rogo_health_post,Router only,Ready,Moderately ready,Solar top-up,Router
dbf49cc3-bc36-424f-80a8-3f10b116454b,akwa_ibom,etinan,etinan_primary_health_centre,Router only,Ready,Moderately ready,Full solar system,Router
dbf49cc3-bc36-424f-80a8-3f10b116454b,akwa_ibom,etinan,etinan_primary_health_centre,Full solar system only,Not ready,Moderately ready,Full solar system,Router
0cae7656-b30f-4491-92e8-6062958ee0c8,jigawa,auyo,gidan_dallah_primary_health_centre,Full solar system only,Not ready,Moderately ready,Full solar system,Router
b7eb0077-fe1d-4371-b564-1db4979f93d3,akwa_ibom,ika,nto_etukudo_health_centre,Router only,Ready,Moderately ready,Solar top-up,Router
b7eb0077-fe1d-4371-b564-1db4979f93d3,akwa_ibom,ika,nto_etukudo_health_centre,Full solar system only,Not ready,Moderately ready,Solar top-up,Router
aa7ff087-f699-4589-8d02-5093040ca92a,jigawa,auyo,ayama_primary_health_centre,Full solar system only,Not ready,Moderately ready,,Router
568dc3c4-b319-415a-a4fb-40e0697d4267,akwa_ibom,ika,urua_inyang_operational_base_primary_health_centre,Router only,Ready,Moderately ready,Solar top-up,Router
568dc3c4-b319-415a-a4fb-40e0697d4267,akwa_ibom,ika,urua_inyang_operational_base_primary_health_centre,Full solar system only,Not ready,Moderately ready,Solar top-up,Router
bf16dc57-febf-45f8-8f76-fdf04a860e75,kano,rogo,bari_model_primary_health_centre,Router only,Ready,Moderately ready,Solar top-up,Router
cc77b377-ddf4-4b1f-a568-0cdb4b3e7e8c,kano,kumbotso,panshekara_primary_health_centre,Full solar system only,Not ready,Ready,,
743ccd9d-8cf1-4a52-ae7d-6d10fee1a248,oyo,ona_ara,gbaremu_primary_health_centre,Full solar system only,Not ready,Moderately ready,,Router
24d68fc7-0dd3-40c7-9bf0-fceec03cff81,kano,gaya,gidan_sarkin_noma_model_primary_health_centre,Router only,Ready,Moderately ready,Full solar system,Router
24d68fc7-0dd3-40c7-9bf0-fceec03cff81,kano,gaya,gidan_sarkin_noma_model_primary_health_centre,Full solar system only,Not ready,Moderately ready,Full solar system,Router
cc587fd4-1ce1-43ad-bdd8-d7f4910de2e0,jigawa,auyo,hakudau_primary_health_centre,Router only,Ready,Moderately ready,Full solar system,Router
cc587fd4-1ce1-43ad-bdd8-d7f4910de2e0,jigawa,auyo,hakudau_primary_health_centre,Full solar system only,Not ready,Moderately ready,Full solar system,Router
79d1c51e-770e-429a-b876-754d87eb6c3b,kano,shanono,shanono_comprehensive_health_centre,Full solar system only,Not ready,Moderately ready,,Router
44ea133a-e842-49cd-84ec-8a9f58bce655,adamawa,mayo_belwa,tola_primary_health_centre,Full solar system only,Not ready,Moderately ready,Full solar system,Router
54b5bc39-8cc3-4f00-a5f0-6a67b94d8d73,adamawa,gombi,gombi_b_primary_health_centre,Router only,Ready,Moderately ready,Full solar system,
54b5bc39-8cc3-4f00-a5f0-6a67b94d8d73,adamawa,gombi,gombi_b_primary_health_centre,Full solar system only,Not ready,Ready,Full solar system,
ef759263-4205-4f6f-a516-c2693f7580a9,jigawa,gwiwa,gwiwa_primary_health_centre,Full solar system only,Not ready,Moderately ready,,Router
8a12883e-250d-4e48-a4f3-46203d3232f0,nasarawa,karu,mararaba_karu_primary_health_centre,Router only,Ready,Moderately ready,Full solar system,Router
8a12883e-250d-4e48-a4f3-46203d3232f0,nasarawa,karu,mararaba_karu_primary_health_centre,Full solar system only,Not ready,Moderately ready,Full solar system,Router
17217ff5-7857-4fdb-8ed6-325503dd1035,oyo,ibadan_south_east,mapo_primary_health_centre,Full solar system only,Not ready,Moderately ready,,Router
03586134-b2d5-4897-9956-0322b10930f5,akwa_ibom,etinan,ikot_udobia_primary_health_centre,Router only,Ready,Moderately ready,Full solar system,Router
03586134-b2d5-4897-9956-0322b10930f5,akwa_ibom,etinan,ikot_udobia_primary_health_centre,Full solar system only,Not ready,Moderately ready,Full solar system,Router
9cc967c5-4b49-466f-8cee-be44270fcf80,kano,kumbotso,chalawa_primary_health_centre,Router only,Ready,Moderately ready,Full solar system,
9cc967c5-4b49-466f-8cee-be44270fcf80,kano,kumbotso,chalawa_primary_health_centre,Full solar system only,Not ready,Ready,Full solar system,
22f8ab25-8dcf-4a66-9814-4060b66a8350,kano,warawa,warawa_primary_health_centre,Router only,Ready,Moderately ready,Full solar system,
22f8ab25-8dcf-4a66-9814-4060b66a8350,kano,warawa,warawa_primary_health_centre,Full solar system only,Not ready,Ready,Full solar system,
ee914728-c9d1-4c90-ba41-a46d1ff7fbf7,nasarawa,obi,agyaragu_primary_health_centre,Full solar system only,Not ready,Moderately ready,,Router
1ac70217-6457-468b-9392-3c89c14b147b,nasarawa,obi,gwandeya_primary_health_centre,Full solar system only,Not ready,Moderately ready,,Router
9f0a0b85-1dad-42c9-9b55-87e9321586f8,kano,gabasawa,santsi_health_post,Full solar system only,Not ready,Ready,Full solar system,
40516d30-2863-4de4-b47f-c3672f4268a2,kano,bunkure,bunkure_primary_health_centre,Full solar system only,Not ready,Moderately ready,,Router
898a14dc-33f0-41a8-80eb-f162191bff8b,adamawa,yola_north,ajiya_health_centre,Full solar system only,Not ready,Moderately ready,,Router
b06e9402-2d8a-49ff-8489-543f1c55f02f,kano,kumbotso,chiranci_basic_health_clinic,Full solar system only,Not ready,Ready,,
10548e5e-3f0d-4aaf-961f-f8e6e9aebc34,oyo,atiba,aafin_primary_health_centre,Full solar system only,Not ready,Moderately ready,,Router
94e8d42a-f8aa-4634-9d9b-abe40c96914a,oyo,ibadan_south_east,oranmiyan_primary_health_centre,Full solar system only,Not ready,Moderately ready,,Router
747d2d10-1cec-4a3d-ace5-88318670d98d,kano,warawa,gogel_basic_health_clinic,Full solar system only,Not ready,Moderately ready,,FibreX
2c1d24f9-a058-44df-bd99-ae1e8eda5117,akwa_ibom,uruan,nwaniba_health_centre,Router only,Ready,Moderately ready,Full solar system,Router
2c1d24f9-a058-44df-bd99-ae1e8eda5117,akwa_ibom,uruan,nwaniba_health_centre,Full solar system only,Not ready,Moderately ready,Full solar system,Router
93441ad5-2242-4775-88d2-21ad2ee62045,kano,doguwa,maraku_health_post,Full solar system only,Not ready,Ready,Full solar system,
24f29869-949a-4f76-a281-0584c833abae,kano,doguwa,zainabi_health_post,Full solar system only,Not ready,Ready,Full solar system,
c8fae2c7-bc3e-4467-806e-47fcf17ca77b,kano,bunkure,gwamma_health_post,Full solar system only,Not ready,Moderately ready,Full solar system,Router
100b3542-0ff5-4517-9910-72197bda739e,oyo,ona_ara,sarat_adesina_primary_health_centre,Full solar system only,Not ready,Moderately ready,,Router
f5bf4aea-0fa6-4107-991e-093f423958c0,kano,bagwai,kiyawa_basic_health_clinic,Full solar system only,Not ready,Ready,,
816d2680-423b-42a1-bc48-1b4238835a1d,kano,gwale,gwale_maternal_and_child_health_centre,Router only,Ready,Moderately ready,Solar top-up,
42d4ec40-382f-41d6-b9ad-ba5332fd038e,nasarawa,lafia,lafia_east_primary_health_centre,Full solar system only,Not ready,Moderately ready,,Router
aa618e45-96ef-43ca-b73c-95c35fc0f180,kano,tofa,unguwar_rimi_health_post,FibreX only,Ready,Moderately ready,,Router
57ec102d-c027-4290-b3bc-2142948d9bf5,kano,kumbotso,danbare_health_post,Router only,Ready,Moderately ready,Full solar system,Router
57ec102d-c027-4290-b3bc-2142948d9bf5,kano,kumbotso,danbare_health_post,Full solar system only,Not ready,Moderately ready,Full solar system,Router
5d33c803-9b11-4dba-bbb0-0fa4d7f2f3e6,kano,warawa,ganakakum_health_post,Full solar system only,Not ready,Ready,,
d8f7aad9-80ef-4d07-b5b0-352e231ed645,adamawa,mayo_belwa,binyere_primary_health_centre,Full solar system only,Not ready,Moderately ready,,Router
81325c64-21c5-4425-bbc9-0d64da78ff76,nasarawa,lafia,tudun_kauri_primary_health_centre,Full solar system only,Not ready,Moderately ready,,Router
c0140a6a-13bd-49b6-8ca4-269a97051262,nasarawa,karu,masaka_primary_health_centre,Router only,Ready,Moderately ready,Solar top-up,Router
c11cd941-90c3-42e5-8913-da175dbb5a6c,akwa_ibom,uruan,idu_primary_health_centre,Full solar system only,Not ready,Moderately ready,Full solar system,Router
720ad40d-a287-49a2-b91b-5775a7d9a975,adamawa,yola_north,abubakar_adamu_namtari_health_centre,Full solar system only,Not ready,Moderately ready,,Router
f9237ac1-4cc7-4291-84d9-5a4b053ccf2a,niger,suleja,salihu_madalla_comprehensive_health_centre,Router only,Ready,Moderately ready,Solar top-up,Router
f9237ac1-4cc7-4291-84d9-5a4b053ccf2a,niger,suleja,salihu_madalla_comprehensive_health_centre,Full solar system only,Not ready,Moderately ready,Solar top-up,Router
7c70e787-5f75-4784-b847-0df9c0a5f690,kano,bagwai,gogori_basic_health_clinic,Router only,Ready,Moderately ready,Full solar system,
7c70e787-5f75-4784-b847-0df9c0a5f690,kano,bagwai,gogori_basic_health_clinic,Full solar system only,Not ready,Ready,Full solar system,
e8c06869-0753-41d4-93df-f2ca36de50c2,kano,tofa,yarimawa_health_post,Full solar system only,Not ready,Moderately ready,Full solar system,FibreX
69926591-683c-4935-8463-750240d2e27b,kano,warawa,tanagar_health_post,Full solar system only,Not ready,Ready,,
e246b04e-461b-4956-b86e-ebb0c50bea26,kano,gwale,jaen_primary_health_centre_maternal_and_child_health,Full solar system only,Not ready,Moderately ready,Full solar system,FibreX
2f9780b5-b0f3-48d5-a010-c7757622d8c2,nasarawa,lafia,agyaragu_yakubu_primary_health_centre,Full solar system only,Not ready,Moderately ready,,Router
805182de-4fe0-4303-829f-09388ccf051c,kano,warawa,tamburawan_primary_health_centre,Full solar system only,Not ready,Moderately ready,Full solar system,FibreX
151afa8a-8819-47fb-9d33-159891be79d9,kano,tofa,langel_health_post,Full solar system only,Not ready,Ready,Full solar system,
30febcfc-1a3c-4085-8b65-55f7ee7ca1d0,kano,dala,kantudu_health_clinic,Full solar system only,Not ready,Moderately ready,,Router
2d3b011f-3b73-4b94-abd6-a48d3bb3021d,kano,warawa,jumar_galadima_health_post,Router only,Ready,Moderately ready,Full solar system,
2d3b011f-3b73-4b94-abd6-a48d3bb3021d,kano,warawa,jumar_galadima_health_post,Full solar system only,Not ready,Ready,Full solar system,
743c2485-83a8-4e48-b4ef-598e867918e4,kano,tofa,janguza_health_post,Router only,Ready,Moderately ready,Full solar system,
dd984ca1-209f-4254-b85e-a2edd144d5be,kano,dala,dala_maternal_and_child_health_centre,Router only,Ready,Moderately ready,Solar top-up,Router
dd984ca1-209f-4254-b85e-a2edd144d5be,kano,dala,dala_maternal_and_child_health_centre,Full solar system only,Not ready,Moderately ready,Solar top-up,Router
d3839d1b-0bec-4466-9037-804f73c81276,kano,sumaila,dagora_health_post,Full solar system only,Not ready,Ready,Full solar system,
