Facility UUID,State,LGA,Facility name,Facility group,Functionality,Zone,Facility-connectivity gap value,Intervention,When action is needed,Cost 1 (NGN),Total gaps,Critical gaps,Total facility intervention cost (NGN)
b0524271-695d-4d95-999d-ba7e17357a25,Lagos,Epe,Owu Primary Health Centre Epe,Non-BHCPF,Partially Functional,South West,No internet access or network coverage,"Check which connection works at the facility, then use one: FibreX, managed mobile internet, fixed radio, satellite or network extension.",Critical gap to fix before EMR deployment,(blank),12,1,"7,270,000"
134acd69-0a98-46b2-9e5c-fe67e0d8fcd1,Akwa Ibom,Itu,Nkim Itam Health Centre,BHCPF,Functional L1,South South,No internet access or network coverage,"Check which connection works at the facility, then use one: FibreX, managed mobile internet, fixed radio, satellite or network extension.",Critical gap to fix before EMR deployment,(blank),11,1,"8,381,378"
56733ac1-a6c0-4011-8b77-8e7a5cfe216e,Anambra,Nnewi South,Ezinifite Primary Health Centre,BHCPF,Functional L1,South East,No internet access or network coverage,"Check which connection works at the facility, then use one: FibreX, managed mobile internet, fixed radio, satellite or network extension.",Critical gap to fix before EMR deployment,(blank),15,2,"6,714,378"
2c38d098-5e6d-4ef7-ad4b-1064105a640f,Lagos,Ojo,Imude Primary Health Centre,BHCPF,Functional L1,South West,No internet access or network coverage,"Check which connection works at the facility, then use one: FibreX, managed mobile internet, fixed radio, satellite or network extension.",Critical gap to fix before EMR deployment,(blank),10,1,"7,498,333"
3084b06d-161e-40b0-bb8b-62107417535b,Lagos,Ojo,Kemberi Primary Health Centre,BHCPF,Functional L1,South West,No internet access or network coverage,"Check which connection works at the facility, then use one: FibreX, managed mobile internet, fixed radio, satellite or network extension.",Critical gap to fix before EMR deployment,(blank),10,1,"7,498,333"
997dad3c-e809-4ee9-8513-73f8e2aa016f,Lagos,Ojo,Okokomaiko Primary Health Centre,BHCPF,Functional L2,South West,No internet access or network coverage,"Check which connection works at the facility, then use one: FibreX, managed mobile internet, fixed radio, satellite or network extension.",Critical gap to fix before EMR deployment,(blank),9,1,"6,290,333"
02dfdabb-8f36-44bd-acdd-3bb96726fdf7,Lagos,Mushin,Igbo Owu Health Centre,BHCPF,Functional L1,South West,No internet access or network coverage,"Check which connection works at the facility, then use one: FibreX, managed mobile internet, fixed radio, satellite or network extension.",Critical gap to fix before EMR deployment,(blank),10,1,"7,244,378"
0b1ea5e5-7608-47d8-8502-5a8012f0cc67,Lagos,Mushin,Itire Ijesha Primary Health Centre,BHCPF,Functional L1,South West,No internet access or network coverage,"Check which connection works at the facility, then use one: FibreX, managed mobile internet, fixed radio, satellite or network extension.",Critical gap to fix before EMR deployment,(blank),10,1,"6,394,712"
c0e73c62-7a15-4086-8a46-7467387f9371,Lagos,Eti Osa,Igbo Efon Primary Health Centre,Non-BHCPF,Functional L1,South West,No internet access or network coverage,"Check which connection works at the facility, then use one: FibreX, managed mobile internet, fixed radio, satellite or network extension.",Critical gap to fix before EMR deployment,(blank),7,1,"1,665,333"
84ffdf5f-bcaf-44cd-a2b4-3f04ec20abbd,Lagos,Ojo,Ira Health Post,BHCPF,Functional L1,South West,No internet access or network coverage,"Check which connection works at the facility, then use one: FibreX, managed mobile internet, fixed radio, satellite or network extension.",Critical gap to fix before EMR deployment,(blank),12,1,"6,732,712"
f29d8b59-b20e-4698-8cac-1c47a87010b3,Rivers,Eleme,Eteo Primary Health Centre,BHCPF,Functional L1,South South,No internet access or network coverage,"Check which connection works at the facility, then use one: FibreX, managed mobile internet, fixed radio, satellite or network extension.",Critical gap to fix before EMR deployment,(blank),12,1,"2,056,378"
df98311b-94a2-4c8e-8d64-1d68d279d864,Lagos,Mushin,Anikulapo Primary Health Centre,BHCPF,Functional L1,South West,No internet access or network coverage,"Check which connection works at the facility, then use one: FibreX, managed mobile internet, fixed radio, satellite or network extension.",Critical gap to fix before EMR deployment,(blank),9,1,"1,961,378"
bf4cb997-97f9-44a3-a0c1-608d4ae3f25b,Lagos,Mushin,Coker Primary Health Centre,BHCPF,Functional L1,South West,No internet access or network coverage,"Check which connection works at the facility, then use one: FibreX, managed mobile internet, fixed radio, satellite or network extension.",Critical gap to fix before EMR deployment,(blank),9,1,"2,889,712"
cd4d7dbf-8f7e-4ad4-843e-2e8e54d7ffc8,Lagos,Ajeromi Ifelodun,Oridilu Primary Health Centre,BHCPF,Functional L1,South West,No internet access or network coverage,"Check which connection works at the facility, then use one: FibreX, managed mobile internet, fixed radio, satellite or network extension.",Critical gap to fix before EMR deployment,(blank),8,1,"2,889,712"
a4c113e5-e845-402e-bbf4-a65099e964a7,Lagos,Amuwo Odofin,Bola Ahmed Tinubu Primary Health Centre,BHCPF,Functional L1,South West,No internet access or network coverage,"Check which connection works at the facility, then use one: FibreX, managed mobile internet, fixed radio, satellite or network extension.",Critical gap to fix before EMR deployment,(blank),12,1,"2,687,712"
27e65b2c-5459-47bd-883e-1e6c6fb489de,Lagos,Surulere,Anjorin Primary Health Centre,BHCPF,Functional L1,South West,No internet access or network coverage,"Check which connection works at the facility, then use one: FibreX, managed mobile internet, fixed radio, satellite or network extension.",Critical gap to fix before EMR deployment,(blank),10,1,"3,253,333"
387f47f1-ab1d-48e5-916d-d57854bb7f4c,Lagos,Amuwo Odofin,Kirikiri Health Post,BHCPF,Functional L1,South West,No internet access or network coverage,"Check which connection works at the facility, then use one: FibreX, managed mobile internet, fixed radio, satellite or network extension.",Critical gap to fix before EMR deployment,(blank),8,1,"2,731,378"
7fdf0ee9-8f94-4446-9c40-c7c6a07af86a,Lagos,Lagos Mainland,Otumara Primary Health Centre,BHCPF,Functional L2,South West,No internet access or network coverage,"Check which connection works at the facility, then use one: FibreX, managed mobile internet, fixed radio, satellite or network extension.",Critical gap to fix before EMR deployment,(blank),9,1,"2,044,378"
35353514-7f56-4cc6-96d7-5ef7154151fb,Lagos,Shomolu,Ashogbon Primary Health Centre,BHCPF,Functional L1,South West,No internet access or network coverage,"Check which connection works at the facility, then use one: FibreX, managed mobile internet, fixed radio, satellite or network extension.",Critical gap to fix before EMR deployment,(blank),7,1,"1,710,333"
c72b8b70-a091-4f5e-8a0a-93ab94850534,Lagos,Ajeromi Ifelodun,Amukoko Primary Health Centre,BHCPF,Functional L2,South West,No internet access or network coverage,"Check which connection works at the facility, then use one: FibreX, managed mobile internet, fixed radio, satellite or network extension.",Critical gap to fix before EMR deployment,(blank),7,1,"1,689,712"
92c7881f-0a89-4e05-aab2-bfcd26abb380,Lagos,Alimosho,Baruwa Primary Health Centre,BHCPF,Functional L1,South West,No internet access or network coverage,"Check which connection works at the facility, then use one: FibreX, managed mobile internet, fixed radio, satellite or network extension.",Critical gap to fix before EMR deployment,(blank),8,1,"3,332,000"
1c99a443-8e60-415a-aa78-ffd47743415a,Lagos,Alimosho,Isefun Primary Health Centre,Non-BHCPF,Partially Functional,South West,No internet access or network coverage,"Check which connection works at the facility, then use one: FibreX, managed mobile internet, fixed radio, satellite or network extension.",Critical gap to fix before EMR deployment,(blank),9,1,"2,919,712"
29cc08b3-1b12-40c9-8e21-0870f50294fa,Lagos,Alimosho,Aboru Primary Health Centre,BHCPF,Functional L1,South West,No internet access or network coverage,"Check which connection works at the facility, then use one: FibreX, managed mobile internet, fixed radio, satellite or network extension.",Critical gap to fix before EMR deployment,(blank),12,1,"7,622,712"
65b2fa77-b432-4c2a-9a24-7fc41d473055,Akwa Ibom,Ndung Uko,Edikor Eyokpu Primary Health Centre,BHCPF,Partially Functional,South South,No internet access or network coverage,"Check which connection works at the facility, then use one: FibreX, managed mobile internet, fixed radio, satellite or network extension.",Critical gap to fix before EMR deployment,(blank),15,2,"7,404,378"
f6169eb1-0c6e-4945-9457-c4417a3e0d51,Akwa Ibom,Okobo,Okopedi Primary Health Centre,BHCPF,Functional L1,South South,No internet access or network coverage,"Check which connection works at the facility, then use one: FibreX, managed mobile internet, fixed radio, satellite or network extension.",Critical gap to fix before EMR deployment,(blank),16,1,"3,159,712"
0932e587-6060-43ff-bea9-085d7eebaffd,Akwa Ibom,Obot Akara,Obot Akara Health Centre,BHCPF,Functional L1,South South,No internet access or network coverage,"Check which connection works at the facility, then use one: FibreX, managed mobile internet, fixed radio, satellite or network extension.",Critical gap to fix before EMR deployment,(blank),11,2,"6,570,000"
c9cdf217-1ad4-421f-aae2-51ea2ddca8c7,Akwa Ibom,Ndung Uko,Eyobiosiio Health Post,BHCPF,Partially Functional,South South,No internet access or network coverage,"Check which connection works at the facility, then use one: FibreX, managed mobile internet, fixed radio, satellite or network extension.",Critical gap to fix before EMR deployment,(blank),15,2,"7,404,378"
a36031c9-0d29-44c2-908f-edcf5ae1ab9d,Akwa Ibom,Obot Akara,Ikot Utu Model Primary Health Centre,BHCPF,Functional L1,South South,No internet access or network coverage,"Check which connection works at the facility, then use one: FibreX, managed mobile internet, fixed radio, satellite or network extension.",Critical gap to fix before EMR deployment,(blank),15,1,"8,059,378"
2a45fb86-ee88-4e9a-a180-00ae6d31c725,Akwa Ibom,Obot Akara,Okop Eto Health Post,BHCPF,Functional L1,South South,No internet access or network coverage,"Check which connection works at the facility, then use one: FibreX, managed mobile internet, fixed radio, satellite or network extension.",Critical gap to fix before EMR deployment,(blank),15,2,"7,380,000"
aa53b0ce-01c1-4d05-a423-9e90c23a5ab9,Akwa Ibom,Obot Akara,Nto Assiak Health Post,Non-BHCPF,Partially Functional,South South,No internet access or network coverage,"Check which connection works at the facility, then use one: FibreX, managed mobile internet, fixed radio, satellite or network extension.",Critical gap to fix before EMR deployment,(blank),14,2,"7,329,378"
7e8ff1a9-309b-4462-92d4-c21c4f19c573,Akwa Ibom,Obot Akara,Ikot Ide Health Post,BHCPF,Partially Functional,South South,No internet access or network coverage,"Check which connection works at the facility, then use one: FibreX, managed mobile internet, fixed radio, satellite or network extension.",Critical gap to fix before EMR deployment,(blank),13,1,"3,880,000"
854865ee-13d5-4b7b-ac33-ee5c6517eba8,Lagos,Ikeja,Ikeja Primary Health Centre,BHCPF,Functional L1,South West,No internet access or network coverage,"Check which connection works at the facility, then use one: FibreX, managed mobile internet, fixed radio, satellite or network extension.",Critical gap to fix before EMR deployment,(blank),9,1,"7,160,333"
4bfe39b8-11e5-4f6a-bb1b-3d6ac5440f06,Akwa Ibom,Obot Akara,Nto Eton Health Post,BHCPF,Functional L1,South South,No internet access or network coverage,"Check which connection works at the facility, then use one: FibreX, managed mobile internet, fixed radio, satellite or network extension.",Critical gap to fix before EMR deployment,(blank),15,1,"8,104,378"
7f32da92-2046-4a6a-b8db-0cbf9532d0f1,Akwa Ibom,Obot Akara,Ubon Akwa Health Post,BHCPF,Functional L1,South South,No internet access or network coverage,"Check which connection works at the facility, then use one: FibreX, managed mobile internet, fixed radio, satellite or network extension.",Critical gap to fix before EMR deployment,(blank),14,1,"7,954,378"
0ce565c4-7313-4e54-acfe-c146d6edc471,Akwa Ibom,Okobo,Utine Health Post,BHCPF,Partially Functional,South South,No internet access or network coverage,"Check which connection works at the facility, then use one: FibreX, managed mobile internet, fixed radio, satellite or network extension.",Critical gap to fix before EMR deployment,(blank),18,2,"7,439,378"
39db5a82-2f56-469a-9a21-8f53825e4caf,Niger,Chanchaga,C Gwari Road Primary Health Centre,BHCPF,Functional L1,North Central,No internet access or network coverage,"Check which connection works at the facility, then use one: FibreX, managed mobile internet, fixed radio, satellite or network extension.",Critical gap to fix before EMR deployment,(blank),11,1,"5,994,712"
0d2d6d8f-c929-48f6-b8f7-10c2a75b875c,Oyo,Orelope,Bonni Primary Health Centre,BHCPF,Functional L2,South West,No internet access or network coverage,"Check which connection works at the facility, then use one: FibreX, managed mobile internet, fixed radio, satellite or network extension.",Critical gap to fix before EMR deployment,(blank),10,2,"5,590,333"
ecef4d81-79c7-47c9-8b52-3770802875ce,Oyo,Orelope,Mafowoku Primary Health Centre Orelope,BHCPF,Functional L1,South West,No internet access or network coverage,"Check which connection works at the facility, then use one: FibreX, managed mobile internet, fixed radio, satellite or network extension.",Critical gap to fix before EMR deployment,(blank),13,1,"2,950,333"
655aa6a3-fe71-4c33-8959-dd927e62ec2e,Oyo,Orelope,Modeke Primary Health Centre,BHCPF,Functional L1,South West,No internet access or network coverage,"Check which connection works at the facility, then use one: FibreX, managed mobile internet, fixed radio, satellite or network extension.",Critical gap to fix before EMR deployment,(blank),11,1,"2,150,333"
1a1b4f90-25b7-45fe-bf4d-113c03050ad0,Niger,Bosso,Maikunkele Maternal And Child Health Centre,BHCPF,Functional L2,North Central,No internet access or network coverage,"Check which connection works at the facility, then use one: FibreX, managed mobile internet, fixed radio, satellite or network extension.",Critical gap to fix before EMR deployment,(blank),12,1,"7,106,378"
b30e87f5-094d-461d-b661-9a82430fa513,Akwa Ibom,Okobo,Eweme Model Health Centre,BHCPF,Functional L1,South South,No internet access or network coverage,"Check which connection works at the facility, then use one: FibreX, managed mobile internet, fixed radio, satellite or network extension.",Critical gap to fix before EMR deployment,(blank),16,2,"6,739,378"
10d972bd-a630-4240-877e-aaa3ab830922,Lagos,Ikorodu,Ewu Elepe Primary Health Centre,Non-BHCPF,Functional L1,South West,No internet access or network coverage,"Check which connection works at the facility, then use one: FibreX, managed mobile internet, fixed radio, satellite or network extension.",Critical gap to fix before EMR deployment,(blank),11,1,"7,616,378"
38f6dc3b-4018-4573-bdb3-7b3dbd23b229,Imo,Okigwe,Umuawa Phc,Non-BHCPF,Functional L1,South East,No internet access or network coverage,"Check which connection works at the facility, then use one: FibreX, managed mobile internet, fixed radio, satellite or network extension.",Critical gap to fix before EMR deployment,(blank),14,2,"6,514,378"
1e8d4ac6-ea16-4350-802b-007ad2db6c16,Lagos,Ikorodu,Igbalu Igbokuta Primary Health Centre,BHCPF,Functional L1,South West,No internet access or network coverage,"Check which connection works at the facility, then use one: FibreX, managed mobile internet, fixed radio, satellite or network extension.",Critical gap to fix before EMR deployment,(blank),8,1,"7,035,333"
b6a21f40-8912-429d-a7dc-06c1852a0b45,Rivers,Etche,Chokota Primary Health Centre,BHCPF,Functional L1,South South,No internet access or network coverage,"Check which connection works at the facility, then use one: FibreX, managed mobile internet, fixed radio, satellite or network extension.",Critical gap to fix before EMR deployment,(blank),11,2,"5,620,333"
0ab22493-8bc1-4611-83a7-58c9f0654d27,Lagos,Alimosho,Bada Balogun Primary Health Centre,BHCPF,Functional L1,South West,No internet access or network coverage,"Check which connection works at the facility, then use one: FibreX, managed mobile internet, fixed radio, satellite or network extension.",Critical gap to fix before EMR deployment,(blank),8,1,"1,814,712"
7603762c-38ad-4bd1-9703-4adc4af68b29,Akwa Ibom,Obot Akara,Nto Edino Operation Base Primary Health Centre,BHCPF,Partially Functional,South South,No internet access or network coverage,"Check which connection works at the facility, then use one: FibreX, managed mobile internet, fixed radio, satellite or network extension.",Critical gap to fix before EMR deployment,(blank),10,2,"6,617,712"
3893af60-275d-4e4d-9259-98c11ad9d055,Akwa Ibom,Nsit Ubium,Ikot Ukobo Health Centre,BHCPF,Functional L1,South South,No internet access or network coverage,"Check which connection works at the facility, then use one: FibreX, managed mobile internet, fixed radio, satellite or network extension.",Critical gap to fix before EMR deployment,(blank),10,1,"3,650,000"
eb1f6eb5-4f95-4912-b497-feabfc41ffaf,Akwa Ibom,Nsit Ubium,Ikot Eyo Health Centre,BHCPF,Functional L1,South South,No internet access or network coverage,"Check which connection works at the facility, then use one: FibreX, managed mobile internet, fixed radio, satellite or network extension.",Critical gap to fix before EMR deployment,(blank),12,1,"7,880,000"
1ff0ee04-4c08-440f-9ca1-6fcdf42394fb,Akwa Ibom,Ibeno,Okoroutip Health Centre,BHCPF,Functional L1,South South,No internet access or network coverage,"Check which connection works at the facility, then use one: FibreX, managed mobile internet, fixed radio, satellite or network extension.",Critical gap to fix before EMR deployment,(blank),13,1,"7,591,378"
cb6159e5-7515-4df7-a8e1-689ad2f82ac0,Akwa Ibom,Obot Akara,Ikot Abia Anwan Health Centre,BHCPF,Functional L1,South South,No internet access or network coverage,"Check which connection works at the facility, then use one: FibreX, managed mobile internet, fixed radio, satellite or network extension.",Critical gap to fix before EMR deployment,(blank),14,1,"4,700,000"
69fcfb3d-0b24-426a-a883-308871b91ad1,Rivers,Khana,Betam Health Post,Non-BHCPF,Partially Functional,South South,No internet access or network coverage,"Check which connection works at the facility, then use one: FibreX, managed mobile internet, fixed radio, satellite or network extension.",Critical gap to fix before EMR deployment,(blank),17,2,"6,689,378"
31905074-e835-4f55-9477-141130840f8a,Lagos,Badagry,Pota Primary Health Centre,BHCPF,Functional L2,South West,No internet access or network coverage,"Check which connection works at the facility, then use one: FibreX, managed mobile internet, fixed radio, satellite or network extension.",Critical gap to fix before EMR deployment,(blank),10,1,"2,400,000"
9e58e6b7-3f3d-4335-991c-b3bdb26152e5,Akwa Ibom,Nsit Ubium,Ikot Ubo Health Centre,BHCPF,Functional L1,South South,No internet access or network coverage,"Check which connection works at the facility, then use one: FibreX, managed mobile internet, fixed radio, satellite or network extension.",Critical gap to fix before EMR deployment,(blank),10,1,"7,944,378"
3f08581d-5de8-4fb1-8721-39bdc306d675,Akwa Ibom,Essien Udim,Ikot Otu Ukana West Health Centre,BHCPF,Functional L1,South South,No internet access or network coverage,"Check which connection works at the facility, then use one: FibreX, managed mobile internet, fixed radio, satellite or network extension.",Critical gap to fix before EMR deployment,(blank),13,1,"7,980,000"
5c6bfd65-0550-4939-a142-4ef2443530e2,Akwa Ibom,Nsit Ubium,Ikot Ekwere Model Health Centre,BHCPF,Functional L1,South South,No internet access or network coverage,"Check which connection works at the facility, then use one: FibreX, managed mobile internet, fixed radio, satellite or network extension.",Critical gap to fix before EMR deployment,(blank),8,1,"3,382,000"
f1300286-6396-4fd7-8bb6-9d2afee843ba,Lagos,Badagry,Ajara Topa Primary Health Centre,BHCPF,Functional L1,South West,No internet access or network coverage,"Check which connection works at the facility, then use one: FibreX, managed mobile internet, fixed radio, satellite or network extension.",Critical gap to fix before EMR deployment,(blank),11,1,"7,265,333"
e0071db9-c9d0-4eec-b240-8f49ccd53eb1,Akwa Ibom,Nsit Ubium,Itreto Health Centre,BHCPF,Functional L1,South South,No internet access or network coverage,"Check which connection works at the facility, then use one: FibreX, managed mobile internet, fixed radio, satellite or network extension.",Critical gap to fix before EMR deployment,(blank),15,1,"8,039,378"
98501740-b561-4fc9-b9b0-8fc771c99b9d,Lagos,Badagry,Ajara Primary Health Centre,BHCPF,Functional L2,South West,No internet access or network coverage,"Check which connection works at the facility, then use one: FibreX, managed mobile internet, fixed radio, satellite or network extension.",Critical gap to fix before EMR deployment,(blank),9,1,"1,865,333"
013c6f7e-442c-48ca-9b74-30cc101f5c6c,Nasarawa,Nasarawa,Oguma Primary Health Centre,BHCPF,Functional L1,North Central,No internet access or network coverage,"Check which connection works at the facility, then use one: FibreX, managed mobile internet, fixed radio, satellite or network extension.",Critical gap to fix before EMR deployment,(blank),11,1,"6,454,378"
30ddad39-ef5a-4c9b-8d71-c0219e159a72,Imo,Okigwe,Ugwuaku Primary Health Centre,Non-BHCPF,Partially Functional,South East,No internet access or network coverage,"Check which connection works at the facility, then use one: FibreX, managed mobile internet, fixed radio, satellite or network extension.",Critical gap to fix before EMR deployment,(blank),14,2,"6,554,378"
08877582-9bf9-46b9-bc7d-e41e6f79e38b,Akwa Ibom,Mkpat Enin,Ikot Abia Enin Health Post,BHCPF,Partially Functional,South South,No internet access or network coverage,"Check which connection works at the facility, then use one: FibreX, managed mobile internet, fixed radio, satellite or network extension.",Critical gap to fix before EMR deployment,(blank),14,1,"7,621,378"
757958a2-a09c-42e1-bea7-8a46e43c26b3,Lagos,Ikorodu,Ibeshe Primary Health Centre Ikorodu,BHCPF,Functional L1,South West,No internet access or network coverage,"Check which connection works at the facility, then use one: FibreX, managed mobile internet, fixed radio, satellite or network extension.",Critical gap to fix before EMR deployment,(blank),10,1,"6,657,712"
827b3c1e-45ab-4bb9-b826-2c22da14280c,Akwa Ibom,Mbo,Oduo Primary Health Centre,BHCPF,Functional L1,South South,No internet access or network coverage,"Check which connection works at the facility, then use one: FibreX, managed mobile internet, fixed radio, satellite or network extension.",Critical gap to fix before EMR deployment,(blank),15,2,"7,359,378"
4db5d906-5902-4a90-a503-d420eb1917d0,Imo,Isiala Mbano,Oka Primary Health Centre,BHCPF,Partially Functional,South East,No internet access or network coverage,"Check which connection works at the facility, then use one: FibreX, managed mobile internet, fixed radio, satellite or network extension.",Critical gap to fix before EMR deployment,(blank),11,1,"6,806,378"
715b2679-f1ba-4baf-a19f-d255b4bc6c7b,Anambra,Onitsha North,Gra Primary Health Centre,BHCPF,Functional L1,South East,No internet access or network coverage,"Check which connection works at the facility, then use one: FibreX, managed mobile internet, fixed radio, satellite or network extension.",Critical gap to fix before EMR deployment,(blank),11,1,"2,604,378"
dbf879ba-46c7-4520-901d-5d3cec437bcb,Akwa Ibom,Ikot Abasi,Ikot Okwo Primary Health Centre,BHCPF,Partially Functional,South South,No internet access or network coverage,"Check which connection works at the facility, then use one: FibreX, managed mobile internet, fixed radio, satellite or network extension.",Critical gap to fix before EMR deployment,(blank),11,1,"4,187,000"
dd4d7dec-fcc6-4333-9547-49e947771ae9,Akwa Ibom,Essien Udim,Ukana East Primary Health Centre,BHCPF,Functional L1,South South,No internet access or network coverage,"Check which connection works at the facility, then use one: FibreX, managed mobile internet, fixed radio, satellite or network extension.",Critical gap to fix before EMR deployment,(blank),14,1,"7,330,000"
14f5b6dc-8125-4a53-a306-df16f72d70cf,Akwa Ibom,Mbo,Uda Mbo Primary Health Centre,BHCPF,Functional L1,South South,No internet access or network coverage,"Check which connection works at the facility, then use one: FibreX, managed mobile internet, fixed radio, satellite or network extension.",Critical gap to fix before EMR deployment,(blank),10,1,"2,711,378"
141f74da-2641-4e59-a3f3-d29d7a929ec3,Oyo,Irepo,Tege Owode Primary Health Centre,BHCPF,Functional L1,South West,No internet access or network coverage,"Check which connection works at the facility, then use one: FibreX, managed mobile internet, fixed radio, satellite or network extension.",Critical gap to fix before EMR deployment,(blank),12,1,"6,732,712"
0174d533-08dc-45a6-abbe-da800aacaa9c,Rivers,Opobonkoro,Iwo Ama Nkoro Health Post,Non-BHCPF,Functional L1,South South,No internet access or network coverage,"Check which connection works at the facility, then use one: FibreX, managed mobile internet, fixed radio, satellite or network extension.",Critical gap to fix before EMR deployment,(blank),12,1,"3,700,000"
2b9df557-a397-43d9-bd53-ce22ca11db19,Lagos,Lagos Island,Olowogbowo Primary Health Centre,BHCPF,Functional L2,South West,No internet access or network coverage,"Check which connection works at the facility, then use one: FibreX, managed mobile internet, fixed radio, satellite or network extension.",Critical gap to fix before EMR deployment,(blank),13,2,"6,157,712"
99f36251-741b-453d-bd4c-4d3c9f5c815f,Akwa Ibom,Mbo,Unyenge Health Post,BHCPF,Functional L1,South South,No internet access or network coverage,"Check which connection works at the facility, then use one: FibreX, managed mobile internet, fixed radio, satellite or network extension.",Critical gap to fix before EMR deployment,(blank),19,2,"7,514,378"
26223efa-45f5-4f32-9da2-0748b9168b58,Akwa Ibom,Essien Udim,Ekpenyong Atai Health Centre,BHCPF,Partially Functional,South South,No internet access or network coverage,"Check which connection works at the facility, then use one: FibreX, managed mobile internet, fixed radio, satellite or network extension.",Critical gap to fix before EMR deployment,(blank),13,2,"7,249,378"
4d4241f6-32cd-4fa2-8757-25726f0384f3,Akwa Ibom,Essien Udim,Okon Ikot Ocho Health Centre,BHCPF,Partially Functional,South South,No internet access or network coverage,"Check which connection works at the facility, then use one: FibreX, managed mobile internet, fixed radio, satellite or network extension.",Critical gap to fix before EMR deployment,(blank),14,2,"7,329,378"
bef6f105-d566-435d-a452-743889039016,Akwa Ibom,Ikot Abasi,Ikot Etetuk Health Centre,BHCPF,Partially Functional,South South,No internet access or network coverage,"Check which connection works at the facility, then use one: FibreX, managed mobile internet, fixed radio, satellite or network extension.",Critical gap to fix before EMR deployment,(blank),11,1,"6,841,378"
9072abdc-a052-4149-94e4-897b0dfc5e15,Imo,Nwangele,Obodo Health Centre,BHCPF,Functional L1,South East,No internet access or network coverage,"Check which connection works at the facility, then use one: FibreX, managed mobile internet, fixed radio, satellite or network extension.",Critical gap to fix before EMR deployment,(blank),13,2,"6,017,712"
faa9edf1-70bc-4642-9cda-1ebb5a16b4cc,Akwa Ibom,Essien Udim,Midim Atan Health Centre,BHCPF,Functional L1,South South,No internet access or network coverage,"Check which connection works at the facility, then use one: FibreX, managed mobile internet, fixed radio, satellite or network extension.",Critical gap to fix before EMR deployment,(blank),12,1,"7,850,000"
ac4bbe81-cb54-402c-98aa-54cbb0f6a757,Akwa Ibom,Mbo,Udesi Primary Health Centre,BHCPF,Functional L1,South South,No internet access or network coverage,"Check which connection works at the facility, then use one: FibreX, managed mobile internet, fixed radio, satellite or network extension.",Critical gap to fix before EMR deployment,(blank),15,1,"3,531,378"
ac6d7cb6-3dfd-457a-ac36-44ae69a93539,Lagos,Badagry,Morogbo Primary Health Centre,BHCPF,Functional L1,South West,No internet access or network coverage,"Check which connection works at the facility, then use one: FibreX, managed mobile internet, fixed radio, satellite or network extension.",Critical gap to fix before EMR deployment,(blank),12,1,"7,414,378"
9eeba443-5e00-4d75-aad1-4756eef96620,Rivers,Port Harcourt,Orogbum Primary Health Centre,BHCPF,Functional L2,South South,No internet access or network coverage,"Check which connection works at the facility, then use one: FibreX, managed mobile internet, fixed radio, satellite or network extension.",Critical gap to fix before EMR deployment,(blank),12,1,"2,954,712"
93cff47f-426d-42dc-aab6-e551adaf395a,Akwa Ibom,Itu,Mbak Itam 3 Health Centre,BHCPF,Partially Functional,South South,No internet access or network coverage,"Check which connection works at the facility, then use one: FibreX, managed mobile internet, fixed radio, satellite or network extension.",Critical gap to fix before EMR deployment,(blank),10,1,"2,574,378"
50a5e0e5-da19-455f-93b4-af7a1cd12595,Akwa Ibom,Itu,Ntak Inyang Health Centre,BHCPF,Functional L1,South South,No internet access or network coverage,"Check which connection works at the facility, then use one: FibreX, managed mobile internet, fixed radio, satellite or network extension.",Critical gap to fix before EMR deployment,(blank),11,1,"3,437,000"
16ecdeb0-9973-4a12-8f61-484a62eae4e8,Rivers,Ikwerre,Apani Primary Health Centre,BHCPF,Functional L1,South South,No internet access or network coverage,"Check which connection works at the facility, then use one: FibreX, managed mobile internet, fixed radio, satellite or network extension.",Critical gap to fix before EMR deployment,(blank),11,1,"2,932,712"
5b775c64-5722-4bc3-89b7-f86190fd5b51,Rivers,Port Harcourt,Churchillroad Primary Health Centre,BHCPF,Functional L2,South South,No internet access or network coverage,"Check which connection works at the facility, then use one: FibreX, managed mobile internet, fixed radio, satellite or network extension.",Critical gap to fix before EMR deployment,(blank),13,1,"2,254,712"
bafad3a5-bc9f-4c26-83fe-a51f87db53e5,Rivers,Port Harcourt,Everywomancenter Primary Health Centre,BHCPF,Functional L2,South South,No internet access or network coverage,"Check which connection works at the facility, then use one: FibreX, managed mobile internet, fixed radio, satellite or network extension.",Critical gap to fix before EMR deployment,(blank),7,1,"1,531,378"
1.23E+19,Lagos,Alimosho,Opeki Primary Health Centre,BHCPF,Functional L2,South West,No internet access or network coverage,"Check which connection works at the facility, then use one: FibreX, managed mobile internet, fixed radio, satellite or network extension.",Critical gap to fix before EMR deployment,(blank),8,1,"2,607,000"
b1bf75b7-bb27-4076-b3a2-cd43b493e012,Lagos,Badagry,Ilogbo Primary Health Centre,BHCPF,Functional L1,South West,No internet access or network coverage,"Check which connection works at the facility, then use one: FibreX, managed mobile internet, fixed radio, satellite or network extension.",Critical gap to fix before EMR deployment,(blank),10,1,"2,239,712"
31ccafa8-cd74-4c2b-975d-e792937248c2,Akwa Ibom,Mbo,Ibaka Primary Health Centre,BHCPF,Functional L1,South South,No internet access or network coverage,"Check which connection works at the facility, then use one: FibreX, managed mobile internet, fixed radio, satellite or network extension.",Critical gap to fix before EMR deployment,(blank),16,2,"5,989,378"
1a18cebf-64f5-4727-aab1-eea1331fe1ef,Akwa Ibom,Mkpat Enin,Ibekwe Akpan Nya Health Centre,BHCPF,Functional L1,South South,No internet access or network coverage,"Check which connection works at the facility, then use one: FibreX, managed mobile internet, fixed radio, satellite or network extension.",Critical gap to fix before EMR deployment,(blank),12,1,"7,537,000"
022e76e3-06c9-460e-8838-ba3a1b180803,Akwa Ibom,Itu,Uyo Itam Health Centre,BHCPF,Functional L1,South South,No internet access or network coverage,"Check which connection works at the facility, then use one: FibreX, managed mobile internet, fixed radio, satellite or network extension.",Critical gap to fix before EMR deployment,(blank),12,1,"3,524,378"
9f98910e-8c92-48a7-8525-92e0675059ed,Akwa Ibom,Ini,Usuk Ukwok Health Post,BHCPF,Partially Functional,South South,No internet access or network coverage,"Check which connection works at the facility, then use one: FibreX, managed mobile internet, fixed radio, satellite or network extension.",Critical gap to fix before EMR deployment,(blank),16,2,"7,359,378"
846930ae-4792-4ca2-ac95-eb00e09828fa,Akwa Ibom,Ini,Ikpe Ikot Nkon Health Centre,BHCPF,Partially Functional,South South,No internet access or network coverage,"Check which connection works at the facility, then use one: FibreX, managed mobile internet, fixed radio, satellite or network extension.",Critical gap to fix before EMR deployment,(blank),15,2,"7,379,378"
23757039-ce2b-4cb3-a88c-4f9df91010be,Akwa Ibom,Mbo,Eyo Ukut Enwang 1 Health Post,BHCPF,Functional L1,South South,No internet access or network coverage,"Check which connection works at the facility, then use one: FibreX, managed mobile internet, fixed radio, satellite or network extension.",Critical gap to fix before EMR deployment,(blank),18,2,"7,439,378"
247b2809-c9cf-4e8d-b4ef-44eb92622d58,Akwa Ibom,Mbo,Enwang Primary Health Centre,BHCPF,Functional L1,South South,No internet access or network coverage,"Check which connection works at the facility, then use one: FibreX, managed mobile internet, fixed radio, satellite or network extension.",Critical gap to fix before EMR deployment,(blank),15,1,"3,084,712"
a1149f56-97e8-4489-b60a-8f97ab38c1bb,Akwa Ibom,Itu,Ekritam Primary Health Centre,BHCPF,Functional L1,South South,No internet access or network coverage,"Check which connection works at the facility, then use one: FibreX, managed mobile internet, fixed radio, satellite or network extension.",Critical gap to fix before EMR deployment,(blank),10,1,"3,262,000"
1b8e8f7d-c6f4-465f-8b8e-929fca871811,Lagos,Badagry,Isamole Primary Health Centre,BHCPF,Functional L1,South West,No internet access or network coverage,"Check which connection works at the facility, then use one: FibreX, managed mobile internet, fixed radio, satellite or network extension.",Critical gap to fix before EMR deployment,(blank),16,1,"7,404,378"
47f81bf8-ab48-4686-acd5-728d93d515e8,Lagos,Epe,Ilara Primary Health Centre,BHCPF,Functional L1,South West,No internet access or network coverage,"Check which connection works at the facility, then use one: FibreX, managed mobile internet, fixed radio, satellite or network extension.",Critical gap to fix before EMR deployment,(blank),13,2,"6,484,378"
6a98b117-61fa-4595-a4b1-ac8af85667d2,Akwa Ibom,Mbo,Ebughu 1 Primary Health Centre,BHCPF,Partially Functional,South South,No internet access or network coverage,"Check which connection works at the facility, then use one: FibreX, managed mobile internet, fixed radio, satellite or network extension.",Critical gap to fix before EMR deployment,(blank),15,1,"3,169,378"
bccf3456-9898-47ca-af93-2d005b4636b0,Akwa Ibom,Oruk Anam,Ikot Otok Health Centre,BHCPF,Functional L1,South South,No internet access or network coverage,"Check which connection works at the facility, then use one: FibreX, managed mobile internet, fixed radio, satellite or network extension.",Critical gap to fix before EMR deployment,(blank),12,1,"7,537,000"
d2389458-ac07-4a7d-9bde-9d59d43eb2f1,Lagos,Badagry,Mowo Primary Health Centre,BHCPF,Functional L1,South West,No internet access or network coverage,"Check which connection works at the facility, then use one: FibreX, managed mobile internet, fixed radio, satellite or network extension.",Critical gap to fix before EMR deployment,(blank),12,1,"6,722,712"
41b82696-f8e4-47e0-adbd-5b8fdcc2d3b4,Bauchi,Shira,Tsafi Maternal And Child Health,BHCPF,Functional L1,North East,No internet access or network coverage,"Check which connection works at the facility, then use one: FibreX, managed mobile internet, fixed radio, satellite or network extension.",Critical gap to fix before EMR deployment,(blank),10,1,"1,714,712"
477c798d-edcf-4526-a636-4db5c35faf03,Akwa Ibom,Ikono,Asanting Ikono Immunization Primary Health Centre,BHCPF,Partially Functional,South South,No internet access or network coverage,"Check which connection works at the facility, then use one: FibreX, managed mobile internet, fixed radio, satellite or network extension.",Critical gap to fix before EMR deployment,(blank),14,2,"7,309,378"
63cc4026-6791-4cf5-9251-a67b1e50fe79,Akwa Ibom,Oruk Anam,Ikot Akpan Essien Health Centre,BHCPF,Functional L1,South South,No internet access or network coverage,"Check which connection works at the facility, then use one: FibreX, managed mobile internet, fixed radio, satellite or network extension.",Critical gap to fix before EMR deployment,(blank),11,1,"6,882,000"
db342331-a4ff-4eab-9088-0b1a447436e4,Lagos,Badagry,Ilado Primary Health Centre,BHCPF,Functional L2,South West,No internet access or network coverage,"Check which connection works at the facility, then use one: FibreX, managed mobile internet, fixed radio, satellite or network extension.",Critical gap to fix before EMR deployment,(blank),11,1,"3,382,712"
018adde1-9eb5-4429-b25d-d8d8eb936234,Imo,Nwangele,Umuanya Maternal And Child Health,BHCPF,Functional L1,South East,No internet access or network coverage,"Check which connection works at the facility, then use one: FibreX, managed mobile internet, fixed radio, satellite or network extension.",Critical gap to fix before EMR deployment,(blank),12,1,"6,329,712"
52bf1b3a-5c58-4560-9433-1c2f5298b1fa,Akwa Ibom,Oron,Esuk Oro Health Post,BHCPF,Partially Functional,South South,No internet access or network coverage,"Check which connection works at the facility, then use one: FibreX, managed mobile internet, fixed radio, satellite or network extension.",Critical gap to fix before EMR deployment,(blank),14,2,"6,639,378"
186aa04e-529d-4978-b2fd-5f9500106923,Imo,Nwangele,Abba Health Centre,BHCPF,Functional L1,South East,No internet access or network coverage,"Check which connection works at the facility, then use one: FibreX, managed mobile internet, fixed radio, satellite or network extension.",Critical gap to fix before EMR deployment,(blank),14,2,"6,767,712"
3eab9760-ff28-4b28-9f00-4446d1da72e6,Rivers,Ikwerre,Elele Primary Health Centre,BHCPF,Functional L2,South South,No internet access or network coverage,"Check which connection works at the facility, then use one: FibreX, managed mobile internet, fixed radio, satellite or network extension.",Critical gap to fix before EMR deployment,(blank),8,1,"2,090,333"
34465bab-5717-482d-9b82-dca99406c163,Lagos,Kosofe,Mende Primary Health Centre,BHCPF,Functional L1,South West,No internet access or network coverage,"Check which connection works at the facility, then use one: FibreX, managed mobile internet, fixed radio, satellite or network extension.",Critical gap to fix before EMR deployment,(blank),9,1,"2,215,333"
8ad07038-28d3-4965-8065-a1df354efcd3,Akwa Ibom,Abak,Ikot Edong Health Post,BHCPF,Functional L1,South South,No internet access or network coverage,"Check which connection works at the facility, then use one: FibreX, managed mobile internet, fixed radio, satellite or network extension.",Critical gap to fix before EMR deployment,(blank),14,2,"7,234,378"
4f9573cb-86d9-45b4-9ffc-e7cfe8d8707b,Akwa Ibom,Oron,Afaha Eduok Ukpata Primary Health Centre,BHCPF,Functional L1,South South,No internet access or network coverage,"Check which connection works at the facility, then use one: FibreX, managed mobile internet, fixed radio, satellite or network extension.",Critical gap to fix before EMR deployment,(blank),13,1,"6,316,378"
31d685df-a681-42ff-ae4c-bdadb02ab64b,Akwa Ibom,Itu,Ikot Andem Health Centre,BHCPF,Functional L1,South South,No internet access or network coverage,"Check which connection works at the facility, then use one: FibreX, managed mobile internet, fixed radio, satellite or network extension.",Critical gap to fix before EMR deployment,(blank),15,1,"4,754,378"
6a8cd5d1-599e-4eaf-8478-ef47ca70546f,Akwa Ibom,Itu,Mbak Atai Operational Base Primary Health Centre,BHCPF,Functional L2,South South,No internet access or network coverage,"Check which connection works at the facility, then use one: FibreX, managed mobile internet, fixed radio, satellite or network extension.",Critical gap to fix before EMR deployment,(blank),10,1,"2,902,712"
daba4976-f88d-4409-8f71-6ee1578549ea,Adamawa,Song,Sigire Health Centre,BHCPF,Functional L1,North East,No internet access or network coverage,"Check which connection works at the facility, then use one: FibreX, managed mobile internet, fixed radio, satellite or network extension.",Critical gap to fix before EMR deployment,(blank),10,1,"3,222,712"
4c13c8ce-f6a3-41ab-890d-35b45ad29bb6,Rivers,Obioakpor,Rumuigbo Primary Health Centre,BHCPF,Functional L2,South South,No internet access or network coverage,"Check which connection works at the facility, then use one: FibreX, managed mobile internet, fixed radio, satellite or network extension.",Critical gap to fix before EMR deployment,(blank),10,1,"1,919,712"
a32f5bee-a1fe-43d6-8c14-05e74feb21f9,Anambra,Oyi,Achallagu Health Clinic,Non-BHCPF,Partially Functional,South East,No internet access or network coverage,"Check which connection works at the facility, then use one: FibreX, managed mobile internet, fixed radio, satellite or network extension.",Critical gap to fix before EMR deployment,(blank),14,1,"7,934,378"
f3884408-2384-4c67-ab96-1730de70be3f,Lagos,Kosofe,Isheri Olowora Primary Health Centre,BHCPF,Functional L1,South West,No internet access or network coverage,"Check which connection works at the facility, then use one: FibreX, managed mobile internet, fixed radio, satellite or network extension.",Critical gap to fix before EMR deployment,(blank),9,1,"2,895,333"
59f202ff-6b84-47a9-8e05-b684312c7080,Imo,Ehime Mbano,Osuru Primary Health Centre,BHCPF,Functional L1,South East,No internet access or network coverage,"Check which connection works at the facility, then use one: FibreX, managed mobile internet, fixed radio, satellite or network extension.",Critical gap to fix before EMR deployment,(blank),13,1,"7,079,712"
83250a23-1a4d-47bf-a32a-d3761952dbfe,Anambra,Onitsha South,Redemption Primary Health Centre,BHCPF,Functional L1,South East,No internet access or network coverage,"Check which connection works at the facility, then use one: FibreX, managed mobile internet, fixed radio, satellite or network extension.",Critical gap to fix before EMR deployment,(blank),10,1,"2,604,378"
168d97e6-6941-4131-8081-2bae175f5e97,Rivers,Ikwerre,Ubima Primary Health Centre Model,BHCPF,Functional L2,South South,No internet access or network coverage,"Check which connection works at the facility, then use one: FibreX, managed mobile internet, fixed radio, satellite or network extension.",Critical gap to fix before EMR deployment,(blank),10,1,"2,965,333"
a3e3549c-360c-4cca-ae2c-e795f10ddd60,Rivers,Ikwerre,Ozuaha Primary Health Centre Model,BHCPF,Functional L1,South South,No internet access or network coverage,"Check which connection works at the facility, then use one: FibreX, managed mobile internet, fixed radio, satellite or network extension.",Critical gap to fix before EMR deployment,(blank),9,1,"2,840,333"
cbe0fc74-182f-41f9-89f3-7a44239818c3,Lagos,Badagry,Sakpo Primary Health Centre,BHCPF,Partially Functional,South West,No internet access or network coverage,"Check which connection works at the facility, then use one: FibreX, managed mobile internet, fixed radio, satellite or network extension.",Critical gap to fix before EMR deployment,(blank),15,2,"7,309,378"
ece2820f-2b29-47e9-87c4-89042b953f91,Rivers,Okrika,Ogoloma Primary Health Centre,BHCPF,Functional L2,South South,No internet access or network coverage,"Check which connection works at the facility, then use one: FibreX, managed mobile internet, fixed radio, satellite or network extension.",Critical gap to fix before EMR deployment,(blank),13,1,"3,184,378"
c26102bc-b6b3-403a-aee8-dc2a87965561,Rivers,Port Harcourt,Mgbundukwu Primary Health Centre,BHCPF,Functional L2,South South,No internet access or network coverage,"Check which connection works at the facility, then use one: FibreX, managed mobile internet, fixed radio, satellite or network extension.",Critical gap to fix before EMR deployment,(blank),11,1,"2,502,712"
94b4c5cc-b5c7-4f49-9e1b-1834ca3111dc,Akwa Ibom,Mkpat Enin,Ikot Akata Health Centre,BHCPF,Functional L1,South South,No internet access or network coverage,"Check which connection works at the facility, then use one: FibreX, managed mobile internet, fixed radio, satellite or network extension.",Critical gap to fix before EMR deployment,(blank),12,1,"7,637,000"
c9864d47-277d-4eff-b0d2-05993a74b803,Akwa Ibom,Oruk Anam,Nung Okubo 2 Health Centre,BHCPF,Functional L1,South South,No internet access or network coverage,"Check which connection works at the facility, then use one: FibreX, managed mobile internet, fixed radio, satellite or network extension.",Critical gap to fix before EMR deployment,(blank),12,1,"7,516,378"
8862d1e4-fca5-4552-931e-dc573fd83aa7,Akwa Ibom,Ikono,Mbiabong Ukam Health Centre,BHCPF,Partially Functional,South South,No internet access or network coverage,"Check which connection works at the facility, then use one: FibreX, managed mobile internet, fixed radio, satellite or network extension.",Critical gap to fix before EMR deployment,(blank),13,2,"7,204,378"
6764a73f-f4a9-4f0d-a5df-47cbf17b28b8,Akwa Ibom,Ibesikpoasutan,Afaha Udoeyop Health Centre,BHCPF,Functional L1,South South,No internet access or network coverage,"Check which connection works at the facility, then use one: FibreX, managed mobile internet, fixed radio, satellite or network extension.",Critical gap to fix before EMR deployment,(blank),14,1,"7,934,378"
377e6a00-24a7-40a8-ab96-24b3d38976b5,Akwa Ibom,Ini,Usuk Ibakesi Health Centre,BHCPF,Functional L1,South South,No internet access or network coverage,"Check which connection works at the facility, then use one: FibreX, managed mobile internet, fixed radio, satellite or network extension.",Critical gap to fix before EMR deployment,(blank),14,1,"7,964,378"
48324f6b-cf27-4dab-9232-a44dbe5e99ef,Akwa Ibom,Esit Eket,Ebighi Okpono Health Post,BHCPF,Partially Functional,South South,No internet access or network coverage,"Check which connection works at the facility, then use one: FibreX, managed mobile internet, fixed radio, satellite or network extension.",Critical gap to fix before EMR deployment,(blank),15,2,"7,434,378"
84562f48-13d4-4abf-b35f-493805bc2b8e,Kano,Kabo,Dugabau Health Post,BHCPF,Functional L1,North West,No internet access or network coverage,"Check which connection works at the facility, then use one: FibreX, managed mobile internet, fixed radio, satellite or network extension.",Critical gap to fix before EMR deployment,(blank),15,1,"7,245,333"
6e75e6db-a737-4ade-b9cc-5ed59507f07f,Akwa Ibom,Ini,Odoro Ikpe Operational Base Primary Health Centre,Non-BHCPF,Partially Functional,South South,No internet access or network coverage,"Check which connection works at the facility, then use one: FibreX, managed mobile internet, fixed radio, satellite or network extension.",Critical gap to fix before EMR deployment,(blank),12,2,"7,180,000"
c6065043-1225-41b2-84fa-c71ac1998178,Akwa Ibom,Ini,Mbiabong Ikot Udofia Health Centre,BHCPF,Functional L1,South South,No internet access or network coverage,"Check which connection works at the facility, then use one: FibreX, managed mobile internet, fixed radio, satellite or network extension.",Critical gap to fix before EMR deployment,(blank),10,1,"7,119,712"
84388172-5e60-487f-a86a-7b9cd59ff87e,Rivers,Ikwerre,Igwuruta Primary Health Centre Model,BHCPF,Functional L2,South South,No internet access or network coverage,"Check which connection works at the facility, then use one: FibreX, managed mobile internet, fixed radio, satellite or network extension.",Critical gap to fix before EMR deployment,(blank),6,1,"1,635,333"
ae04df4e-d537-4d82-b0f4-aad1ada71ed7,Lagos,Kosofe,Maidan Primary Health Centre,BHCPF,Functional L1,South West,No internet access or network coverage,"Check which connection works at the facility, then use one: FibreX, managed mobile internet, fixed radio, satellite or network extension.",Critical gap to fix before EMR deployment,(blank),10,2,"5,957,712"
c4b470de-b597-4395-b2aa-ff913b109c0b,Adamawa,Song,Wuro Daudu Maternal And Child Health,BHCPF,Functional L1,North East,No internet access or network coverage,"Check which connection works at the facility, then use one: FibreX, managed mobile internet, fixed radio, satellite or network extension.",Critical gap to fix before EMR deployment,(blank),14,1,"7,512,712"
ef76d1fe-6cbe-4f1b-aa8c-c04516cf7fb8,Lagos,Alimosho,Egan Primary Health Centre,BHCPF,Functional L2,South West,No internet access or network coverage,"Check which connection works at the facility, then use one: FibreX, managed mobile internet, fixed radio, satellite or network extension.",Critical gap to fix before EMR deployment,(blank),12,1,"7,279,378"
6fa05d68-5e8c-4f6d-8fbf-fca6eef28e97,Akwa Ibom,Onna,Ukpana Health Centre,BHCPF,Functional L1,South South,No internet access or network coverage,"Check which connection works at the facility, then use one: FibreX, managed mobile internet, fixed radio, satellite or network extension.",Critical gap to fix before EMR deployment,(blank),13,1,"7,641,378"
ad32dbee-8532-46af-a786-7f75fa4d3749,Kano,Kabo,Godiya Primary Health Centre,BHCPF,Functional L1,North West,No internet access or network coverage,"Check which connection works at the facility, then use one: FibreX, managed mobile internet, fixed radio, satellite or network extension.",Critical gap to fix before EMR deployment,(blank),13,1,"7,944,712"
a8ad345f-0056-439f-9374-662b6891deff,Akwa Ibom,Uyo,Oku Uyo Health Centre Model,BHCPF,Partially Functional,South South,No internet access or network coverage,"Check which connection works at the facility, then use one: FibreX, managed mobile internet, fixed radio, satellite or network extension.",Critical gap to fix before EMR deployment,(blank),11,1,"6,678,333"
26899955-b3a4-46bd-8d29-4f54e229aec3,Bauchi,Giade,Zirami Primary Health Centre,BHCPF,Functional L1,North East,No internet access or network coverage,"Check which connection works at the facility, then use one: FibreX, managed mobile internet, fixed radio, satellite or network extension.",Critical gap to fix before EMR deployment,(blank),10,2,"5,089,712"
f29616e9-03c2-4fb8-beb0-cc93cc424614,Imo,Ehime Mbano,Umuogolo Health Centre,BHCPF,Functional L1,South East,No internet access or network coverage,"Check which connection works at the facility, then use one: FibreX, managed mobile internet, fixed radio, satellite or network extension.",Critical gap to fix before EMR deployment,(blank),9,1,"2,439,712"
202d0fa8-2536-4056-9dbc-fd53ac7270d6,Adamawa,Michika,Nkafamiya Primary Health Centre,BHCPF,Functional L1,North East,No internet access or network coverage,"Check which connection works at the facility, then use one: FibreX, managed mobile internet, fixed radio, satellite or network extension.",Critical gap to fix before EMR deployment,(blank),15,2,"6,862,712"
d829d766-7392-47a8-89c8-1152bd0f9ff5,Anambra,Njikoka,Enugwu Agidi Achalla Primary Health Centre,BHCPF,Functional L1,South East,No internet access or network coverage,"Check which connection works at the facility, then use one: FibreX, managed mobile internet, fixed radio, satellite or network extension.",Critical gap to fix before EMR deployment,(blank),10,1,"2,487,712"
7e170932-3ecf-4d10-af48-a1c9d8e5d54c,Anambra,Onitsha South,St Barnabas Primary Health Centre,BHCPF,Functional L1,South East,No internet access or network coverage,"Check which connection works at the facility, then use one: FibreX, managed mobile internet, fixed radio, satellite or network extension.",Critical gap to fix before EMR deployment,(blank),10,1,"2,246,378"
03069de6-cc36-4df7-ba59-a07c415e41b6,Anambra,Onitsha South,Pam Pam Lane Primary Health Centre,BHCPF,Functional L1,South East,No internet access or network coverage,"Check which connection works at the facility, then use one: FibreX, managed mobile internet, fixed radio, satellite or network extension.",Critical gap to fix before EMR deployment,(blank),13,1,"6,812,712"
0da4ee94-8591-46cc-82b7-9258b845eaac,Imo,Ehime Mbano,Umueleke Primary Health Centre,Non-BHCPF,Partially Functional,South East,No internet access or network coverage,"Check which connection works at the facility, then use one: FibreX, managed mobile internet, fixed radio, satellite or network extension.",Critical gap to fix before EMR deployment,(blank),14,2,"7,224,378"
b5d2c819-b190-4884-b8b1-cb8c6221ff37,Kano,Kunchi,Yandadi Model Primary Health Centre,BHCPF,Functional L1,North West,No internet access or network coverage,"Check which connection works at the facility, then use one: FibreX, managed mobile internet, fixed radio, satellite or network extension.",Critical gap to fix before EMR deployment,(blank),10,1,"2,810,333"
0cc701df-730f-4c01-8c0f-23be2a8997bb,Niger,Suleja,Madalla Primary Health Centre,BHCPF,Functional L2,North Central,No internet access or network coverage,"Check which connection works at the facility, then use one: FibreX, managed mobile internet, fixed radio, satellite or network extension.",Critical gap to fix before EMR deployment,(blank),12,1,"7,661,378"
338ac0e2-fc4e-4091-91b4-09f58c19d15e,Anambra,Njikoka,Ezira Primary Health Centre,BHCPF,Functional L1,South East,No internet access or network coverage,"Check which connection works at the facility, then use one: FibreX, managed mobile internet, fixed radio, satellite or network extension.",Critical gap to fix before EMR deployment,(blank),12,2,"5,724,712"
4d31ab73-dc64-4da1-9f5e-82f7d53f373d,Anambra,Onitsha South,Nweje Primary Health Centre,BHCPF,Functional L1,South East,No internet access or network coverage,"Check which connection works at the facility, then use one: FibreX, managed mobile internet, fixed radio, satellite or network extension.",Critical gap to fix before EMR deployment,(blank),10,1,"5,487,712"
92258cca-9295-483e-83ab-911a5b079e6d,Niger,Gurara,Pasali Primary Health Centre Gurara,Non-BHCPF,Partially Functional,North Central,No internet access or network coverage,"Check which connection works at the facility, then use one: FibreX, managed mobile internet, fixed radio, satellite or network extension.",Critical gap to fix before EMR deployment,(blank),13,2,"7,204,378"
c1000222-9722-4460-8589-d4341374e0e9,Rivers,Eleme,Akpajo Primary Health Centre,BHCPF,Functional L2,South South,No internet access or network coverage,"Check which connection works at the facility, then use one: FibreX, managed mobile internet, fixed radio, satellite or network extension.",Critical gap to fix before EMR deployment,(blank),7,1,"1,602,000"
9d235b36-5f17-4dad-a9a4-c1232f23fdf6,Niger,Gurara,Kudna Primary Health Centre,Non-BHCPF,Partially Functional,North Central,No internet access or network coverage,"Check which connection works at the facility, then use one: FibreX, managed mobile internet, fixed radio, satellite or network extension.",Critical gap to fix before EMR deployment,(blank),15,2,"7,254,378"
47e9a965-7b2a-499f-b67d-7e7c37139de3,Rivers,Gokana,B Dere Primary Health Centre Model,BHCPF,Functional L1,South South,No internet access or network coverage,"Check which connection works at the facility, then use one: FibreX, managed mobile internet, fixed radio, satellite or network extension.",Critical gap to fix before EMR deployment,(blank),9,1,"2,540,333"
8b3cec56-9448-4cfd-8dd4-3f94119dd053,Rivers,Etche,Egwi Primary Health Centre,BHCPF,Functional L2,South South,No internet access or network coverage,"Check which connection works at the facility, then use one: FibreX, managed mobile internet, fixed radio, satellite or network extension.",Critical gap to fix before EMR deployment,(blank),9,1,"2,120,333"
3535271d-298d-4b21-a6f9-5fc399472c84,Anambra,Ihiala,Umuazuegwu Primary Health Centre,BHCPF,Functional L1,South East,No internet access or network coverage,"Check which connection works at the facility, then use one: FibreX, managed mobile internet, fixed radio, satellite or network extension.",Critical gap to fix before EMR deployment,(blank),10,1,"6,454,378"
8a2ebe61-5822-4db5-b52d-386656e3c397,Rivers,Obioakpor,Woji Primary Health Centre,BHCPF,Partially Functional,South South,No internet access or network coverage,"Check which connection works at the facility, then use one: FibreX, managed mobile internet, fixed radio, satellite or network extension.",Critical gap to fix before EMR deployment,(blank),12,1,"2,592,712"
02533f29-9174-47ae-8e9a-4d93fcba1042,Oyo,Ibadan North West,Opoyeosa Primary Health Centre,BHCPF,Functional L1,South West,No internet access or network coverage,"Check which connection works at the facility, then use one: FibreX, managed mobile internet, fixed radio, satellite or network extension.",Critical gap to fix before EMR deployment,(blank),9,2,"6,036,378"
a093cba8-de8e-42c0-94cd-2eb1d15d0d4e,Imo,Ihitte Uboma,Amakohia Primary Health Centre,Non-BHCPF,Partially Functional,South East,No internet access or network coverage,"Check which connection works at the facility, then use one: FibreX, managed mobile internet, fixed radio, satellite or network extension.",Critical gap to fix before EMR deployment,(blank),15,2,"6,534,378"
c2517b34-055e-4714-8495-d886dfe37224,Imo,Isu,Amauju Primary Health Centre,BHCPF,Functional L1,South East,No internet access or network coverage,"Check which connection works at the facility, then use one: FibreX, managed mobile internet, fixed radio, satellite or network extension.",Critical gap to fix before EMR deployment,(blank),13,2,"5,993,333"
bb63699b-9d5d-4f03-aafb-381c4e325f4b,Oyo,Irepo,Atipa Primary Health Centre,BHCPF,Functional L1,South West,No internet access or network coverage,"Check which connection works at the facility, then use one: FibreX, managed mobile internet, fixed radio, satellite or network extension.",Critical gap to fix before EMR deployment,(blank),11,1,"2,291,378"
0788fc97-9064-4ce7-aee0-77651d71d501,Oyo,Orelope,Opoo Primary Health Centre Orelope,BHCPF,Functional L1,South West,No internet access or network coverage,"Check which connection works at the facility, then use one: FibreX, managed mobile internet, fixed radio, satellite or network extension.",Critical gap to fix before EMR deployment,(blank),14,3,"8,754,712"
73f534aa-1f0e-49ee-8a14-1a30042dac57,Rivers,Omuma,Umuelechi Health Post,Non-BHCPF,Functional L1,South South,No internet access or network coverage,"Check which connection works at the facility, then use one: FibreX, managed mobile internet, fixed radio, satellite or network extension.",Critical gap to fix before EMR deployment,(blank),15,1,"7,671,378"
2aa2c62f-494d-476c-8d5e-84a021023013,Rivers,Omuma,Umuajloke Comprehensive Health Centre,BHCPF,Functional L1,South South,No internet access or network coverage,"Check which connection works at the facility, then use one: FibreX, managed mobile internet, fixed radio, satellite or network extension.",Critical gap to fix before EMR deployment,(blank),7,1,"1,081,378"
43d1ed55-c772-4157-a2a2-577a633acfe1,Oyo,Saki East,Aladura Primary Health Centre,BHCPF,Partially Functional,South West,No internet access or network coverage,"Check which connection works at the facility, then use one: FibreX, managed mobile internet, fixed radio, satellite or network extension.",Critical gap to fix before EMR deployment,(blank),11,1,"2,612,712"
c7c9c4af-61c4-4b50-86db-e4343f80043d,Niger,Magama,Salka Basic Health Centre,BHCPF,Functional L2,North Central,No internet access or network coverage,"Check which connection works at the facility, then use one: FibreX, managed mobile internet, fixed radio, satellite or network extension.",Critical gap to fix before EMR deployment,(blank),13,1,"2,274,712"
8626f453-2021-4dc4-b92a-6b6c92d5405f,Kano,Tarauni,Darmanawa Health Post,BHCPF,Functional L2,North West,No internet access or network coverage,"Check which connection works at the facility, then use one: FibreX, managed mobile internet, fixed radio, satellite or network extension.",Critical gap to fix before EMR deployment,(blank),12,2,"6,529,378"
e19a36fe-612d-4df9-b276-2b66e7b1cade,Rivers,Khana,Bane Primary Health Centre,BHCPF,Functional L1,South South,No internet access or network coverage,"Check which connection works at the facility, then use one: FibreX, managed mobile internet, fixed radio, satellite or network extension.",Critical gap to fix before EMR deployment,(blank),14,1,"3,054,712"
1bbc27c2-fb11-4d4c-bcc7-7f81841e9a08,Rivers,Khana,Wiiyaakara Primary Health Centre,BHCPF,Functional L1,South South,No internet access or network coverage,"Check which connection works at the facility, then use one: FibreX, managed mobile internet, fixed radio, satellite or network extension.",Critical gap to fix before EMR deployment,(blank),9,1,"2,504,712"
46bc6368-cf5f-4003-9857-9086ad3ce4aa,Kano,Dawakin Kudu,Tamburawa Health Post,Non-BHCPF,Partially Functional,North West,No internet access or network coverage,"Check which connection works at the facility, then use one: FibreX, managed mobile internet, fixed radio, satellite or network extension.",Critical gap to fix before EMR deployment,(blank),12,2,"6,474,378"
5756bb27-8c59-4cc0-bccc-2f6cb2670477,Rivers,Omuma,Oyoro Model Primary Health Centre,BHCPF,Functional L1,South South,No internet access or network coverage,"Check which connection works at the facility, then use one: FibreX, managed mobile internet, fixed radio, satellite or network extension.",Critical gap to fix before EMR deployment,(blank),9,1,"1,236,378"
de6c2ec0-0644-4321-94a6-d526ce4f4fb8,Rivers,Omuma,Ohim Oyoro Primary Health Centre,BHCPF,Functional L1,South South,No internet access or network coverage,"Check which connection works at the facility, then use one: FibreX, managed mobile internet, fixed radio, satellite or network extension.",Critical gap to fix before EMR deployment,(blank),12,1,"7,079,712"
c7e73c99-2b94-4b6a-a373-8c679e88928c,Rivers,Omuma,Ofeh Primary Health Centre,BHCPF,Functional L2,South South,No internet access or network coverage,"Check which connection works at the facility, then use one: FibreX, managed mobile internet, fixed radio, satellite or network extension.",Critical gap to fix before EMR deployment,(blank),13,1,"3,591,378"
07f70937-d5a5-4471-a891-09c3f51f2645,Bauchi,Misau,Misau Town Primary Health Centre,BHCPF,Partially Functional,North East,No internet access or network coverage,"Check which connection works at the facility, then use one: FibreX, managed mobile internet, fixed radio, satellite or network extension.",Critical gap to fix before EMR deployment,(blank),8,1,"839,712"
6998acc5-b33f-45d4-9449-a70a5feaa50d,Imo,Isu,Ezi Isu Primary Health Centre,BHCPF,Functional L1,South East,No internet access or network coverage,"Check which connection works at the facility, then use one: FibreX, managed mobile internet, fixed radio, satellite or network extension.",Critical gap to fix before EMR deployment,(blank),16,2,"6,301,378"
5587f340-d378-4efb-9a24-757c4e01e556,Imo,Ihitte Uboma,Uzinomi Primary Health Centre,BHCPF,Partially Functional,South East,No internet access or network coverage,"Check which connection works at the facility, then use one: FibreX, managed mobile internet, fixed radio, satellite or network extension.",Critical gap to fix before EMR deployment,(blank),14,2,"6,767,712"
277f129b-88e9-4ea1-ab32-9e5194be19af,Imo,Ihitte Uboma,Umuawuchi Primary Health Centre,BHCPF,Functional L1,South East,No internet access or network coverage,"Check which connection works at the facility, then use one: FibreX, managed mobile internet, fixed radio, satellite or network extension.",Critical gap to fix before EMR deployment,(blank),14,2,"6,812,712"
13cf44bc-2f8b-4e7e-9248-d59d982672c4,Imo,Ihitte Uboma,Onicha Uboma Healthprimary Health Centre,BHCPF,Functional L1,South East,No internet access or network coverage,"Check which connection works at the facility, then use one: FibreX, managed mobile internet, fixed radio, satellite or network extension.",Critical gap to fix before EMR deployment,(blank),13,1,"7,427,712"
a629d448-aabc-4b2f-bb73-6a6f80a4a0f3,Anambra,Ihiala,Uhuowelle Primary Health Centre,BHCPF,Functional L1,South East,No internet access or network coverage,"Check which connection works at the facility, then use one: FibreX, managed mobile internet, fixed radio, satellite or network extension.",Critical gap to fix before EMR deployment,(blank),11,2,"6,082,712"
cd368873-9e0e-4166-9456-e133a9ce707a,Niger,Gurara,Bono Primary Health Centre Gurara,BHCPF,Functional L1,North Central,No internet access or network coverage,"Check which connection works at the facility, then use one: FibreX, managed mobile internet, fixed radio, satellite or network extension.",Critical gap to fix before EMR deployment,(blank),14,2,"7,279,378"
1850fbfd-eacc-416b-8090-7b44b24dbb95,Rivers,Andoni,Unyeada Mphcc Primary Health Centre,BHCPF,Functional L1,South South,No internet access or network coverage,"Check which connection works at the facility, then use one: FibreX, managed mobile internet, fixed radio, satellite or network extension.",Critical gap to fix before EMR deployment,(blank),10,2,"6,319,712"
1731ad45-553b-4251-9328-ee496ea15da5,Rivers,Port Harcourt,Nkpolu Primary Health Centre,BHCPF,Functional L1,South South,No internet access or network coverage,"Check which connection works at the facility, then use one: FibreX, managed mobile internet, fixed radio, satellite or network extension.",Critical gap to fix before EMR deployment,(blank),14,1,"2,854,378"
4a303a70-98f5-4601-baca-1d33bcd8dca3,Oyo,Afijo,Abanti Primary Health Centre,Non-BHCPF,Partially Functional,South West,No internet access or network coverage,"Check which connection works at the facility, then use one: FibreX, managed mobile internet, fixed radio, satellite or network extension.",Critical gap to fix before EMR deployment,(blank),14,2,"7,404,378"
4f7504fa-2593-4e18-ae98-8f13c271a070,Niger,Gurara,Lambata Primary Health Centre,BHCPF,Functional L1,North Central,No internet access or network coverage,"Check which connection works at the facility, then use one: FibreX, managed mobile internet, fixed radio, satellite or network extension.",Critical gap to fix before EMR deployment,(blank),9,1,"2,557,000"
bf0b91e2-7a6e-4958-95fb-2af50047e08e,Anambra,Onitsha North,American Quarters Primary Health Centre,BHCPF,Functional L1,South East,No internet access or network coverage,"Check which connection works at the facility, then use one: FibreX, managed mobile internet, fixed radio, satellite or network extension.",Critical gap to fix before EMR deployment,(blank),9,1,"2,254,378"
bdd19faf-1b31-4dd3-9870-1c28dfb3b383,Nasarawa,Awe,Kekura Primary Health Centre,Non-BHCPF,Partially Functional,North Central,No internet access or network coverage,"Check which connection works at the facility, then use one: FibreX, managed mobile internet, fixed radio, satellite or network extension.",Critical gap to fix before EMR deployment,(blank),14,1,"7,979,378"
d6c0feaa-6c49-40d7-873c-2190f2d6a570,Niger,Gurara,Izom Primary Health Centre,BHCPF,Functional L2,North Central,No internet access or network coverage,"Check which connection works at the facility, then use one: FibreX, managed mobile internet, fixed radio, satellite or network extension.",Critical gap to fix before EMR deployment,(blank),10,1,"3,337,000"
3ea3e9b9-0ec4-432c-96b8-2169f79a28ed,Rivers,Andoni,Egwede Primary Health Centre,BHCPF,Functional L1,South South,No internet access or network coverage,"Check which connection works at the facility, then use one: FibreX, managed mobile internet, fixed radio, satellite or network extension.",Critical gap to fix before EMR deployment,(blank),11,2,"6,181,378"
3aa0de4e-17c6-4346-abe3-e19eb311bca3,Niger,Gurara,Kwaka Model Primary Health Centre,BHCPF,Functional L1,North Central,No internet access or network coverage,"Check which connection works at the facility, then use one: FibreX, managed mobile internet, fixed radio, satellite or network extension.",Critical gap to fix before EMR deployment,(blank),13,2,"7,249,378"
38eae6d4-2c76-4cfe-a305-efd73af80fb9,Niger,Shiroro,Nepa Hospital,Non-BHCPF,Functional L1,North Central,No internet access or network coverage,"Check which connection works at the facility, then use one: FibreX, managed mobile internet, fixed radio, satellite or network extension.",Critical gap to fix before EMR deployment,(blank),7,1,"1,116,378"
d6c948a6-0c29-4c4c-806b-1075f96a5404,Oyo,Irepo,Molete Ehinke Primary Health Centre,BHCPF,Functional L2,South West,No internet access or network coverage,"Check which connection works at the facility, then use one: FibreX, managed mobile internet, fixed radio, satellite or network extension.",Critical gap to fix before EMR deployment,(blank),15,1,"6,454,712"
618cd436-9e95-4757-805c-f1572b8e1248,Oyo,Ibarapa East,Owode Primary Health Centre,BHCPF,Functional L1,South West,No internet access or network coverage,"Check which connection works at the facility, then use one: FibreX, managed mobile internet, fixed radio, satellite or network extension.",Critical gap to fix before EMR deployment,(blank),7,1,"1,836,378"
3ea4eca6-936c-48df-a1bd-a9be6d987b6e,Anambra,Ogbaru,Odekpe Primary Health Centre,BHCPF,Functional L1,South East,No internet access or network coverage,"Check which connection works at the facility, then use one: FibreX, managed mobile internet, fixed radio, satellite or network extension.",Critical gap to fix before EMR deployment,(blank),10,1,"2,457,712"
9e34c5c6-eac0-4397-ab2d-d64db9f0b1e1,Anambra,Ogbaru,Atani 1 Primary Health Centre,BHCPF,Functional L1,South East,No internet access or network coverage,"Check which connection works at the facility, then use one: FibreX, managed mobile internet, fixed radio, satellite or network extension.",Critical gap to fix before EMR deployment,(blank),6,1,"1,471,378"
267087d4-49bf-4a95-8369-d1d2a4c55b4c,Akwa Ibom,Abak,Ikot Ossom Health Post,BHCPF,Functional L1,South South,No internet access or network coverage,"Check which connection works at the facility, then use one: FibreX, managed mobile internet, fixed radio, satellite or network extension.",Critical gap to fix before EMR deployment,(blank),12,1,"3,354,378"
5248fb77-549e-4ee8-b5bd-411ea1f01046,Akwa Ibom,Abak,Ukpom Health Centre,Non-BHCPF,Functional L1,South South,No internet access or network coverage,"Check which connection works at the facility, then use one: FibreX, managed mobile internet, fixed radio, satellite or network extension.",Critical gap to fix before EMR deployment,(blank),11,1,"2,954,378"
447f3468-db8c-40c2-bc4c-5cbc7d585837,Bauchi,Misau,Saibure Primary Health Centre,BHCPF,Functional L2,North East,No internet access or network coverage,"Check which connection works at the facility, then use one: FibreX, managed mobile internet, fixed radio, satellite or network extension.",Critical gap to fix before EMR deployment,(blank),7,1,"809,712"
71b417c4-ba54-41d2-bbfb-9fef32e4c5e8,Bauchi,Misau,Hardawa Primary Health Centre,BHCPF,Functional L1,North East,No internet access or network coverage,"Check which connection works at the facility, then use one: FibreX, managed mobile internet, fixed radio, satellite or network extension.",Critical gap to fix before EMR deployment,(blank),7,1,"459,712"
75b7248f-a640-458e-8397-16c06bfab14f,Kano,Tsanyawa,Daddarawa Basic Health Clinic,BHCPF,Functional L1,North West,No internet access or network coverage,"Check which connection works at the facility, then use one: FibreX, managed mobile internet, fixed radio, satellite or network extension.",Critical gap to fix before EMR deployment,(blank),11,1,"2,924,712"
77b8b99e-eb6a-4ddc-af0e-fd5e524dcb9b,Adamawa,Yola South,Namtari Manga Health Centre,BHCPF,Functional L2,North East,No internet access or network coverage,"Check which connection works at the facility, then use one: FibreX, managed mobile internet, fixed radio, satellite or network extension.",Critical gap to fix before EMR deployment,(blank),16,1,"4,804,378"
8cef4dc6-4b1b-4bde-ba6c-4d202e6f714d,Anambra,Orumba South,Umuomaku Primary Health Centre,BHCPF,Functional L1,South East,No internet access or network coverage,"Check which connection works at the facility, then use one: FibreX, managed mobile internet, fixed radio, satellite or network extension.",Critical gap to fix before EMR deployment,(blank),8,1,"7,219,378"
3487e55e-1944-411d-95cd-b3ef1aa1655d,Anambra,Nnewi South,Afube Health Post,Non-BHCPF,Functional L1,South East,No internet access or network coverage,"Check which connection works at the facility, then use one: FibreX, managed mobile internet, fixed radio, satellite or network extension.",Critical gap to fix before EMR deployment,(blank),14,2,"6,514,378"
93b15ea8-c105-4250-8f12-3f7cfcaf6697,Rivers,Abuaodual,Arukwo Primary Health Centre,BHCPF,Functional L1,South South,No internet access or network coverage,"Check which connection works at the facility, then use one: FibreX, managed mobile internet, fixed radio, satellite or network extension.",Critical gap to fix before EMR deployment,(blank),13,1,"7,607,712"
f9f1cc88-3581-4d37-a522-e7f5f504ae04,Niger,Paikoro,Essan Nubupi Primary Health Centre,Non-BHCPF,Partially Functional,North Central,No internet access or network coverage,"Check which connection works at the facility, then use one: FibreX, managed mobile internet, fixed radio, satellite or network extension.",Critical gap to fix before EMR deployment,(blank),15,2,"7,434,378"
fd9d17e2-3eb9-4af9-97e6-330052253ca7,Jigawa,Taura,Chukuto Primary Health Centre,BHCPF,Partially Functional,North West,No internet access or network coverage,"Check which connection works at the facility, then use one: FibreX, managed mobile internet, fixed radio, satellite or network extension.",Critical gap to fix before EMR deployment,(blank),10,1,"1,759,712"
28b6fd1f-e9cb-4524-a388-3868c3bc327c,Anambra,Orumba South,Agbudu Primary Health Centre,BHCPF,Partially Functional,South East,No internet access or network coverage,"Check which connection works at the facility, then use one: FibreX, managed mobile internet, fixed radio, satellite or network extension.",Critical gap to fix before EMR deployment,(blank),13,2,"5,739,712"
e2cdaec1-d68d-4187-80dd-b0974d4e8044,Niger,Gurara,Diko Comprehensive Primary Health Centre,BHCPF,Functional L2,North Central,No internet access or network coverage,"Check which connection works at the facility, then use one: FibreX, managed mobile internet, fixed radio, satellite or network extension.",Critical gap to fix before EMR deployment,(blank),8,1,"2,045,333"
e58d38da-8d3f-420b-9c94-7a572e77bb06,Oyo,Ibadan North East,St Mary Health Post Primary Health Centre,Non-BHCPF,Partially Functional,South West,No internet access or network coverage,"Check which connection works at the facility, then use one: FibreX, managed mobile internet, fixed radio, satellite or network extension.",Critical gap to fix before EMR deployment,(blank),13,2,"6,474,378"
1a242f64-792f-472d-93eb-f845a7457fb1,Kano,Kabo,Unguwarturaki Health Post,Non-BHCPF,Partially Functional,North West,No internet access or network coverage,"Check which connection works at the facility, then use one: FibreX, managed mobile internet, fixed radio, satellite or network extension.",Critical gap to fix before EMR deployment,(blank),15,2,"7,309,378"
00028514-2273-4425-9974-32c176c729c9,Adamawa,Michika,Wabilimi Maternal And Child Health,BHCPF,Functional L2,North East,No internet access or network coverage,"Check which connection works at the facility, then use one: FibreX, managed mobile internet, fixed radio, satellite or network extension.",Critical gap to fix before EMR deployment,(blank),18,2,"7,047,712"
3d802b4e-a037-4952-8429-b8b8ca79f6c2,Adamawa,Jada,So O Primary Health Centre,BHCPF,Functional L2,North East,No internet access or network coverage,"Check which connection works at the facility, then use one: FibreX, managed mobile internet, fixed radio, satellite or network extension.",Critical gap to fix before EMR deployment,(blank),14,2,"6,867,712"
2b13909e-bdae-49da-8075-a19e3d32bff6,Nasarawa,Keffi,Ang Jaba Primary Health Centre,BHCPF,Functional L1,North Central,No internet access or network coverage,"Check which connection works at the facility, then use one: FibreX, managed mobile internet, fixed radio, satellite or network extension.",Critical gap to fix before EMR deployment,(blank),9,1,"2,940,333"
5449619b-6d56-45f9-9737-94a7ae2b1651,Akwa Ibom,Ibesikpoasutan,Nung Udoe Model Health Centre,BHCPF,Functional L1,South South,No internet access or network coverage,"Check which connection works at the facility, then use one: FibreX, managed mobile internet, fixed radio, satellite or network extension.",Critical gap to fix before EMR deployment,(blank),13,1,"8,049,378"
ca045802-c7c5-4839-8c34-f6b128cdb3db,Akwa Ibom,Ibesikpoasutan,Ikot Obio Edim Health Centre,BHCPF,Functional L1,South South,No internet access or network coverage,"Check which connection works at the facility, then use one: FibreX, managed mobile internet, fixed radio, satellite or network extension.",Critical gap to fix before EMR deployment,(blank),13,1,"8,482,000"
bd227a8d-8f2e-4201-aa08-78fd1ec847db,Akwa Ibom,Ibesikpoasutan,Ikot Akpaedung Health Post,BHCPF,Functional L1,South South,No internet access or network coverage,"Check which connection works at the facility, then use one: FibreX, managed mobile internet, fixed radio, satellite or network extension.",Critical gap to fix before EMR deployment,(blank),11,1,"8,640,000"
975d9850-7e1b-45b7-8711-8db0c95c3e28,Akwa Ibom,Ibesikpoasutan,Ikot Nkwo Health Post,BHCPF,Partially Functional,South South,No internet access or network coverage,"Check which connection works at the facility, then use one: FibreX, managed mobile internet, fixed radio, satellite or network extension.",Critical gap to fix before EMR deployment,(blank),8,1,"1,835,333"
14400663-72d8-49f0-8e44-9cdc2642cca4,Anambra,Aguata,Nkpologwu Primary Health Centre,BHCPF,Functional L1,South East,No internet access or network coverage,"Check which connection works at the facility, then use one: FibreX, managed mobile internet, fixed radio, satellite or network extension.",Critical gap to fix before EMR deployment,(blank),11,1,"7,026,378"
2ef4c28f-bf19-4db8-ba1d-bd33321dcc8a,Adamawa,Jada,Mapeo Not Lengdo Centre Health Post Primary Health Centre,BHCPF,Functional L1,North East,No internet access or network coverage,"Check which connection works at the facility, then use one: FibreX, managed mobile internet, fixed radio, satellite or network extension.",Critical gap to fix before EMR deployment,(blank),11,1,"2,925,333"
76d8bd7f-a04e-4cb5-9487-fcc89b74f811,Jigawa,Babura,Danhalili Model Primary Health Centre,Non-BHCPF,Partially Functional,North West,No internet access or network coverage,"Check which connection works at the facility, then use one: FibreX, managed mobile internet, fixed radio, satellite or network extension.",Critical gap to fix before EMR deployment,(blank),14,2,"7,279,378"
01b99ac2-e277-4d6a-b197-f7a6d5877a57,Jigawa,Miga,Dangyatum Primary Health Centre,BHCPF,Functional L1,North West,No internet access or network coverage,"Check which connection works at the facility, then use one: FibreX, managed mobile internet, fixed radio, satellite or network extension.",Critical gap to fix before EMR deployment,(blank),7,1,"890,333"
16cce5d1-9473-4e22-8e46-174ed79b7cf5,Jigawa,Babura,Dabawa Primary Health Centre,Non-BHCPF,Partially Functional,North West,No internet access or network coverage,"Check which connection works at the facility, then use one: FibreX, managed mobile internet, fixed radio, satellite or network extension.",Critical gap to fix before EMR deployment,(blank),13,2,"7,279,378"
8a43349e-14bd-40c2-ae36-747aa62035a2,Jigawa,Babura,Duzau Primary Health Centre,Non-BHCPF,Partially Functional,North West,No internet access or network coverage,"Check which connection works at the facility, then use one: FibreX, managed mobile internet, fixed radio, satellite or network extension.",Critical gap to fix before EMR deployment,(blank),15,2,"7,434,378"
b34e5a53-09b8-4148-9a24-663975814f47,Anambra,Anaocha,Obeledu Primary Health Centre,BHCPF,Functional L1,South East,No internet access or network coverage,"Check which connection works at the facility, then use one: FibreX, managed mobile internet, fixed radio, satellite or network extension.",Critical gap to fix before EMR deployment,(blank),8,1,"2,023,333"
3ce19908-314a-40c6-94f6-4a7ecc17813e,Anambra,Orumba North,Referal Awgbu Primary Health Centre,BHCPF,Functional L1,South East,No internet access or network coverage,"Check which connection works at the facility, then use one: FibreX, managed mobile internet, fixed radio, satellite or network extension.",Critical gap to fix before EMR deployment,(blank),9,1,"2,586,378"
a9a61f84-13c3-40ce-bc55-97c5e437c2c2,Niger,Edati,Donko Health Clinic,Non-BHCPF,Partially Functional,North Central,No internet access or network coverage,"Check which connection works at the facility, then use one: FibreX, managed mobile internet, fixed radio, satellite or network extension.",Critical gap to fix before EMR deployment,(blank),19,2,"7,514,378"
e8d755f0-1653-453e-b569-94bf23b91db8,Akwa Ibom,Nsit Atai,Ikot Obon Health Centre,BHCPF,Functional L1,South South,No internet access or network coverage,"Check which connection works at the facility, then use one: FibreX, managed mobile internet, fixed radio, satellite or network extension.",Critical gap to fix before EMR deployment,(blank),15,2,"7,314,378"
1ddced8f-3e76-41da-8f48-0f7010a36867,Jigawa,Babura,Gurfai Health Post,Non-BHCPF,Partially Functional,North West,No internet access or network coverage,"Check which connection works at the facility, then use one: FibreX, managed mobile internet, fixed radio, satellite or network extension.",Critical gap to fix before EMR deployment,(blank),15,2,"7,309,378"
1dcdf911-7a36-4da9-8a79-02eea3a59ed5,Adamawa,Madagali,Wagga Maternal And Child Health,BHCPF,Partially Functional,North East,No internet access or network coverage,"Check which connection works at the facility, then use one: FibreX, managed mobile internet, fixed radio, satellite or network extension.",Critical gap to fix before EMR deployment,(blank),11,1,"3,452,000"
aafcfb47-8288-4e1a-a5c4-475fd3942c52,Anambra,Orumba South,Ndikpa Health Post,Non-BHCPF,Partially Functional,South East,No internet access or network coverage,"Check which connection works at the facility, then use one: FibreX, managed mobile internet, fixed radio, satellite or network extension.",Critical gap to fix before EMR deployment,(blank),14,2,"6,534,378"
e8f38be1-390d-4d4f-b41a-501c6e40c13b,Niger,Tafa,Garam Model Primary Health Centre,BHCPF,Functional L1,North Central,No internet access or network coverage,"Check which connection works at the facility, then use one: FibreX, managed mobile internet, fixed radio, satellite or network extension.",Critical gap to fix before EMR deployment,(blank),11,1,"2,386,378"
78d475a5-b71f-47d4-8a6c-605cd965be6b,Niger,Tafa,Azu Primary Health Centre,Non-BHCPF,Partially Functional,North Central,No internet access or network coverage,"Check which connection works at the facility, then use one: FibreX, managed mobile internet, fixed radio, satellite or network extension.",Critical gap to fix before EMR deployment,(blank),13,2,"7,204,378"
71b50278-05f6-447d-ad93-02d2194be593,Kano,Nassarawa,Mallam Shaibu T Wada Medical Centre,BHCPF,Functional L1,North West,No internet access or network coverage,"Check which connection works at the facility, then use one: FibreX, managed mobile internet, fixed radio, satellite or network extension.",Critical gap to fix before EMR deployment,(blank),13,1,"7,666,378"
1affd78e-5cba-4f76-ae5c-8576e185745c,Akwa Ibom,Nsit Atai,Iwok Health Post,BHCPF,Functional L1,South South,No internet access or network coverage,"Check which connection works at the facility, then use one: FibreX, managed mobile internet, fixed radio, satellite or network extension.",Critical gap to fix before EMR deployment,(blank),12,1,"7,512,000"
4e6eef6a-f0c1-4e2d-a8f4-be2df116ab8a,Kano,Kumbotso,Maikalwa Health Clinic,Non-BHCPF,Functional L1,North West,No internet access or network coverage,"Check which connection works at the facility, then use one: FibreX, managed mobile internet, fixed radio, satellite or network extension.",Critical gap to fix before EMR deployment,(blank),15,2,"6,534,378"
9a3936c1-17c0-4a27-a596-0875fa32d1c3,Niger,Kontagora,Seidu Namaska Primary Health Centre,Non-BHCPF,Partially Functional,North Central,No internet access or network coverage,"Check which connection works at the facility, then use one: FibreX, managed mobile internet, fixed radio, satellite or network extension.",Critical gap to fix before EMR deployment,(blank),11,2,"6,454,378"
a0148355-4e62-4d32-9b8d-66ddfb61dc73,Niger,Tafa,Kata Sarki Primary Health Centre,BHCPF,Functional L1,North Central,No internet access or network coverage,"Check which connection works at the facility, then use one: FibreX, managed mobile internet, fixed radio, satellite or network extension.",Critical gap to fix before EMR deployment,(blank),13,1,"3,734,378"
7748509b-1642-4fed-9b0e-80265c40e574,Niger,Tafa,Ijah Gbagyi Basic Health Centre,BHCPF,Functional L1,North Central,No internet access or network coverage,"Check which connection works at the facility, then use one: FibreX, managed mobile internet, fixed radio, satellite or network extension.",Critical gap to fix before EMR deployment,(blank),14,1,"3,437,712"
ecf8eea6-437f-429d-9a3b-0bb8a63015e7,Akwa Ibom,Ndung Uko,Ukukudung Health Post,BHCPF,Partially Functional,South South,No internet access or network coverage,"Check which connection works at the facility, then use one: FibreX, managed mobile internet, fixed radio, satellite or network extension.",Critical gap to fix before EMR deployment,(blank),11,2,"6,499,378"
b3280ef4-8190-4be3-ab84-50576dc2b0e8,Akwa Ibom,Ndung Uko,Ekim Health Centre,BHCPF,Partially Functional,South South,No internet access or network coverage,"Check which connection works at the facility, then use one: FibreX, managed mobile internet, fixed radio, satellite or network extension.",Critical gap to fix before EMR deployment,(blank),11,2,"7,174,378"
0094730a-484e-4fa7-a0e3-1f90422e48af,Nasarawa,Lafia,Kwandare Comprehensive Health Centre,Non-BHCPF,Functional L1,North Central,No internet access or network coverage,"Check which connection works at the facility, then use one: FibreX, managed mobile internet, fixed radio, satellite or network extension.",Critical gap to fix before EMR deployment,(blank),9,1,"2,409,712"
193b2c03-0384-497a-bc3b-b9a5b14aa462,Niger,Lapai,Duma Primary Health Centre,BHCPF,Functional L1,North Central,No internet access or network coverage,"Check which connection works at the facility, then use one: FibreX, managed mobile internet, fixed radio, satellite or network extension.",Critical gap to fix before EMR deployment,(blank),7,1,"2,370,333"
cd3ab469-6c56-466a-a579-7a5d876ccd71,Nasarawa,Lafia,Shabu Maternal And Child Health Centre,BHCPF,Functional L2,North Central,No internet access or network coverage,"Check which connection works at the facility, then use one: FibreX, managed mobile internet, fixed radio, satellite or network extension.",Critical gap to fix before EMR deployment,(blank),14,1,"3,537,712"
c463c68b-bde2-4a66-8ed6-4582468fbc29,Adamawa,Hong,Dilwachira Primary Health Centre,Non-BHCPF,Partially Functional,North East,No internet access or network coverage,"Check which connection works at the facility, then use one: FibreX, managed mobile internet, fixed radio, satellite or network extension.",Critical gap to fix before EMR deployment,(blank),14,2,"6,559,378"
52e5610f-4151-4ce2-8736-c9e3d3fc4a9c,Oyo,Surulere,Oy Laege Primary Health Centre,BHCPF,Partially Functional,South West,No internet access or network coverage,"Check which connection works at the facility, then use one: FibreX, managed mobile internet, fixed radio, satellite or network extension.",Critical gap to fix before EMR deployment,(blank),9,1,"2,616,378"
28754f72-d41c-43cc-856b-1526a6a6615b,Jigawa,Auyo,Safa Karfi Primary Health Centre,Non-BHCPF,Partially Functional,North West,No internet access or network coverage,"Check which connection works at the facility, then use one: FibreX, managed mobile internet, fixed radio, satellite or network extension.",Critical gap to fix before EMR deployment,(blank),16,2,"7,434,378"
10fb9c68-5f14-4ad9-a58c-6819dc5a9173,Kano,Ungogo,Zaura Babba Primary Health Centre,BHCPF,Partially Functional,North West,No internet access or network coverage,"Check which connection works at the facility, then use one: FibreX, managed mobile internet, fixed radio, satellite or network extension.",Critical gap to fix before EMR deployment,(blank),15,2,"6,256,378"
741ae5e7-3800-4977-b124-0e57cfa24120,Jigawa,Auyo,Safa Health Post,Non-BHCPF,Partially Functional,North West,No internet access or network coverage,"Check which connection works at the facility, then use one: FibreX, managed mobile internet, fixed radio, satellite or network extension.",Critical gap to fix before EMR deployment,(blank),16,2,"7,434,378"
1b2e2e74-9322-463e-9050-0c1942e49216,Niger,Tafa,Angwan Hausawa Primary Health Centre,BHCPF,Functional L1,North Central,No internet access or network coverage,"Check which connection works at the facility, then use one: FibreX, managed mobile internet, fixed radio, satellite or network extension.",Critical gap to fix before EMR deployment,(blank),11,1,"3,586,378"
c519f438-b63a-49f8-a922-dc2c246a15fc,Anambra,Anambra East,Nsugbe Primary Health Centre,BHCPF,Functional L1,South East,No internet access or network coverage,"Check which connection works at the facility, then use one: FibreX, managed mobile internet, fixed radio, satellite or network extension.",Critical gap to fix before EMR deployment,(blank),8,1,"2,536,378"
b5c96091-62de-4490-b0f2-3ea522eb8345,Akwa Ibom,Okobo,Ekeya Health Centre,BHCPF,Partially Functional,South South,No internet access or network coverage,"Check which connection works at the facility, then use one: FibreX, managed mobile internet, fixed radio, satellite or network extension.",Critical gap to fix before EMR deployment,(blank),11,1,"7,516,378"
d1d6e1e4-b834-4fff-bd28-95fd9e7cdafb,Oyo,Surulere,Ajase Health Centre,Non-BHCPF,Partially Functional,South West,No internet access or network coverage,"Check which connection works at the facility, then use one: FibreX, managed mobile internet, fixed radio, satellite or network extension.",Critical gap to fix before EMR deployment,(blank),12,2,"6,816,378"
d0a7e47f-fb1e-40cd-a748-dc1ed74c3cff,Niger,Tafa,Aso Primary Health Centre,BHCPF,Functional L2,North Central,No internet access or network coverage,"Check which connection works at the facility, then use one: FibreX, managed mobile internet, fixed radio, satellite or network extension.",Critical gap to fix before EMR deployment,(blank),11,1,"8,306,378"
92f80458-b575-4c30-8895-da562139f5f6,Akwa Ibom,Ikot Abasi,Essene Health Centre,BHCPF,Partially Functional,South South,No internet access or network coverage,"Check which connection works at the facility, then use one: FibreX, managed mobile internet, fixed radio, satellite or network extension.",Critical gap to fix before EMR deployment,(blank),14,2,"6,812,712"
a750d5c8-1985-479e-817e-0edf9ac6e24a,Akwa Ibom,Ibiono Ibom,Idoro Comprehensive Health Centre,BHCPF,Functional L1,South South,No internet access or network coverage,"Check which connection works at the facility, then use one: FibreX, managed mobile internet, fixed radio, satellite or network extension.",Critical gap to fix before EMR deployment,(blank),13,1,"4,554,378"
ae3db4b7-d001-4d69-bb5e-94e1c4718760,Akwa Ibom,Etinan,Ndon Eyo Health Post,Non-BHCPF,Partially Functional,South South,No internet access or network coverage,"Check which connection works at the facility, then use one: FibreX, managed mobile internet, fixed radio, satellite or network extension.",Critical gap to fix before EMR deployment,(blank),14,2,"7,264,378"
bcc91524-e34e-4416-97e1-8adefe543278,Niger,Tafa,Karfe Primary Health Centre,BHCPF,Functional L1,North Central,No internet access or network coverage,"Check which connection works at the facility, then use one: FibreX, managed mobile internet, fixed radio, satellite or network extension.",Critical gap to fix before EMR deployment,(blank),11,1,"6,374,712"
3a5f21d7-bd2f-465e-ada4-e97ad5a6e3dc,Akwa Ibom,Etinan,Akpasak Efa Health Post,BHCPF,Partially Functional,South South,No internet access or network coverage,"Check which connection works at the facility, then use one: FibreX, managed mobile internet, fixed radio, satellite or network extension.",Critical gap to fix before EMR deployment,(blank),14,1,"8,104,378"
c38ae8e7-e624-4b73-9ad9-f0b4ff629367,Niger,Shiroro,Kuta Maternal And Child Health,BHCPF,Functional L1,North Central,No internet access or network coverage,"Check which connection works at the facility, then use one: FibreX, managed mobile internet, fixed radio, satellite or network extension.",Critical gap to fix before EMR deployment,(blank),5,1,"282,000"
ad870352-7cd2-4146-a45d-e593d137268d,Akwa Ibom,Etinan,Iwo Etor Health Centre,BHCPF,Functional L2,South South,No internet access or network coverage,"Check which connection works at the facility, then use one: FibreX, managed mobile internet, fixed radio, satellite or network extension.",Critical gap to fix before EMR deployment,(blank),11,2,"6,570,000"
32509967-afe9-4cd0-b571-8f451cd75f1c,Niger,Tafa,Gauraka Model Primary Health Centre,BHCPF,Functional L1,North Central,No internet access or network coverage,"Check which connection works at the facility, then use one: FibreX, managed mobile internet, fixed radio, satellite or network extension.",Critical gap to fix before EMR deployment,(blank),10,1,"1,865,333"
3a6f5fd0-596f-4255-8c64-38a48841c020,Niger,Kontagora,Central Primary Health Centre,BHCPF,Functional L1,North Central,No internet access or network coverage,"Check which connection works at the facility, then use one: FibreX, managed mobile internet, fixed radio, satellite or network extension.",Critical gap to fix before EMR deployment,(blank),9,1,"5,721,378"
f4b3fe0e-7133-47b5-b1c3-9b6d04264a2f,Niger,Kontagora,Mai Dubu Primary Health Centre,BHCPF,Functional L1,North Central,No internet access or network coverage,"Check which connection works at the facility, then use one: FibreX, managed mobile internet, fixed radio, satellite or network extension.",Critical gap to fix before EMR deployment,(blank),6,1,"321,378"
ae42fee4-5342-486b-ad4e-1e6c84ed913e,Niger,Kontagora,Tukura Primary Health Centre,BHCPF,Functional L1,North Central,No internet access or network coverage,"Check which connection works at the facility, then use one: FibreX, managed mobile internet, fixed radio, satellite or network extension.",Critical gap to fix before EMR deployment,(blank),7,1,"5,596,378"
961bbb8f-7152-4dac-a1f2-24145ed6f2f9,Anambra,Anambra East,Abube Agu Primary Health Centre,BHCPF,Functional L1,South East,No internet access or network coverage,"Check which connection works at the facility, then use one: FibreX, managed mobile internet, fixed radio, satellite or network extension.",Critical gap to fix before EMR deployment,(blank),11,1,"3,237,712"
9b3d668f-d333-47b0-b543-219a5af647b6,Oyo,Ibadan North West,Onireke Primary Health Centre,BHCPF,Functional L1,South West,No internet access or network coverage,"Check which connection works at the facility, then use one: FibreX, managed mobile internet, fixed radio, satellite or network extension.",Critical gap to fix before EMR deployment,(blank),11,1,"6,687,712"
93556d23-336a-4108-b504-bc799fb8efab,Niger,Agwara,Mahuta Primary Health Centre,BHCPF,Functional L2,North Central,No internet access or network coverage,"Check which connection works at the facility, then use one: FibreX, managed mobile internet, fixed radio, satellite or network extension.",Critical gap to fix before EMR deployment,(blank),13,2,"6,737,712"
f36f6539-dbae-4daf-867a-b198e0fb0615,Niger,Agwara,Kasabu Primary Health Centre,BHCPF,Functional L1,North Central,No internet access or network coverage,"Check which connection works at the facility, then use one: FibreX, managed mobile internet, fixed radio, satellite or network extension.",Critical gap to fix before EMR deployment,(blank),12,1,"3,049,712"
7560f146-c079-4b41-90fb-d9f931f2fefc,Anambra,Orumba South,Umuchukwu Primary Health Centre,BHCPF,Partially Functional,South East,No internet access or network coverage,"Check which connection works at the facility, then use one: FibreX, managed mobile internet, fixed radio, satellite or network extension.",Critical gap to fix before EMR deployment,(blank),14,2,"6,674,378"
904f2f6d-2e4f-41a0-9e12-fcfc12508e1d,Niger,Lapai,Lapai Comprehensive Health Centre,BHCPF,Functional L2,North Central,No internet access or network coverage,"Check which connection works at the facility, then use one: FibreX, managed mobile internet, fixed radio, satellite or network extension.",Critical gap to fix before EMR deployment,(blank),5,1,"435,333"
d820765e-8d47-40f8-89d3-5b862388a304,Kano,Kura,Dan Hassan Health Post,Non-BHCPF,Partially Functional,North West,No internet access or network coverage,"Check which connection works at the facility, then use one: FibreX, managed mobile internet, fixed radio, satellite or network extension.",Critical gap to fix before EMR deployment,(blank),12,2,"7,204,378"
db9136ee-0fee-40c6-8d8a-f7960fe35df0,Akwa Ibom,Eastern Obolo,Okoroette Primary Health Centre,BHCPF,Functional L2,South South,No internet access or network coverage,"Check which connection works at the facility, then use one: FibreX, managed mobile internet, fixed radio, satellite or network extension.",Critical gap to fix before EMR deployment,(blank),16,2,"6,659,378"
147704da-896c-4e5c-9a28-e11a2e78defc,Akwa Ibom,Eastern Obolo,Atabrikang Health Post,BHCPF,Functional L1,South South,No internet access or network coverage,"Check which connection works at the facility, then use one: FibreX, managed mobile internet, fixed radio, satellite or network extension.",Critical gap to fix before EMR deployment,(blank),19,2,"7,514,378"
fc353ac3-0616-4763-80fe-8ccdfe8e625c,Adamawa,Maiha,Maiha Gari Maternal And Child Health,BHCPF,Functional L1,North East,No internet access or network coverage,"Check which connection works at the facility, then use one: FibreX, managed mobile internet, fixed radio, satellite or network extension.",Critical gap to fix before EMR deployment,(blank),9,1,"1,619,712"
c6a48c65-8d7b-4d0b-9fbd-b887a6ec0686,Akwa Ibom,Eket,Effoi Health Centre,BHCPF,Functional L1,South South,No internet access or network coverage,"Check which connection works at the facility, then use one: FibreX, managed mobile internet, fixed radio, satellite or network extension.",Critical gap to fix before EMR deployment,(blank),8,1,"2,132,000"
027c0d0c-2e98-4862-b1fa-6c8dfc21e27a,Akwa Ibom,Eket,Idung Iniang Health Centre,BHCPF,Functional L2,South South,No internet access or network coverage,"Check which connection works at the facility, then use one: FibreX, managed mobile internet, fixed radio, satellite or network extension.",Critical gap to fix before EMR deployment,(blank),11,1,"6,766,378"
ee196903-83e5-4c12-b35d-e45643a4e703,Akwa Ibom,Eket,Ikot Ebok Poly Operational Base Clinic,BHCPF,Functional L2,South South,No internet access or network coverage,"Check which connection works at the facility, then use one: FibreX, managed mobile internet, fixed radio, satellite or network extension.",Critical gap to fix before EMR deployment,(blank),8,1,"1,764,712"
c7bffeb8-11e3-4d39-a107-af657e762450,Adamawa,Gombi,Gombi A Primary Health Centre,BHCPF,Functional L1,North East,No internet access or network coverage,"Check which connection works at the facility, then use one: FibreX, managed mobile internet, fixed radio, satellite or network extension.",Critical gap to fix before EMR deployment,(blank),13,1,"8,079,378"
919809c5-318f-4f08-9441-3382d0045e43,Akwa Ibom,Ibiono Ibom,Ikot Edung Health Centre,BHCPF,Functional L1,South South,No internet access or network coverage,"Check which connection works at the facility, then use one: FibreX, managed mobile internet, fixed radio, satellite or network extension.",Critical gap to fix before EMR deployment,(blank),14,2,"7,234,378"
5c018c7e-dd1d-418a-a624-344b52cd25b4,Akwa Ibom,Ibiono Ibom,Nsan Health Centre,BHCPF,Functional L1,South South,No internet access or network coverage,"Check which connection works at the facility, then use one: FibreX, managed mobile internet, fixed radio, satellite or network extension.",Critical gap to fix before EMR deployment,(blank),13,1,"7,934,378"
9b07ef27-8194-44c6-95ec-265314e697b8,Nasarawa,Karu,Gurku Primary Health Centre,BHCPF,Functional L1,North Central,No internet access or network coverage,"Check which connection works at the facility, then use one: FibreX, managed mobile internet, fixed radio, satellite or network extension.",Critical gap to fix before EMR deployment,(blank),11,1,"8,248,333"
2efe9e3a-76ca-4753-8024-8e99863dd16e,Jigawa,Birnin Kudu,Badungu Primary Health Centre,BHCPF,Functional L2,North West,No internet access or network coverage,"Check which connection works at the facility, then use one: FibreX, managed mobile internet, fixed radio, satellite or network extension.",Critical gap to fix before EMR deployment,(blank),11,1,"2,995,333"
236f2c70-b896-468e-a414-ef5df379a25f,Niger,Bida,Laruta Primary Health Centre,BHCPF,Functional L1,North Central,No internet access or network coverage,"Check which connection works at the facility, then use one: FibreX, managed mobile internet, fixed radio, satellite or network extension.",Critical gap to fix before EMR deployment,(blank),12,1,"6,717,712"
e2d9f6f6-7f77-4a67-9d01-52f3e0073239,Akwa Ibom,Esit Eket,Etebi Health Centre,BHCPF,Functional L1,South South,No internet access or network coverage,"Check which connection works at the facility, then use one: FibreX, managed mobile internet, fixed radio, satellite or network extension.",Critical gap to fix before EMR deployment,(blank),10,1,"7,860,333"
37f136cc-fb59-4cbf-ac2f-5e2700ca1beb,Niger,Lavun,Doko Primary Health Centre Lavun,BHCPF,Functional L1,North Central,No internet access or network coverage,"Check which connection works at the facility, then use one: FibreX, managed mobile internet, fixed radio, satellite or network extension.",Critical gap to fix before EMR deployment,(blank),13,1,"3,804,712"
7aec16cc-007f-4f72-a77e-53ae8948d6ee,Niger,Kontagora,M C H Clinic,BHCPF,Functional L1,North Central,No internet access or network coverage,"Check which connection works at the facility, then use one: FibreX, managed mobile internet, fixed radio, satellite or network extension.",Critical gap to fix before EMR deployment,(blank),9,1,"5,721,378"
c35aa348-d431-4b87-8a61-f7e3bc6c4ab8,Niger,Kontagora,Nasarawa Primary Health Centre,BHCPF,Functional L2,North Central,No internet access or network coverage,"Check which connection works at the facility, then use one: FibreX, managed mobile internet, fixed radio, satellite or network extension.",Critical gap to fix before EMR deployment,(blank),9,1,"5,721,378"
0099bfec-48c3-4323-81bf-da85bfd1832d,Niger,Bida,Etsu Yahaya Primary Health Centre,BHCPF,Functional L1,North Central,No internet access or network coverage,"Check which connection works at the facility, then use one: FibreX, managed mobile internet, fixed radio, satellite or network extension.",Critical gap to fix before EMR deployment,(blank),13,1,"6,294,378"
9f8c7ffa-bfe9-46d8-b28d-a33fad23122d,Akwa Ibom,Eastern Obolo,Iko Primary Health Centre,BHCPF,Functional L1,South South,No internet access or network coverage,"Check which connection works at the facility, then use one: FibreX, managed mobile internet, fixed radio, satellite or network extension.",Critical gap to fix before EMR deployment,(blank),14,1,"7,339,378"
5710a3a6-538d-468c-a9db-fb7e4702a9ea,Akwa Ibom,Esit Eket,Ekpene Obo Health Post,BHCPF,Functional L1,South South,No internet access or network coverage,"Check which connection works at the facility, then use one: FibreX, managed mobile internet, fixed radio, satellite or network extension.",Critical gap to fix before EMR deployment,(blank),10,2,"6,161,378"
e90cef7d-738a-4f65-94ce-63635c779864,Anambra,Orumba South,Isulo Primary Health Centre,BHCPF,Functional L1,South East,No internet access or network coverage,"Check which connection works at the facility, then use one: FibreX, managed mobile internet, fixed radio, satellite or network extension.",Critical gap to fix before EMR deployment,(blank),12,1,"7,279,378"
f336e2ab-1506-4591-b067-7bf45f8cc514,Akwa Ibom,Okobo,Odobo Health Centre,BHCPF,Partially Functional,South South,No internet access or network coverage,"Check which connection works at the facility, then use one: FibreX, managed mobile internet, fixed radio, satellite or network extension.",Critical gap to fix before EMR deployment,(blank),15,1,"8,009,378"
3d6b3188-d17e-4953-9e84-737ef41eeb63,Akwa Ibom,Eastern Obolo,Okorombokho Health Post,BHCPF,Functional L1,South South,No internet access or network coverage,"Check which connection works at the facility, then use one: FibreX, managed mobile internet, fixed radio, satellite or network extension.",Critical gap to fix before EMR deployment,(blank),16,2,"6,247,712"
6cf106e3-8289-42ba-9d0d-338470e41803,Akwa Ibom,Essien Udim,Odoro Ikot 2 Health Centre,BHCPF,Functional L1,South South,No internet access or network coverage,"Check which connection works at the facility, then use one: FibreX, managed mobile internet, fixed radio, satellite or network extension.",Critical gap to fix before EMR deployment,(blank),16,1,"7,626,378"
4a65213b-e05b-4d5c-890b-26a6601a28bf,Niger,Lavun,Gaba Primary Health Centre,BHCPF,Functional L1,North Central,No internet access or network coverage,"Check which connection works at the facility, then use one: FibreX, managed mobile internet, fixed radio, satellite or network extension.",Critical gap to fix before EMR deployment,(blank),6,1,"757,712"
7829a8a9-15f2-46bb-aaaa-04802e420858,Akwa Ibom,Etinan,Ikot Udo Oto Primary Health Centre,BHCPF,Functional L1,South South,No internet access or network coverage,"Check which connection works at the facility, then use one: FibreX, managed mobile internet, fixed radio, satellite or network extension.",Critical gap to fix before EMR deployment,(blank),12,1,"7,707,000"
e388e89a-7594-4cdd-9c31-1aede2f1af0a,Niger,Shiroro,Gunu Basic Health Centre,BHCPF,Functional L2,North Central,No internet access or network coverage,"Check which connection works at the facility, then use one: FibreX, managed mobile internet, fixed radio, satellite or network extension.",Critical gap to fix before EMR deployment,(blank),9,1,"1,659,712"
981a149f-ddad-416e-8dd8-bee07c5adbbb,Akwa Ibom,Okobo,Eastern Okobo Health Centre,BHCPF,Partially Functional,South South,No internet access or network coverage,"Check which connection works at the facility, then use one: FibreX, managed mobile internet, fixed radio, satellite or network extension.",Critical gap to fix before EMR deployment,(blank),13,2,"7,204,378"
32f9b452-1764-4153-8b43-0d5d363907b4,Niger,Bida,Dokodza Primary Health Centre,BHCPF,Functional L2,North Central,No internet access or network coverage,"Check which connection works at the facility, then use one: FibreX, managed mobile internet, fixed radio, satellite or network extension.",Critical gap to fix before EMR deployment,(blank),16,1,"2,797,712"
1e2bf7c2-cc2b-426b-a4d9-d4dad75165c8,Anambra,Anambra East,Otuocha Maternal And Child Health,BHCPF,Functional L1,South East,No internet access or network coverage,"Check which connection works at the facility, then use one: FibreX, managed mobile internet, fixed radio, satellite or network extension.",Critical gap to fix before EMR deployment,(blank),9,1,"2,457,712"
2c568c28-2f7d-4fdd-91a7-cf3fdb49c5f9,Akwa Ibom,Nsit Atai,Ikot Otu Health Post,BHCPF,Functional L1,South South,No internet access or network coverage,"Check which connection works at the facility, then use one: FibreX, managed mobile internet, fixed radio, satellite or network extension.",Critical gap to fix before EMR deployment,(blank),12,1,"3,734,378"
1983dae9-85af-4511-9fa5-7a4a2ae7b7dc,Akwa Ibom,Ika,Nto Uso Health Centre,BHCPF,Partially Functional,South South,No internet access or network coverage,"Check which connection works at the facility, then use one: FibreX, managed mobile internet, fixed radio, satellite or network extension.",Critical gap to fix before EMR deployment,(blank),14,2,"6,609,378"
aea26fa3-f80e-4b04-a3f2-4a15b979732a,Akwa Ibom,Oron,Uya Oron Health Post,BHCPF,Partially Functional,South South,No internet access or network coverage,"Check which connection works at the facility, then use one: FibreX, managed mobile internet, fixed radio, satellite or network extension.",Critical gap to fix before EMR deployment,(blank),13,2,"5,984,378"
9c2e51b0-3fb5-4e24-9137-127bef27ccf4,Akwa Ibom,Ika,Achan Ika Health Centre,BHCPF,Partially Functional,South South,No internet access or network coverage,"Check which connection works at the facility, then use one: FibreX, managed mobile internet, fixed radio, satellite or network extension.",Critical gap to fix before EMR deployment,(blank),11,2,"5,899,378"
93151d40-99c4-464a-85ed-b05877e58100,Akwa Ibom,Ika,Ikot Udom Health Centre,BHCPF,Partially Functional,South South,No internet access or network coverage,"Check which connection works at the facility, then use one: FibreX, managed mobile internet, fixed radio, satellite or network extension.",Critical gap to fix before EMR deployment,(blank),13,1,"3,109,378"
fb6f5572-bb5b-446e-918f-02ff5fd8d9aa,Akwa Ibom,Ika,Efen Ikot Udonya Health Post,BHCPF,Partially Functional,South South,No internet access or network coverage,"Check which connection works at the facility, then use one: FibreX, managed mobile internet, fixed radio, satellite or network extension.",Critical gap to fix before EMR deployment,(blank),13,1,"3,099,378"
5bb5c158-e7d7-470c-a9a7-f1d5cd44cb27,Akwa Ibom,Ndung Uko,Eyofin Primary Health Centre,BHCPF,Partially Functional,South South,No internet access or network coverage,"Check which connection works at the facility, then use one: FibreX, managed mobile internet, fixed radio, satellite or network extension.",Critical gap to fix before EMR deployment,(blank),9,1,"1,911,378"
8d68bb46-1147-4528-a539-e895b30c1c50,Akwa Ibom,Oron,Idua Assang Health Post,BHCPF,Partially Functional,South South,No internet access or network coverage,"Check which connection works at the facility, then use one: FibreX, managed mobile internet, fixed radio, satellite or network extension.",Critical gap to fix before EMR deployment,(blank),13,2,"5,954,378"
611dd715-9ad3-492d-a3cf-9fc3f3d9bfb5,Akwa Ibom,Ndung Uko,Eyo Okponung Primary Health Centre,BHCPF,Functional L1,South South,No internet access or network coverage,"Check which connection works at the facility, then use one: FibreX, managed mobile internet, fixed radio, satellite or network extension.",Critical gap to fix before EMR deployment,(blank),10,1,"1,971,378"
8f042840-57a5-4da6-b7d7-5e5298dd685b,Kano,Bichi,Yan Dutse Health Post,BHCPF,Partially Functional,North West,No internet access or network coverage,"Check which connection works at the facility, then use one: FibreX, managed mobile internet, fixed radio, satellite or network extension.",Critical gap to fix before EMR deployment,(blank),17,2,"7,454,378"
b9ff50f4-67ea-4be6-9327-da84e4bcd782,Akwa Ibom,Ndung Uko,Eyonsek Health Centre,BHCPF,Partially Functional,South South,No internet access or network coverage,"Check which connection works at the facility, then use one: FibreX, managed mobile internet, fixed radio, satellite or network extension.",Critical gap to fix before EMR deployment,(blank),10,1,"2,641,378"
7b17bb60-dea9-46a3-9c1b-c508e7145883,Jigawa,Birnin Kudu,Samamiya Health Post,Non-BHCPF,Partially Functional,North West,No internet access or network coverage,"Check which connection works at the facility, then use one: FibreX, managed mobile internet, fixed radio, satellite or network extension.",Critical gap to fix before EMR deployment,(blank),16,2,"7,379,378"
f526f596-b395-414f-9760-d5b27fb9c2f2,Akwa Ibom,Ndung Uko,Uboro Isong Inyang Health Post,BHCPF,Functional L1,South South,No internet access or network coverage,"Check which connection works at the facility, then use one: FibreX, managed mobile internet, fixed radio, satellite or network extension.",Critical gap to fix before EMR deployment,(blank),14,2,"6,629,378"
18ad6c51-da1e-4bfc-a378-b719e8208394,Akwa Ibom,Oron,Eyo Abasi Health Post,BHCPF,Partially Functional,South South,No internet access or network coverage,"Check which connection works at the facility, then use one: FibreX, managed mobile internet, fixed radio, satellite or network extension.",Critical gap to fix before EMR deployment,(blank),15,2,"6,629,378"
4e7f3bde-3a1f-4747-b8d5-145dcd91ef03,Oyo,Ona Ara,Kehinsi Primary Health Centre,Non-BHCPF,Functional L1,South West,No internet access or network coverage,"Check which connection works at the facility, then use one: FibreX, managed mobile internet, fixed radio, satellite or network extension.",Critical gap to fix before EMR deployment,(blank),13,2,"6,529,378"
e88fad07-c506-48dd-beba-e7e6cd198637,Niger,Katcha,Matanal Child Health F S P Primary Health Centre,Non-BHCPF,Partially Functional,North Central,No internet access or network coverage,"Check which connection works at the facility, then use one: FibreX, managed mobile internet, fixed radio, satellite or network extension.",Critical gap to fix before EMR deployment,(blank),14,2,"7,234,378"
84d60a2e-1258-408a-807d-f049edc0d57a,Anambra,Orumba North,Nanka 2 Primary Health Centre,BHCPF,Functional L1,South East,No internet access or network coverage,"Check which connection works at the facility, then use one: FibreX, managed mobile internet, fixed radio, satellite or network extension.",Critical gap to fix before EMR deployment,(blank),12,1,"2,766,378"
311a6108-25b1-4d77-a6bc-45f8aa89ea14,Jigawa,Birnin Kudu,Babaldu Primary Health Centre,Non-BHCPF,Partially Functional,North West,No internet access or network coverage,"Check which connection works at the facility, then use one: FibreX, managed mobile internet, fixed radio, satellite or network extension.",Critical gap to fix before EMR deployment,(blank),14,2,"6,262,000"
10e66ca3-a66c-482f-9a3c-11d991c80b48,Akwa Ibom,Nsit Atai,Ikot Uyo Health Centre,BHCPF,Functional L1,South South,No internet access or network coverage,"Check which connection works at the facility, then use one: FibreX, managed mobile internet, fixed radio, satellite or network extension.",Critical gap to fix before EMR deployment,(blank),11,1,"6,316,378"
806da777-2121-4901-ab69-518dd0618e06,Akwa Ibom,Nsit Atai,Okoro Nsit Health Post,BHCPF,Partially Functional,South South,No internet access or network coverage,"Check which connection works at the facility, then use one: FibreX, managed mobile internet, fixed radio, satellite or network extension.",Critical gap to fix before EMR deployment,(blank),12,1,"3,734,378"
dbf49cc3-bc36-424f-80a8-3f10b116454b,Akwa Ibom,Etinan,Etinan Primary Health Centre,BHCPF,Functional L2,South South,No internet access or network coverage,"Check which connection works at the facility, then use one: FibreX, managed mobile internet, fixed radio, satellite or network extension.",Critical gap to fix before EMR deployment,(blank),13,1,"7,329,378"
b06b6de2-f7cb-4cff-8d9a-8e8b9f0e540f,Kano,Shanono,Gasawa Health Post,Non-BHCPF,Partially Functional,North West,No internet access or network coverage,"Check which connection works at the facility, then use one: FibreX, managed mobile internet, fixed radio, satellite or network extension.",Critical gap to fix before EMR deployment,(blank),17,2,"7,409,378"
667f5a84-0729-497d-9760-0812193bed7b,Kano,Albasu,Albasu Primary Health Centre Albasu,BHCPF,Functional L2,North West,No internet access or network coverage,"Check which connection works at the facility, then use one: FibreX, managed mobile internet, fixed radio, satellite or network extension.",Critical gap to fix before EMR deployment,(blank),15,1,"4,059,378"
1a67d859-56f0-42e8-bb66-d7b5c1d8f717,Kano,Albasu,Farantama Health Post,Non-BHCPF,Partially Functional,North West,No internet access or network coverage,"Check which connection works at the facility, then use one: FibreX, managed mobile internet, fixed radio, satellite or network extension.",Critical gap to fix before EMR deployment,(blank),17,2,"6,972,712"
98c5ff24-9ef6-48e3-8033-a6e417c7db8d,Kano,Albasu,Gagarame Health Post,BHCPF,Functional L1,North West,No internet access or network coverage,"Check which connection works at the facility, then use one: FibreX, managed mobile internet, fixed radio, satellite or network extension.",Critical gap to fix before EMR deployment,(blank),15,1,"2,317,712"
fad8b031-93be-4757-9cf6-e06f291decd8,Kano,Albasu,Daho Health Post,BHCPF,Partially Functional,North West,No internet access or network coverage,"Check which connection works at the facility, then use one: FibreX, managed mobile internet, fixed radio, satellite or network extension.",Critical gap to fix before EMR deployment,(blank),15,1,"6,442,712"
8a12883e-250d-4e48-a4f3-46203d3232f0,Nasarawa,Karu,Mararaba Karu Primary Health Centre,Non-BHCPF,Functional L1,North Central,No internet access or network coverage,"Check which connection works at the facility, then use one: FibreX, managed mobile internet, fixed radio, satellite or network extension.",Critical gap to fix before EMR deployment,(blank),12,1,"5,254,712"
03586134-b2d5-4897-9956-0322b10930f5,Akwa Ibom,Etinan,Ikot Udobia Primary Health Centre,BHCPF,Functional L1,South South,No internet access or network coverage,"Check which connection works at the facility, then use one: FibreX, managed mobile internet, fixed radio, satellite or network extension.",Critical gap to fix before EMR deployment,(blank),13,1,"7,214,378"
aa618e45-96ef-43ca-b73c-95c35fc0f180,Kano,Tofa,Unguwar Rimi Health Post,BHCPF,Functional L1,North West,No internet access or network coverage,"Check which connection works at the facility, then use one: FibreX, managed mobile internet, fixed radio, satellite or network extension.",Critical gap to fix before EMR deployment,(blank),9,1,"2,120,333"
fcf02495-0268-464f-9f0d-0a02cc7e4fd6,Kano,Bichi,Badume Health Post,BHCPF,Functional L1,North West,No internet access or network coverage,"Check which connection works at the facility, then use one: FibreX, managed mobile internet, fixed radio, satellite or network extension.",Critical gap to fix before EMR deployment,(blank),11,1,"2,162,712"
b4d72603-0cc4-41b9-a82b-3038ac2bbda4,Jigawa,Birnin Kudu,Dumus Health Post,Non-BHCPF,Functional L1,North West,No internet access or network coverage,"Check which connection works at the facility, then use one: FibreX, managed mobile internet, fixed radio, satellite or network extension.",Critical gap to fix before EMR deployment,(blank),15,1,"8,511,378"
